rq_time,start,end,request_id,number_passenger,no_show_status,pudo_boarding_duration,pudo_alighting_duration,no_show_status_backup
23700,482,2313,0,1,FALSE,30.69091225,30,FALSE
25080,3683,1736,1,1,FALSE,196.5143814,30,FALSE
26940,578,2122,2,1,FALSE,1.433437352,30,FALSE
28080,3414,747,3,1,FALSE,11.29070129,30,FALSE
29460,1965,1587,4,1,FALSE,44.53372419,30,FALSE
29940,3349,2860,5,1,FALSE,30.51579273,30,FALSE
30060,1014,3665,6,1,FALSE,13.85306682,30,FALSE
30120,3873,1587,7,1,FALSE,383.8669435,30,FALSE
31020,275,3562,8,1,FALSE,103.7252654,30,FALSE
31620,1786,3475,9,1,FALSE,314.5499215,30,FALSE
31860,1587,1965,10,1,TRUE,27.76689967,30,TRUE
31920,1936,2311,11,1,FALSE,145.1070564,30,FALSE
32040,1390,4023,12,1,FALSE,76.25558231,30,FALSE
32100,3689,1587,13,1,FALSE,20.84988461,30,FALSE
34200,3816,2627,14,1,FALSE,20.78153266,30,FALSE
35400,338,1014,15,1,FALSE,680.2943169,30,FALSE
35400,2311,2439,16,1,FALSE,1.053571759,30,FALSE
35760,3475,519,17,1,FALSE,3.579001823,30,FALSE
35760,1716,1901,18,1,FALSE,229.51305,30,FALSE
35940,430,1282,19,1,TRUE,26.71597113,30,TRUE
37320,3970,1815,20,1,FALSE,243.0435041,30,FALSE
37500,1271,137,21,1,FALSE,69.92213634,30,FALSE
37740,3561,1587,22,1,FALSE,56.96820016,30,FALSE
38220,2513,2834,23,1,FALSE,55.90739975,30,FALSE
39060,1734,4068,24,1,FALSE,40.18360588,30,FALSE
41100,1767,1587,25,1,FALSE,177.4099637,30,FALSE
41580,3350,3417,26,1,FALSE,165.1273426,30,FALSE
41820,3474,744,27,3,FALSE,243.0980934,30,FALSE
42240,3572,3803,28,1,FALSE,15.52937417,30,FALSE
43200,2030,236,29,2,FALSE,53.69667303,30,FALSE
44640,3805,3397,30,1,FALSE,6.811771601,30,FALSE
45060,3477,744,31,3,FALSE,107.3674687,30,FALSE
45240,2356,749,32,1,FALSE,51.96426402,30,FALSE
46560,3350,292,33,1,FALSE,7.881073725,30,FALSE
47040,553,256,34,1,FALSE,114.7687535,30,FALSE
47340,1489,4068,35,1,FALSE,93.78033715,30,FALSE
47520,2181,427,36,1,FALSE,77.3324385,30,FALSE
47700,439,2301,37,1,FALSE,60.58586657,30,FALSE
48300,314,2122,38,1,FALSE,32.73052116,30,FALSE
48420,1235,54,39,1,TRUE,296.9899804,30,TRUE
49980,3971,735,40,1,FALSE,72.05458658,30,FALSE
51120,2170,3441,41,1,FALSE,4.844439752,30,FALSE
51120,3352,2356,42,2,FALSE,27.31098254,30,FALSE
51360,3661,793,43,1,FALSE,265.9133455,30,FALSE
51600,1013,3427,44,2,FALSE,262.685138,30,FALSE
51660,3450,240,45,1,FALSE,4.809027125,30,FALSE
52320,746,1587,46,1,FALSE,14.96499935,30,FALSE
52680,748,2122,47,2,FALSE,24.2891448,30,FALSE
52680,3417,1047,48,1,FALSE,65.43320015,30,FALSE
53100,2445,3970,49,1,FALSE,19.80759182,30,FALSE
53280,2131,427,50,1,FALSE,82.72370796,30,FALSE
54000,3802,3571,51,1,FALSE,66.29418821,30,FALSE
54000,3672,1281,52,1,FALSE,1.575199738,30,FALSE
54300,1013,3427,53,2,TRUE,366.8357213,30,TRUE
54420,173,240,54,1,FALSE,307.5816623,30,FALSE
54480,184,1518,55,1,FALSE,485.8258776,30,FALSE
54600,1736,2442,56,1,FALSE,28.90982912,30,FALSE
54900,1305,3196,57,1,FALSE,375.2066237,30,FALSE
56040,571,425,58,1,FALSE,55.73132325,30,FALSE
56400,1810,1587,59,1,FALSE,122.8186165,30,FALSE
56520,1282,867,60,1,FALSE,186.030414,30,FALSE
56760,359,2404,61,1,FALSE,52.41161003,30,FALSE
56760,3805,1517,62,1,FALSE,146.0752178,30,FALSE
57300,2734,129,63,1,FALSE,43.74941177,30,FALSE
57480,1135,3474,64,1,FALSE,2.167882184,30,FALSE
57900,427,351,65,1,FALSE,7.660358479,30,FALSE
58320,2238,1736,66,1,FALSE,4.256368108,30,FALSE
59220,3347,230,67,2,FALSE,73.44000935,30,FALSE
60360,793,3350,68,1,TRUE,19.95967615,30,TRUE
61020,230,3802,69,2,FALSE,1.542365262,30,FALSE
61440,1154,2877,70,1,FALSE,10.19742346,30,FALSE
61980,3416,2687,71,1,TRUE,70.69044827,30,TRUE
62940,1793,281,72,3,FALSE,117.5097445,30,FALSE
63120,3970,3816,73,1,FALSE,34.92026564,30,FALSE
63420,1037,2122,74,1,FALSE,6.817340561,30,FALSE
63960,2229,1587,75,1,FALSE,229.7215097,30,FALSE
64920,3421,1235,76,1,FALSE,48.03111183,30,FALSE
64980,3474,571,77,1,FALSE,37.10963682,30,FALSE
65040,2130,2513,78,1,FALSE,82.63164847,30,FALSE
65640,1206,2380,79,1,FALSE,92.63657179,30,FALSE
66840,3183,1276,80,1,FALSE,76.13556936,30,FALSE
67920,3119,1587,81,1,FALSE,28.72849416,30,FALSE
76500,3568,2181,82,1,FALSE,40.37330355,30,FALSE
79140,3771,3613,83,1,FALSE,5.09253159,30,FALSE
81060,2208,2404,84,1,TRUE,1.521434324,30,TRUE
57626,1936,2311,85,1,FALSE,30.69091225,30,FALSE
46422,230,3347,86,1,FALSE,196.5143814,30,FALSE
61995,2229,1587,87,1,FALSE,1.433437352,30,FALSE
55119,1282,867,88,1,FALSE,11.29070129,30,FALSE
30160,1390,4023,89,1,FALSE,44.53372419,30,FALSE
66834,1716,1901,90,1,FALSE,30.51579273,30,FALSE
57584,1282,430,91,1,FALSE,13.85306682,30,FALSE
58370,2122,578,92,1,FALSE,383.8669435,30,FALSE
31933,2687,3416,93,1,FALSE,103.7252654,30,FALSE
46531,4068,1734,94,1,FALSE,314.5499215,30,FALSE
43133,3427,1013,95,1,TRUE,27.76689967,30,TRUE
65071,1736,2238,96,1,FALSE,145.1070564,30,FALSE
54209,1235,3421,97,1,FALSE,76.25558231,30,FALSE
60559,3474,1135,98,1,FALSE,20.84988461,30,FALSE
46758,3568,2181,99,1,FALSE,20.78153266,30,FALSE
35939,1517,3805,100,1,TRUE,680.2943169,30,TRUE
51150,2445,3970,101,1,FALSE,1.053571759,30,FALSE
29429,2860,3349,102,1,FALSE,3.579001823,30,FALSE
60300,2122,314,103,1,FALSE,229.51305,30,FALSE
53161,3816,2627,104,1,FALSE,26.71597113,30,FALSE
57429,4068,1734,105,1,FALSE,243.0435041,30,FALSE
42223,1517,3805,106,1,FALSE,69.92213634,30,FALSE
66736,2311,2439,107,1,FALSE,56.96820016,30,FALSE
63306,240,173,108,1,FALSE,55.90739975,30,FALSE
57963,3562,275,109,1,FALSE,40.18360588,30,FALSE
35393,3350,292,110,1,FALSE,177.4099637,30,FALSE
47396,1736,2238,111,1,FALSE,165.1273426,30,FALSE
28013,230,3802,112,3,FALSE,243.0980934,30,FALSE
32341,1047,3417,113,1,FALSE,15.52937417,30,FALSE
54815,3661,793,114,2,FALSE,53.69667303,30,FALSE
56979,2130,2513,115,1,FALSE,6.811771601,30,FALSE
66866,1965,1587,116,3,FALSE,107.3674687,30,FALSE
41288,173,240,117,1,FALSE,51.96426402,30,FALSE
43018,744,3474,118,1,TRUE,17.30360985,30,TRUE
47287,1305,3196,119,1,FALSE,7.881073725,30,FALSE
34595,1736,3683,120,1,FALSE,114.7687535,30,FALSE
31904,1716,1901,121,1,FALSE,93.78033715,30,FALSE
47582,2238,1736,122,1,FALSE,77.3324385,30,FALSE
35871,2877,1154,123,1,FALSE,60.58586657,30,FALSE
54474,571,425,124,1,FALSE,32.73052116,30,FALSE
46015,571,3474,125,1,FALSE,296.9899804,30,FALSE
60722,2130,2513,126,1,FALSE,72.05458658,30,FALSE
55203,2208,2404,127,1,FALSE,4.844439752,30,FALSE
40080,1815,3970,128,2,FALSE,27.31098254,30,FALSE
60772,3873,1587,129,1,FALSE,265.9133455,30,FALSE
59380,3661,793,130,2,FALSE,262.685138,30,FALSE
43951,2122,748,131,1,FALSE,4.809027125,30,FALSE
38540,2445,3970,132,1,FALSE,14.96499935,30,FALSE
54620,1736,3683,133,2,FALSE,24.2891448,30,FALSE
31859,1716,1901,134,1,TRUE,65.43320015,30,TRUE
35501,1282,430,135,1,FALSE,19.80759182,30,FALSE
25913,3477,744,136,1,FALSE,82.72370796,30,FALSE
58308,2030,236,137,1,FALSE,66.29418821,30,FALSE
54418,1736,2238,138,1,FALSE,1.575199738,30,FALSE
55730,3816,3970,139,2,FALSE,366.8357213,30,FALSE
57939,2513,2834,140,1,FALSE,307.5816623,30,FALSE
46899,1786,3475,141,1,FALSE,485.8258776,30,FALSE
51648,1965,1587,142,1,FALSE,28.90982912,30,FALSE
31892,1587,1767,143,1,FALSE,375.2066237,30,FALSE
31705,2301,439,144,1,FALSE,55.73132325,30,FALSE
54314,3475,519,145,1,FALSE,122.8186165,30,FALSE
47501,3803,3572,146,1,FALSE,186.030414,30,FALSE
51307,1206,2380,147,1,FALSE,52.41161003,30,FALSE
57586,137,1271,148,1,FALSE,146.0752178,30,FALSE
53618,3683,1736,149,1,FALSE,43.74941177,30,FALSE
51073,3802,230,150,1,FALSE,2.167882184,30,FALSE
51359,3441,2170,151,1,FALSE,7.660358479,30,FALSE
39329,1936,2311,152,1,FALSE,4.256368108,30,FALSE
27441,3350,3417,153,2,TRUE,73.44000935,30,TRUE
46126,2122,578,154,1,FALSE,19.95967615,30,FALSE
35875,2860,3349,155,2,FALSE,1.542365262,30,FALSE
45264,1901,1716,156,1,FALSE,10.19742346,30,FALSE
61603,129,2734,157,1,TRUE,70.69044827,30,TRUE
35783,3562,275,158,3,FALSE,117.5097445,30,FALSE
29243,1936,2311,159,1,FALSE,34.92026564,30,FALSE
38160,3441,2170,160,1,FALSE,6.817340561,30,FALSE
38992,1013,3427,161,1,FALSE,229.7215097,30,FALSE
54355,256,553,162,1,FALSE,48.03111183,30,FALSE
51143,2122,748,163,1,FALSE,37.10963682,30,FALSE
58056,1390,4023,164,1,FALSE,82.63164847,30,FALSE
54317,1282,430,165,1,FALSE,92.63657179,30,FALSE
45140,3816,2627,166,1,FALSE,76.13556936,30,FALSE
59836,2442,1736,167,1,FALSE,28.72849416,30,FALSE
33377,3477,744,168,1,FALSE,40.37330355,30,FALSE
26738,3970,1815,169,1,FALSE,5.09253159,30,FALSE
30013,359,2404,170,1,FALSE,1.521434324,30,FALSE
56402,230,3347,171,1,TRUE,30.69091225,30,TRUE
47244,1281,3672,172,1,FALSE,196.5143814,30,FALSE
32726,1587,3119,173,1,FALSE,1.433437352,30,FALSE
48587,1786,3475,174,1,FALSE,11.29070129,30,FALSE
32173,281,1793,175,1,FALSE,44.53372419,30,FALSE
55095,3562,275,176,1,FALSE,30.51579273,30,FALSE
46702,427,2181,177,1,FALSE,13.85306682,30,FALSE
43348,735,3971,178,1,FALSE,383.8669435,30,FALSE
39265,1587,3873,179,1,FALSE,103.7252654,30,FALSE
53133,3562,275,180,1,FALSE,314.5499215,30,FALSE
42070,2356,3352,181,1,TRUE,27.76689967,30,TRUE
30075,1235,54,182,1,FALSE,145.1070564,30,FALSE
31540,3613,3771,183,1,FALSE,76.25558231,30,FALSE
66088,3562,275,184,1,FALSE,20.84988461,30,FALSE
63993,3805,3397,185,1,FALSE,20.78153266,30,FALSE
55429,3572,3803,186,1,FALSE,680.2943169,30,FALSE
37590,2301,439,187,1,FALSE,1.053571759,30,FALSE
66863,338,1014,188,1,FALSE,3.579001823,30,FALSE
58131,3568,2181,189,1,FALSE,229.51305,30,FALSE
56370,571,425,190,1,FALSE,26.71597113,30,FALSE
46531,2208,2404,191,1,FALSE,243.0435041,30,FALSE
37795,3802,3571,192,1,FALSE,69.92213634,30,FALSE
30484,1736,2238,193,1,FALSE,56.96820016,30,FALSE
63894,2442,1736,194,1,FALSE,55.90739975,30,FALSE
46906,1810,1587,195,1,FALSE,40.18360588,30,FALSE
35685,338,1014,196,1,FALSE,177.4099637,30,FALSE
39476,1815,3970,197,1,FALSE,165.1273426,30,FALSE
51621,137,1271,198,3,TRUE,243.0980934,30,TRUE
34323,748,2122,199,1,FALSE,15.52937417,30,FALSE
61841,2380,1206,200,2,FALSE,53.69667303,30,FALSE
57582,3873,1587,201,1,FALSE,6.811771601,30,FALSE
56491,430,1282,202,3,FALSE,107.3674687,30,FALSE
45966,3672,1281,203,1,FALSE,51.96426402,30,FALSE
53265,3352,2356,204,1,FALSE,17.30360985,30,FALSE
51727,3568,2181,205,1,FALSE,7.881073725,30,FALSE
54029,3970,1815,206,1,FALSE,114.7687535,30,FALSE
30244,3572,3803,207,1,FALSE,93.78033715,30,FALSE
45253,3816,2627,208,1,FALSE,77.3324385,30,FALSE
28122,439,2301,209,1,FALSE,60.58586657,30,FALSE
48485,519,3475,210,1,FALSE,32.73052116,30,FALSE
41220,2208,2404,211,1,FALSE,296.9899804,30,FALSE
31962,2404,2208,212,1,FALSE,72.05458658,30,FALSE
31056,3771,3613,213,1,TRUE,4.844439752,30,TRUE
51949,3970,1815,214,2,FALSE,27.31098254,30,FALSE
33624,2356,3352,215,1,FALSE,265.9133455,30,FALSE
64875,236,2030,216,2,FALSE,262.685138,30,FALSE
51736,2311,1936,217,1,FALSE,4.809027125,30,FALSE
41748,1734,4068,218,1,FALSE,14.96499935,30,FALSE
52232,1965,1587,219,2,FALSE,24.2891448,30,FALSE
26955,4068,1734,220,1,FALSE,65.43320015,30,FALSE
65812,427,351,221,1,FALSE,19.80759182,30,FALSE
47875,359,2404,222,1,FALSE,82.72370796,30,FALSE
58057,744,3474,223,1,FALSE,66.29418821,30,FALSE
30220,1587,1810,224,1,FALSE,1.575199738,30,FALSE
47921,3805,3397,225,2,FALSE,366.8357213,30,FALSE
48088,2513,2834,226,1,FALSE,307.5816623,30,FALSE
65054,275,3562,227,1,FALSE,485.8258776,30,FALSE
51711,425,571,228,1,FALSE,28.90982912,30,FALSE
47650,3350,793,229,1,FALSE,375.2066237,30,FALSE
37621,1815,3970,230,1,FALSE,55.73132325,30,FALSE
41133,1013,3427,231,1,FALSE,122.8186165,30,FALSE
49728,3441,2170,232,1,FALSE,186.030414,30,FALSE
46209,3397,3805,233,1,FALSE,52.41161003,30,FALSE
26931,3970,3816,234,1,FALSE,146.0752178,30,FALSE
60312,1014,3665,235,1,FALSE,43.74941177,30,FALSE
63362,314,2122,236,1,FALSE,2.167882184,30,FALSE
31981,425,571,237,1,FALSE,7.660358479,30,FALSE
51282,1014,338,238,1,FALSE,4.256368108,30,FALSE
31022,2122,748,239,2,TRUE,73.44000935,30,TRUE
54336,1736,2238,240,1,FALSE,19.95967615,30,FALSE
38169,3802,3571,241,2,FALSE,1.542365262,30,FALSE
54568,2404,2208,242,1,FALSE,10.19742346,30,FALSE
56618,2734,129,243,1,TRUE,70.69044827,30,TRUE
57330,793,3350,244,3,FALSE,117.5097445,30,FALSE
31015,3475,519,245,1,FALSE,34.92026564,30,FALSE
64279,129,2734,246,1,FALSE,6.817340561,30,FALSE
35753,1281,3672,247,1,FALSE,229.7215097,30,FALSE
28153,2627,3816,248,1,FALSE,48.03111183,30,FALSE
51185,4023,1390,249,1,FALSE,37.10963682,30,FALSE
42953,351,427,250,1,FALSE,82.63164847,30,FALSE
60495,3427,1013,251,1,FALSE,92.63657179,30,FALSE
59224,1793,281,252,1,FALSE,76.13556936,30,FALSE
40518,2627,3816,253,1,FALSE,28.72849416,30,FALSE
65534,1716,1901,254,1,FALSE,40.37330355,30,FALSE
38755,571,3474,255,1,FALSE,5.09253159,30,FALSE
48973,2404,2208,256,1,FALSE,1.521434324,30,FALSE
37463,1587,746,257,1,FALSE,30.69091225,30,FALSE
65013,867,1282,258,1,FALSE,196.5143814,30,FALSE
33040,230,3347,259,1,FALSE,1.433437352,30,FALSE
28155,3349,2860,260,1,FALSE,11.29070129,30,FALSE
46072,281,1793,261,1,FALSE,44.53372419,30,FALSE
68062,3427,1013,262,1,FALSE,30.51579273,30,FALSE
63224,3416,2687,263,1,FALSE,13.85306682,30,FALSE
56801,2122,578,264,1,FALSE,383.8669435,30,FALSE
63160,3805,3397,265,1,FALSE,103.7252654,30,FALSE
63459,2122,748,266,1,FALSE,314.5499215,30,FALSE
40274,2513,2130,267,1,FALSE,145.1070564,30,FALSE
57699,3441,2170,268,1,FALSE,76.25558231,30,FALSE
54373,2131,427,269,1,TRUE,20.84988461,30,TRUE
43288,1793,281,270,1,FALSE,20.78153266,30,FALSE
30048,735,3971,271,1,FALSE,680.2943169,30,FALSE
56710,2030,236,272,1,FALSE,1.053571759,30,FALSE
37782,236,2030,273,1,FALSE,3.579001823,30,FALSE
64822,3475,1786,274,1,FALSE,229.51305,30,FALSE
36566,1014,338,275,1,FALSE,26.71597113,30,FALSE
31500,2356,749,276,1,FALSE,243.0435041,30,FALSE
60833,3427,1013,277,1,FALSE,69.92213634,30,FALSE
32198,3119,1587,278,1,FALSE,56.96820016,30,FALSE
34355,2122,314,279,1,FALSE,55.90739975,30,FALSE
52584,3970,3816,280,1,FALSE,40.18360588,30,FALSE
62847,1965,1587,281,1,FALSE,177.4099637,30,FALSE
35535,3613,3771,282,1,FALSE,165.1273426,30,FALSE
39758,1587,1965,283,3,FALSE,243.0980934,30,FALSE
58017,1014,338,284,1,FALSE,15.52937417,30,FALSE
66760,3561,1587,285,2,FALSE,53.69667303,30,FALSE
48547,1276,3183,286,1,FALSE,6.811771601,30,FALSE
31930,3474,744,287,3,FALSE,107.3674687,30,FALSE
26508,3475,1786,288,1,FALSE,51.96426402,30,FALSE
35739,3119,1587,289,1,FALSE,17.30360985,30,FALSE
31907,793,3661,290,1,FALSE,7.881073725,30,FALSE
54337,3119,1587,291,1,FALSE,114.7687535,30,FALSE
31554,1390,4023,292,1,FALSE,93.78033715,30,FALSE
48585,230,3347,293,1,FALSE,77.3324385,30,FALSE
54926,3349,2860,294,1,FALSE,60.58586657,30,FALSE
51744,1587,3873,295,1,FALSE,32.73052116,30,FALSE
35650,1965,1587,296,1,FALSE,296.9899804,30,FALSE
59385,1786,3475,297,1,FALSE,72.05458658,30,FALSE
55844,3477,744,298,1,FALSE,4.844439752,30,FALSE
56749,2131,427,299,2,FALSE,27.31098254,30,FALSE
31911,1047,3417,300,1,FALSE,265.9133455,30,FALSE
31666,2311,1936,301,2,FALSE,262.685138,30,FALSE
65087,3427,1013,302,1,FALSE,4.809027125,30,FALSE
44462,3421,1235,303,1,TRUE,14.96499935,30,TRUE
39049,2313,482,304,2,FALSE,24.2891448,30,FALSE
47775,3350,793,305,1,FALSE,65.43320015,30,FALSE
54562,129,2734,306,1,FALSE,19.80759182,30,FALSE
65409,1235,3421,307,1,FALSE,82.72370796,30,FALSE
38214,1587,3689,308,1,FALSE,66.29418821,30,FALSE
64835,2877,1154,309,1,FALSE,1.575199738,30,FALSE
51275,3873,1587,310,1,FALSE,307.5816623,30,FALSE
53100,425,571,311,1,FALSE,485.8258776,30,FALSE
30996,748,2122,312,1,FALSE,28.90982912,30,FALSE
32074,1235,54,313,1,FALSE,375.2066237,30,FALSE
45182,427,2181,314,1,FALSE,55.73132325,30,FALSE
66321,1736,3683,315,1,FALSE,122.8186165,30,FALSE
52339,240,3450,316,1,FALSE,186.030414,30,FALSE
65091,2356,3352,317,1,FALSE,52.41161003,30,FALSE
59220,746,1587,318,1,FALSE,146.0752178,30,FALSE
47258,1489,4068,319,1,FALSE,43.74941177,30,FALSE
58359,236,2030,320,1,FALSE,2.167882184,30,FALSE
26898,553,256,321,1,FALSE,7.660358479,30,FALSE
30956,2877,1154,322,1,FALSE,4.256368108,30,FALSE
60551,1271,137,323,2,FALSE,73.44000935,30,FALSE
58796,439,2301,324,1,FALSE,19.95967615,30,FALSE
35742,1587,2229,325,2,FALSE,1.542365262,30,FALSE
50045,2356,3352,326,1,FALSE,10.19742346,30,FALSE
52745,359,2404,327,1,TRUE,70.69044827,30,TRUE
62322,2030,236,328,3,FALSE,117.5097445,30,FALSE
52611,744,3474,329,1,FALSE,34.92026564,30,FALSE
45140,1235,3421,330,1,FALSE,6.817340561,30,FALSE
43451,1587,3561,331,1,FALSE,229.7215097,30,FALSE
45645,1810,1587,332,1,FALSE,48.03111183,30,FALSE
54248,3561,1587,333,1,FALSE,37.10963682,30,FALSE
62376,1014,3665,334,1,FALSE,82.63164847,30,FALSE
47004,1587,1965,335,1,FALSE,92.63657179,30,FALSE
37002,746,1587,336,1,FALSE,76.13556936,30,FALSE
36167,1965,1587,337,1,FALSE,28.72849416,30,FALSE
56715,4068,1734,338,1,FALSE,40.37330355,30,FALSE
59979,1014,3665,339,1,FALSE,5.09253159,30,FALSE
31002,1235,3421,340,1,FALSE,1.521434324,30,FALSE
29417,137,1271,341,1,FALSE,30.69091225,30,FALSE
52438,1154,2877,342,1,FALSE,196.5143814,30,FALSE
31997,482,2313,343,1,TRUE,1.433437352,30,TRUE
60486,1793,281,344,1,FALSE,11.29070129,30,FALSE
39616,137,1271,345,1,FALSE,44.53372419,30,FALSE
32025,1587,1965,346,1,FALSE,30.51579273,30,FALSE
64691,3665,1014,347,1,FALSE,13.85306682,30,FALSE
33238,240,3450,348,1,FALSE,383.8669435,30,FALSE
38348,1517,3805,349,1,FALSE,103.7252654,30,FALSE
32163,2130,2513,350,1,FALSE,314.5499215,30,FALSE
31563,1276,3183,351,1,TRUE,27.76689967,30,TRUE
26977,3672,1281,352,1,FALSE,145.1070564,30,FALSE
28959,735,3971,353,1,FALSE,76.25558231,30,FALSE
34031,2834,2513,354,1,FALSE,20.84988461,30,FALSE
28886,3689,1587,355,1,FALSE,20.78153266,30,FALSE
52391,3571,3802,356,1,FALSE,680.2943169,30,FALSE
54826,3475,519,357,1,FALSE,1.053571759,30,FALSE
44400,1936,2311,358,1,FALSE,3.579001823,30,FALSE
40665,2404,359,359,1,TRUE,229.51305,30,TRUE
48598,184,1518,360,1,FALSE,26.71597113,30,FALSE
62784,2030,236,361,1,FALSE,243.0435041,30,FALSE
61284,2130,2513,362,1,FALSE,69.92213634,30,FALSE
28163,1767,1587,363,1,FALSE,56.96820016,30,FALSE
34218,2238,1736,364,1,FALSE,55.90739975,30,FALSE
36119,2229,1587,365,1,FALSE,40.18360588,30,FALSE
37337,2181,3568,366,1,FALSE,177.4099637,30,FALSE
45038,1013,3427,367,3,FALSE,243.0980934,30,FALSE
28630,3475,519,368,1,FALSE,15.52937417,30,FALSE
43245,3572,3803,369,2,FALSE,53.69667303,30,FALSE
50036,735,3971,370,1,FALSE,6.811771601,30,FALSE
31089,3683,1736,371,3,FALSE,107.3674687,30,FALSE
61049,3689,1587,372,1,TRUE,51.96426402,30,TRUE
28617,867,1282,373,1,FALSE,17.30360985,30,FALSE
64845,2442,1736,374,1,FALSE,7.881073725,30,FALSE
30876,1154,2877,375,1,FALSE,114.7687535,30,FALSE
61394,2834,2513,376,1,FALSE,93.78033715,30,FALSE
63695,3805,3397,377,1,FALSE,77.3324385,30,FALSE
67024,4023,1390,378,1,FALSE,60.58586657,30,FALSE
59317,1587,2229,379,1,FALSE,32.73052116,30,FALSE
58115,1235,54,380,1,FALSE,296.9899804,30,FALSE
54138,578,2122,381,1,FALSE,72.05458658,30,FALSE
57990,748,2122,382,1,FALSE,4.844439752,30,FALSE
31997,314,2122,383,2,FALSE,27.31098254,30,FALSE
50597,3816,2627,384,1,FALSE,265.9133455,30,FALSE
49079,1736,2442,385,2,FALSE,262.685138,30,FALSE
61821,3568,2181,386,1,FALSE,4.809027125,30,FALSE
47241,3350,292,387,1,FALSE,14.96499935,30,FALSE
43684,748,2122,388,2,FALSE,24.2891448,30,FALSE
53985,1587,746,389,1,FALSE,65.43320015,30,FALSE
37657,744,3477,390,1,FALSE,19.80759182,30,FALSE
31902,1135,3474,391,1,FALSE,82.72370796,30,FALSE
47566,3802,3571,392,1,FALSE,66.29418821,30,FALSE
45053,553,256,393,1,FALSE,1.575199738,30,FALSE
35727,292,3350,394,2,FALSE,366.8357213,30,FALSE
42803,3561,1587,395,1,FALSE,307.5816623,30,FALSE
42895,3665,1014,396,1,FALSE,485.8258776,30,FALSE
41353,1154,2877,397,1,FALSE,28.90982912,30,FALSE
43375,3873,1587,398,1,FALSE,375.2066237,30,FALSE
54612,1135,3474,399,1,FALSE,55.73132325,30,FALSE
39296,1786,3475,400,1,FALSE,122.8186165,30,FALSE
65534,281,1793,401,1,FALSE,186.030414,30,FALSE
64286,2122,1037,402,1,FALSE,52.41161003,30,FALSE
47967,3474,571,403,1,FALSE,146.0752178,30,FALSE
41323,3474,571,404,1,TRUE,43.74941177,30,TRUE
50324,1716,1901,405,1,FALSE,2.167882184,30,FALSE
61283,2181,3568,406,1,FALSE,7.660358479,30,FALSE
54297,3427,1013,407,1,FALSE,4.256368108,30,FALSE
59235,240,173,408,2,FALSE,73.44000935,30,FALSE
50259,2439,2311,409,1,FALSE,19.95967615,30,FALSE
53325,735,3971,410,2,FALSE,1.542365262,30,FALSE
38597,275,3562,411,1,FALSE,10.19742346,30,FALSE
56451,793,3350,412,1,TRUE,70.69044827,30,TRUE
35490,3441,2170,413,3,FALSE,117.5097445,30,FALSE
55008,744,3477,414,1,FALSE,34.92026564,30,FALSE
62084,351,427,415,1,FALSE,6.817340561,30,FALSE
32014,1734,4068,416,1,FALSE,229.7215097,30,FALSE
52909,1235,3421,417,1,FALSE,48.03111183,30,FALSE
30520,1587,1965,418,1,FALSE,37.10963682,30,FALSE
56621,748,2122,419,1,FALSE,82.63164847,30,FALSE
30118,2122,748,420,1,FALSE,92.63657179,30,FALSE
64920,1767,1587,421,1,FALSE,76.13556936,30,FALSE
32068,2030,236,422,1,FALSE,28.72849416,30,FALSE
65868,1281,3672,423,1,FALSE,40.37330355,30,FALSE
59144,1276,3183,424,1,FALSE,5.09253159,30,FALSE
52415,3350,3417,425,1,FALSE,1.521434324,30,FALSE
58076,3970,3816,426,1,FALSE,30.69091225,30,FALSE
58652,1767,1587,427,1,FALSE,196.5143814,30,FALSE
65317,1736,2442,428,1,FALSE,1.433437352,30,FALSE
37472,1517,3805,429,1,FALSE,11.29070129,30,FALSE
52299,1037,2122,430,1,TRUE,44.53372419,30,TRUE
30425,2687,3416,431,1,FALSE,30.51579273,30,FALSE
52856,1235,3421,432,1,FALSE,13.85306682,30,FALSE
33794,430,1282,433,1,FALSE,383.8669435,30,FALSE
51420,1965,1587,434,1,FALSE,103.7252654,30,FALSE
51702,793,3350,435,1,FALSE,314.5499215,30,FALSE
47308,1587,746,436,1,TRUE,27.76689967,30,TRUE
49622,2311,1936,437,1,FALSE,145.1070564,30,FALSE
57439,1206,2380,438,1,FALSE,76.25558231,30,FALSE
58932,3475,519,439,1,FALSE,20.84988461,30,FALSE
48077,3802,3571,440,1,FALSE,20.78153266,30,FALSE
52537,3477,744,441,1,FALSE,680.2943169,30,FALSE
65048,3474,1135,442,1,FALSE,1.053571759,30,FALSE
31527,2877,1154,443,1,FALSE,3.579001823,30,FALSE
31597,2122,1037,444,1,FALSE,229.51305,30,FALSE
30200,2313,482,445,1,FALSE,26.71597113,30,FALSE
54339,2627,3816,446,1,FALSE,243.0435041,30,FALSE
45196,1736,2442,447,1,FALSE,69.92213634,30,FALSE
57819,3427,1013,448,1,FALSE,56.96820016,30,FALSE
54498,3803,3572,449,1,FALSE,55.90739975,30,FALSE
41491,1736,2442,450,1,FALSE,40.18360588,30,FALSE
63305,3562,275,451,1,FALSE,177.4099637,30,FALSE
57566,425,571,452,1,FALSE,165.1273426,30,FALSE
37597,3119,1587,453,3,FALSE,243.0980934,30,FALSE
42541,744,3474,454,1,FALSE,15.52937417,30,FALSE
40259,1013,3427,455,2,FALSE,53.69667303,30,FALSE
32448,3802,3571,456,1,FALSE,6.811771601,30,FALSE
32333,793,3661,457,3,FALSE,107.3674687,30,FALSE
65081,3572,3803,458,1,FALSE,51.96426402,30,FALSE
46158,1013,3427,459,1,FALSE,17.30360985,30,FALSE
43725,314,2122,460,1,FALSE,7.881073725,30,FALSE
56474,3672,1281,461,1,FALSE,114.7687535,30,FALSE
51273,1271,137,462,1,FALSE,93.78033715,30,FALSE
65000,2734,129,463,1,TRUE,77.3324385,30,TRUE
57951,3450,240,464,1,FALSE,60.58586657,30,FALSE
47438,2313,482,465,1,FALSE,32.73052116,30,FALSE
43461,3474,744,466,1,FALSE,296.9899804,30,FALSE
67582,3805,3397,467,1,FALSE,72.05458658,30,FALSE
56329,3416,2687,468,1,FALSE,4.844439752,30,FALSE
65441,281,1793,469,2,FALSE,27.31098254,30,FALSE
31584,1736,3683,470,1,FALSE,265.9133455,30,FALSE
61285,2181,427,471,2,FALSE,262.685138,30,FALSE
53484,3421,1235,472,1,FALSE,4.809027125,30,FALSE
31702,1587,3561,473,1,FALSE,14.96499935,30,FALSE
52474,1235,3421,474,2,FALSE,24.2891448,30,FALSE
54873,2380,1206,475,1,FALSE,65.43320015,30,FALSE
26322,439,2301,476,1,FALSE,19.80759182,30,FALSE
46860,3665,1014,477,1,FALSE,82.72370796,30,FALSE
60588,2131,427,478,1,FALSE,66.29418821,30,FALSE
39162,427,2131,479,1,FALSE,1.575199738,30,FALSE
46963,749,2356,480,2,FALSE,366.8357213,30,FALSE
46710,4068,1734,481,1,FALSE,307.5816623,30,FALSE
39230,3474,744,482,1,FALSE,485.8258776,30,FALSE
64785,3571,3802,483,1,FALSE,28.90982912,30,FALSE
58074,1037,2122,484,1,FALSE,375.2066237,30,FALSE
31083,3417,1047,485,1,FALSE,55.73132325,30,FALSE
68323,292,3350,486,1,FALSE,122.8186165,30,FALSE
62776,2170,3441,487,1,FALSE,186.030414,30,FALSE
38192,2122,748,488,1,FALSE,52.41161003,30,FALSE
61087,519,3475,489,1,FALSE,146.0752178,30,FALSE
30919,1587,3873,490,1,FALSE,43.74941177,30,FALSE
68196,2687,3416,491,1,FALSE,2.167882184,30,FALSE
54515,3802,3571,492,1,FALSE,7.660358479,30,FALSE
54292,3970,3816,493,1,FALSE,4.256368108,30,FALSE
30155,1489,4068,494,2,FALSE,73.44000935,30,FALSE
63419,3119,1587,495,1,FALSE,19.95967615,30,FALSE
27132,1965,1587,496,2,TRUE,1.542365262,30,TRUE
36505,3816,3970,497,1,FALSE,10.19742346,30,FALSE
31963,1282,430,498,1,TRUE,70.69044827,30,TRUE
57906,1587,1767,499,3,FALSE,117.5097445,30,FALSE
35561,3683,1736,500,1,FALSE,34.92026564,30,FALSE
64020,1206,2380,501,1,FALSE,6.817340561,30,FALSE
54210,744,3474,502,1,FALSE,229.7215097,30,FALSE
28162,1716,1901,503,1,FALSE,48.03111183,30,FALSE
25788,3970,3816,504,1,FALSE,37.10963682,30,FALSE
28683,3683,1736,505,1,FALSE,82.63164847,30,FALSE
52608,1235,54,506,1,FALSE,92.63657179,30,FALSE
59233,3474,571,507,1,FALSE,76.13556936,30,FALSE
36052,1305,3196,508,1,FALSE,28.72849416,30,FALSE
61480,2513,2834,509,1,FALSE,40.37330355,30,FALSE
29354,230,3347,510,1,FALSE,5.09253159,30,FALSE
59356,3568,2181,511,1,FALSE,1.521434324,30,FALSE
64898,3802,230,512,1,FALSE,30.69091225,30,FALSE
57696,1013,3427,513,1,FALSE,196.5143814,30,FALSE
55156,747,3414,514,1,FALSE,1.433437352,30,FALSE
61063,1736,2238,515,1,FALSE,11.29070129,30,FALSE
28111,2513,2130,516,1,FALSE,44.53372419,30,FALSE
35546,2122,314,517,1,FALSE,30.51579273,30,FALSE
31932,4023,1390,518,1,FALSE,13.85306682,30,FALSE
48489,1281,3672,519,1,FALSE,383.8669435,30,FALSE
56943,3802,230,520,1,FALSE,103.7252654,30,FALSE
53200,2442,1736,521,1,FALSE,314.5499215,30,FALSE
61442,3816,2627,522,1,TRUE,27.76689967,30,TRUE
32173,314,2122,523,1,FALSE,145.1070564,30,FALSE
56520,3421,1235,524,1,FALSE,76.25558231,30,FALSE
35373,3474,1135,525,1,FALSE,20.84988461,30,FALSE
37786,1281,3672,526,1,FALSE,20.78153266,30,FALSE
56077,3421,1235,527,1,FALSE,680.2943169,30,FALSE
66994,1587,3689,528,1,FALSE,1.053571759,30,FALSE
52752,3427,1013,529,1,FALSE,3.579001823,30,FALSE
29080,2181,427,530,1,TRUE,229.51305,30,TRUE
53093,3474,744,531,1,FALSE,26.71597113,30,FALSE
27906,2122,1037,532,1,FALSE,243.0435041,30,FALSE
63223,1013,3427,533,1,FALSE,69.92213634,30,FALSE
56099,3802,230,534,1,FALSE,56.96820016,30,FALSE
33829,3873,1587,535,1,FALSE,55.90739975,30,FALSE
30069,747,3414,536,1,FALSE,40.18360588,30,FALSE
34428,1587,3119,537,1,FALSE,177.4099637,30,FALSE
66931,3417,1047,538,1,FALSE,165.1273426,30,FALSE
46944,427,2181,539,3,FALSE,243.0980934,30,FALSE
58087,1965,1587,540,1,FALSE,15.52937417,30,FALSE
53536,1587,1810,541,2,FALSE,53.69667303,30,FALSE
51809,3183,1276,542,1,FALSE,6.811771601,30,FALSE
31872,793,3350,543,3,FALSE,107.3674687,30,FALSE
65281,1587,3689,544,1,FALSE,51.96426402,30,FALSE
39193,3477,744,545,1,FALSE,17.30360985,30,FALSE
51790,4068,1489,546,1,FALSE,7.881073725,30,FALSE
55286,2439,2311,547,1,FALSE,114.7687535,30,FALSE
54091,256,553,548,1,FALSE,93.78033715,30,FALSE
64877,3970,1815,549,1,FALSE,77.3324385,30,FALSE
32238,3771,3613,550,1,FALSE,60.58586657,30,FALSE
48475,3805,1517,551,1,FALSE,32.73052116,30,FALSE
44808,1305,3196,552,1,FALSE,296.9899804,30,FALSE
47522,578,2122,553,1,FALSE,72.05458658,30,FALSE
31585,3427,1013,554,1,FALSE,4.844439752,30,FALSE
31865,427,351,555,2,FALSE,27.31098254,30,FALSE
38297,439,2301,556,1,FALSE,265.9133455,30,FALSE
39544,2404,359,557,2,FALSE,262.685138,30,FALSE
45687,3971,735,558,1,FALSE,4.809027125,30,FALSE
52758,2404,359,559,1,FALSE,14.96499935,30,FALSE
53571,2313,482,560,2,FALSE,24.2891448,30,FALSE
45050,2181,3568,561,1,FALSE,65.43320015,30,FALSE
45109,2439,2311,562,1,FALSE,19.80759182,30,FALSE
35702,571,3474,563,1,TRUE,82.72370796,30,TRUE
52211,3119,1587,564,1,FALSE,66.29418821,30,FALSE
40600,3683,1736,565,1,FALSE,1.575199738,30,FALSE
28036,3119,1587,566,2,FALSE,366.8357213,30,FALSE
45239,3441,2170,567,1,FALSE,307.5816623,30,FALSE
47440,747,3414,568,1,FALSE,485.8258776,30,FALSE
35951,1587,1810,569,1,FALSE,28.90982912,30,FALSE
51670,1390,4023,570,1,FALSE,375.2066237,30,FALSE
51341,1587,1965,571,1,FALSE,55.73132325,30,FALSE
55409,578,2122,572,1,FALSE,122.8186165,30,FALSE
54232,3475,519,573,1,FALSE,186.030414,30,FALSE
54181,1135,3474,574,1,FALSE,52.41161003,30,FALSE
40234,571,425,575,1,FALSE,146.0752178,30,FALSE
58234,2122,1037,576,1,FALSE,43.74941177,30,FALSE
51117,3572,3803,577,1,FALSE,2.167882184,30,FALSE
46035,1305,3196,578,1,FALSE,7.660358479,30,FALSE
53399,3350,3417,579,1,FALSE,4.256368108,30,FALSE
42085,3661,793,580,2,FALSE,73.44000935,30,FALSE
48657,359,2404,581,1,FALSE,19.95967615,30,FALSE
56983,3450,240,582,2,FALSE,1.542365262,30,FALSE
63046,137,1271,583,1,FALSE,10.19742346,30,FALSE
64507,1013,3427,584,1,TRUE,70.69044827,30,TRUE
48426,3350,3417,585,3,FALSE,117.5097445,30,FALSE
49620,3571,3802,586,1,FALSE,34.92026564,30,FALSE
58985,1235,54,587,1,FALSE,6.817340561,30,FALSE
40463,1736,2238,588,1,TRUE,229.7215097,30,TRUE
61179,1206,2380,589,1,FALSE,48.03111183,30,FALSE
48386,1587,2229,590,1,FALSE,37.10963682,30,FALSE
31794,129,2734,591,1,FALSE,82.63164847,30,FALSE
29889,2513,2834,592,1,FALSE,92.63657179,30,FALSE
60920,129,2734,593,1,FALSE,76.13556936,30,FALSE
29381,2313,482,594,1,FALSE,28.72849416,30,FALSE
38141,3417,3350,595,1,FALSE,40.37330355,30,FALSE
41576,292,3350,596,1,FALSE,5.09253159,30,FALSE
33837,3350,292,597,1,FALSE,1.521434324,30,FALSE
40274,359,2404,598,1,FALSE,30.69091225,30,FALSE
56781,1587,1810,599,1,FALSE,196.5143814,30,FALSE
26542,1767,1587,600,1,FALSE,1.433437352,30,FALSE
60565,351,427,601,1,FALSE,11.29070129,30,FALSE
61867,1013,3427,602,1,FALSE,44.53372419,30,FALSE
43099,281,1793,603,1,FALSE,30.51579273,30,FALSE
32235,1047,3417,604,1,FALSE,13.85306682,30,FALSE
52533,3665,1014,605,1,FALSE,383.8669435,30,FALSE
31713,3568,2181,606,1,FALSE,103.7252654,30,FALSE
42549,2208,2404,607,1,FALSE,314.5499215,30,FALSE
65872,240,3450,608,1,TRUE,27.76689967,30,TRUE
67852,1965,1587,609,1,FALSE,145.1070564,30,FALSE
57646,2130,2513,610,1,FALSE,76.25558231,30,FALSE
40027,129,2734,611,1,FALSE,20.84988461,30,FALSE
54751,3805,1517,612,1,FALSE,20.78153266,30,FALSE
55665,2130,2513,613,1,FALSE,680.2943169,30,FALSE
43873,427,2181,614,1,FALSE,1.053571759,30,FALSE
54150,2445,3970,615,1,FALSE,3.579001823,30,FALSE
26188,1047,3417,616,1,FALSE,229.51305,30,FALSE
35605,359,2404,617,1,FALSE,26.71597113,30,FALSE
50038,3441,2170,618,1,FALSE,243.0435041,30,FALSE
33195,2030,236,619,1,FALSE,69.92213634,30,FALSE
33000,1517,3805,620,1,FALSE,56.96820016,30,FALSE
61197,2130,2513,621,1,FALSE,55.90739975,30,FALSE
67807,1965,1587,622,1,FALSE,40.18360588,30,FALSE
51299,1587,3873,623,1,FALSE,177.4099637,30,FALSE
60909,1810,1587,624,1,FALSE,165.1273426,30,FALSE
67954,746,1587,625,3,FALSE,243.0980934,30,FALSE
31831,1013,3427,626,1,FALSE,15.52937417,30,FALSE
46528,1282,430,627,2,FALSE,53.69667303,30,FALSE
44605,173,240,628,1,FALSE,6.811771601,30,FALSE
30218,281,1793,629,3,FALSE,107.3674687,30,FALSE
57335,571,3474,630,1,FALSE,51.96426402,30,FALSE
46192,3417,1047,631,1,FALSE,17.30360985,30,FALSE
47196,230,3802,632,1,FALSE,7.881073725,30,FALSE
32195,2311,2439,633,1,TRUE,114.7687535,30,TRUE
34289,425,571,634,1,FALSE,93.78033715,30,FALSE
64038,3805,3397,635,1,FALSE,77.3324385,30,FALSE
27953,578,2122,636,1,FALSE,60.58586657,30,FALSE
35827,129,2734,637,1,FALSE,32.73052116,30,FALSE
38762,1305,3196,638,1,FALSE,296.9899804,30,FALSE
48015,1276,3183,639,1,FALSE,72.05458658,30,FALSE
52010,1587,1767,640,1,FALSE,4.844439752,30,FALSE
48201,3450,240,641,2,FALSE,27.31098254,30,FALSE
30228,1013,3427,642,1,FALSE,265.9133455,30,FALSE
36706,3613,3771,643,2,FALSE,262.685138,30,FALSE
61297,427,2131,644,1,FALSE,4.809027125,30,FALSE
53936,240,3450,645,1,FALSE,14.96499935,30,FALSE
54204,3661,793,646,2,FALSE,24.2891448,30,FALSE
54549,735,3971,647,1,FALSE,65.43320015,30,FALSE
57571,1013,3427,648,1,FALSE,19.80759182,30,FALSE
29346,1206,2380,649,1,FALSE,82.72370796,30,FALSE
42880,2122,1037,650,1,FALSE,66.29418821,30,FALSE
50824,1135,3474,651,1,FALSE,1.575199738,30,FALSE
41518,2356,749,652,2,TRUE,366.8357213,30,TRUE
61296,3971,735,653,1,FALSE,307.5816623,30,FALSE
47770,735,3971,654,1,FALSE,485.8258776,30,FALSE
57524,427,2181,655,1,FALSE,28.90982912,30,FALSE
61414,1587,3119,656,1,FALSE,375.2066237,30,FALSE
48540,3661,793,657,1,FALSE,55.73132325,30,FALSE
63950,3805,3397,658,1,FALSE,122.8186165,30,FALSE
52047,3350,793,659,1,FALSE,186.030414,30,FALSE
61266,427,2181,660,1,FALSE,52.41161003,30,FALSE
41667,3568,2181,661,1,FALSE,146.0752178,30,FALSE
48380,137,1271,662,1,FALSE,43.74941177,30,FALSE
49843,281,1793,663,1,FALSE,2.167882184,30,FALSE
31070,3970,3816,664,1,FALSE,7.660358479,30,FALSE
44663,3816,3970,665,1,FALSE,4.256368108,30,FALSE
64474,3613,3771,666,2,FALSE,73.44000935,30,FALSE
53128,519,3475,667,1,FALSE,19.95967615,30,FALSE
34297,2877,1154,668,2,FALSE,1.542365262,30,FALSE
41446,1282,867,669,1,FALSE,10.19742346,30,FALSE
34892,2229,1587,670,1,TRUE,70.69044827,30,TRUE
26860,2238,1736,671,3,FALSE,117.5097445,30,FALSE
64884,427,2131,672,1,FALSE,34.92026564,30,FALSE
46520,3119,1587,673,1,FALSE,6.817340561,30,FALSE
39753,1587,1767,674,1,FALSE,229.7215097,30,FALSE
52515,3421,1235,675,1,FALSE,48.03111183,30,FALSE
25868,3196,1305,676,1,FALSE,37.10963682,30,FALSE
38100,1305,3196,677,1,FALSE,82.63164847,30,FALSE
55526,2301,439,678,1,FALSE,92.63657179,30,FALSE
53230,2122,748,679,1,FALSE,76.13556936,30,FALSE
67455,793,3661,680,1,FALSE,28.72849416,30,FALSE
53332,1587,1810,681,1,FALSE,40.37330355,30,FALSE
47429,3427,1013,682,1,FALSE,5.09253159,30,FALSE
57310,3450,240,683,1,FALSE,1.521434324,30,FALSE
63701,2229,1587,684,1,FALSE,30.69091225,30,FALSE
56595,1518,184,685,1,FALSE,196.5143814,30,FALSE
66224,1282,867,686,1,FALSE,1.433437352,30,FALSE
58146,746,1587,687,1,FALSE,11.29070129,30,FALSE
62202,3347,230,688,1,FALSE,44.53372419,30,FALSE
31250,1154,2877,689,1,FALSE,30.51579273,30,FALSE
56407,338,1014,690,1,TRUE,13.85306682,30,TRUE
46244,314,2122,691,1,FALSE,383.8669435,30,FALSE
51019,2356,749,692,1,FALSE,103.7252654,30,FALSE
54258,184,1518,693,1,FALSE,314.5499215,30,FALSE
66680,3803,3572,694,1,TRUE,27.76689967,30,TRUE
67746,425,571,695,1,FALSE,145.1070564,30,FALSE
38565,2834,2513,696,1,FALSE,76.25558231,30,FALSE
56561,1810,1587,697,1,FALSE,20.84988461,30,FALSE
56836,1587,1810,698,1,FALSE,20.78153266,30,FALSE
41945,359,2404,699,1,FALSE,680.2943169,30,FALSE
31513,3477,744,700,1,FALSE,1.053571759,30,FALSE
27927,3689,1587,701,1,FALSE,3.579001823,30,FALSE
58027,240,173,702,1,FALSE,229.51305,30,FALSE
47818,746,1587,703,1,FALSE,26.71597113,30,FALSE
67663,3771,3613,704,1,FALSE,243.0435041,30,FALSE
47321,1587,2229,705,1,FALSE,69.92213634,30,FALSE
67076,553,256,706,1,FALSE,56.96820016,30,FALSE
45077,3350,793,707,1,FALSE,55.90739975,30,FALSE
58298,3347,230,708,1,FALSE,40.18360588,30,FALSE
30225,3416,2687,709,1,FALSE,177.4099637,30,FALSE
51060,3970,2445,710,1,FALSE,165.1273426,30,FALSE
59251,2627,3816,711,3,FALSE,243.0980934,30,FALSE
64961,2513,2130,712,1,FALSE,15.52937417,30,FALSE
60525,54,1235,713,2,FALSE,53.69667303,30,FALSE
28114,2030,236,714,1,FALSE,6.811771601,30,FALSE
43339,4068,1489,715,3,FALSE,107.3674687,30,FALSE
28292,3427,1013,716,1,FALSE,51.96426402,30,FALSE
31010,275,3562,717,1,FALSE,17.30360985,30,FALSE
54423,1489,4068,718,1,FALSE,7.881073725,30,FALSE
55865,3414,747,719,1,FALSE,114.7687535,30,FALSE
57787,184,1518,720,1,FALSE,93.78033715,30,FALSE
61862,281,1793,721,1,FALSE,77.3324385,30,FALSE
56894,3183,1276,722,1,FALSE,60.58586657,30,FALSE
59325,2834,2513,723,1,TRUE,32.73052116,30,TRUE
28488,3474,571,724,1,FALSE,296.9899804,30,FALSE
35735,3477,744,725,1,FALSE,72.05458658,30,FALSE
53327,3414,747,726,1,FALSE,4.844439752,30,FALSE
61825,430,1282,727,2,FALSE,27.31098254,30,FALSE
25601,1965,1587,728,1,FALSE,265.9133455,30,FALSE
48952,3970,2445,729,2,FALSE,262.685138,30,FALSE
54348,1037,2122,730,1,FALSE,4.809027125,30,FALSE
27352,275,3562,731,1,FALSE,14.96499935,30,FALSE
44413,1013,3427,732,2,FALSE,24.2891448,30,FALSE
63546,2311,1936,733,1,FALSE,65.43320015,30,FALSE
54318,1587,1767,734,1,FALSE,19.80759182,30,FALSE
36119,746,1587,735,1,FALSE,82.72370796,30,FALSE
61409,1587,3561,736,1,FALSE,66.29418821,30,FALSE
41997,1517,3805,737,1,FALSE,1.575199738,30,FALSE
61756,3350,793,738,2,FALSE,366.8357213,30,FALSE
39041,3805,1517,739,1,FALSE,307.5816623,30,FALSE
52496,1518,184,740,1,FALSE,485.8258776,30,FALSE
44596,1517,3805,741,1,FALSE,28.90982912,30,FALSE
37853,2627,3816,742,1,FALSE,375.2066237,30,FALSE
63134,184,1518,743,1,FALSE,55.73132325,30,FALSE
34775,3450,240,744,1,FALSE,122.8186165,30,FALSE
30117,1815,3970,745,1,FALSE,186.030414,30,FALSE
41455,3613,3771,746,1,FALSE,52.41161003,30,FALSE
56362,3970,1815,747,1,FALSE,146.0752178,30,FALSE
59385,1587,2229,748,1,FALSE,43.74941177,30,FALSE
68392,359,2404,749,1,FALSE,2.167882184,30,FALSE
39286,793,3661,750,1,FALSE,7.660358479,30,FALSE
45261,2513,2834,751,1,FALSE,4.256368108,30,FALSE
31936,2834,2513,752,2,FALSE,73.44000935,30,FALSE
51657,1767,1587,753,1,FALSE,19.95967615,30,FALSE
68285,2439,2311,754,2,FALSE,1.542365262,30,FALSE
55266,571,425,755,1,FALSE,10.19742346,30,FALSE
52341,3417,1047,756,1,TRUE,70.69044827,30,TRUE
44596,359,2404,757,3,FALSE,117.5097445,30,FALSE
64483,2687,3416,758,1,FALSE,34.92026564,30,FALSE
48386,793,3661,759,1,FALSE,6.817340561,30,FALSE
31875,1965,1587,760,1,FALSE,229.7215097,30,FALSE
42520,2131,427,761,1,FALSE,48.03111183,30,FALSE
29401,137,1271,762,1,FALSE,37.10963682,30,FALSE
35569,1815,3970,763,1,FALSE,82.63164847,30,FALSE
26923,1047,3417,764,1,FALSE,92.63657179,30,FALSE
46965,1587,1965,765,1,FALSE,76.13556936,30,FALSE
53515,746,1587,766,1,FALSE,28.72849416,30,FALSE
41948,1013,3427,767,1,FALSE,40.37330355,30,FALSE
45111,1936,2311,768,1,TRUE,5.09253159,30,TRUE
65913,2627,3816,769,1,FALSE,1.521434324,30,FALSE
57139,1047,3417,770,1,FALSE,30.69091225,30,FALSE
50707,3427,1013,771,1,FALSE,196.5143814,30,FALSE
38259,3661,793,772,1,FALSE,1.433437352,30,FALSE
63314,1901,1716,773,1,FALSE,11.29070129,30,FALSE
35979,793,3661,774,1,FALSE,44.53372419,30,FALSE
41280,3665,1014,775,1,FALSE,30.51579273,30,FALSE
64011,129,2734,776,1,FALSE,13.85306682,30,FALSE
49945,3805,1517,777,1,FALSE,383.8669435,30,FALSE
56885,3474,1135,778,1,FALSE,103.7252654,30,FALSE
52278,3417,3350,779,1,FALSE,314.5499215,30,FALSE
54086,3970,3816,780,1,TRUE,27.76689967,30,TRUE
39125,256,553,781,1,FALSE,145.1070564,30,FALSE
36377,351,427,782,1,FALSE,76.25558231,30,FALSE
41027,2860,3349,783,1,FALSE,20.84988461,30,FALSE
32131,1390,4023,784,1,FALSE,20.78153266,30,FALSE
62947,2404,359,785,1,FALSE,680.2943169,30,FALSE
38204,1965,1587,786,1,FALSE,1.053571759,30,FALSE
51468,3421,1235,787,1,FALSE,3.579001823,30,FALSE
58247,1206,2380,788,1,FALSE,229.51305,30,FALSE
58015,3196,1305,789,1,FALSE,26.71597113,30,FALSE
46426,3572,3803,790,1,FALSE,243.0435041,30,FALSE
47481,3441,2170,791,1,FALSE,69.92213634,30,FALSE
67839,3803,3572,792,1,FALSE,56.96820016,30,FALSE
54456,1810,1587,793,1,FALSE,55.90739975,30,FALSE
59748,2627,3816,794,1,FALSE,40.18360588,30,FALSE
63694,1276,3183,795,1,FALSE,177.4099637,30,FALSE
34369,1587,3689,796,3,TRUE,243.0980934,30,TRUE
51491,2513,2130,797,1,FALSE,15.52937417,30,FALSE
31102,553,256,798,2,FALSE,53.69667303,30,FALSE
54253,571,425,799,1,FALSE,6.811771601,30,FALSE
65419,3417,3350,800,3,FALSE,107.3674687,30,FALSE
48708,314,2122,801,1,FALSE,51.96426402,30,FALSE
45900,2380,1206,802,1,FALSE,17.30360985,30,FALSE
27602,256,553,803,1,FALSE,7.881073725,30,FALSE
65763,281,1793,804,1,FALSE,114.7687535,30,FALSE
31079,1587,1767,805,1,FALSE,93.78033715,30,FALSE
28168,3441,2170,806,1,FALSE,77.3324385,30,FALSE
37132,2380,1206,807,1,FALSE,60.58586657,30,FALSE
29593,3802,230,808,1,FALSE,32.73052116,30,FALSE
47033,2513,2834,809,1,FALSE,296.9899804,30,FALSE
48951,1901,1716,810,1,FALSE,72.05458658,30,FALSE
40151,230,3347,811,1,FALSE,4.844439752,30,FALSE
31228,184,1518,812,1,FALSE,265.9133455,30,FALSE
43640,2122,1037,813,2,FALSE,262.685138,30,FALSE
29649,1936,2311,814,1,TRUE,4.809027125,30,TRUE
55042,4068,1734,815,1,FALSE,14.96499935,30,FALSE
35652,744,3477,816,2,FALSE,24.2891448,30,FALSE
39280,1716,1901,817,1,FALSE,65.43320015,30,FALSE
44542,427,2181,818,1,FALSE,19.80759182,30,FALSE
45017,3970,2445,819,1,FALSE,82.72370796,30,FALSE
25302,1518,184,820,1,FALSE,66.29418821,30,FALSE
31264,2170,3441,821,1,FALSE,1.575199738,30,FALSE
61942,1390,4023,822,2,FALSE,366.8357213,30,FALSE
25375,1786,3475,823,1,FALSE,307.5816623,30,FALSE
48439,430,1282,824,1,FALSE,485.8258776,30,FALSE
47758,744,3474,825,1,FALSE,28.90982912,30,FALSE
41190,3816,2627,826,1,FALSE,375.2066237,30,FALSE
46103,1518,184,827,1,FALSE,55.73132325,30,FALSE
57908,2445,3970,828,1,FALSE,122.8186165,30,FALSE
60964,240,3450,829,1,FALSE,186.030414,30,FALSE
37767,2380,1206,830,1,FALSE,52.41161003,30,FALSE
40829,3474,744,831,1,FALSE,146.0752178,30,FALSE
36724,1587,3119,832,1,FALSE,43.74941177,30,FALSE
47462,3805,1517,833,1,FALSE,2.167882184,30,FALSE
54631,3816,3970,834,1,FALSE,7.660358479,30,FALSE
35826,275,3562,835,1,FALSE,4.256368108,30,FALSE
41256,1810,1587,836,2,FALSE,73.44000935,30,FALSE
64852,1587,2229,837,1,FALSE,19.95967615,30,FALSE
28223,553,256,838,2,FALSE,1.542365262,30,FALSE
46840,1305,3196,839,1,FALSE,10.19742346,30,FALSE
55995,3970,3816,840,1,TRUE,70.69044827,30,TRUE
32358,1518,184,841,3,FALSE,117.5097445,30,FALSE
28254,1810,1587,842,1,FALSE,34.92026564,30,FALSE
31896,3572,3803,843,1,FALSE,6.817340561,30,FALSE
64603,867,1282,844,1,FALSE,229.7215097,30,FALSE
25908,236,2030,845,1,TRUE,48.03111183,30,TRUE
34573,3816,3970,846,1,FALSE,37.10963682,30,FALSE
27316,1965,1587,847,1,FALSE,82.63164847,30,FALSE
31057,2313,482,848,1,FALSE,92.63657179,30,FALSE
53207,314,2122,849,1,FALSE,76.13556936,30,FALSE
36402,3816,2627,850,1,FALSE,28.72849416,30,FALSE
51679,3474,1135,851,1,FALSE,40.37330355,30,FALSE
52478,427,2131,852,1,FALSE,5.09253159,30,FALSE
61383,427,351,853,1,FALSE,1.521434324,30,FALSE
25625,3475,1786,854,1,FALSE,30.69091225,30,FALSE
61561,3805,1517,855,1,FALSE,196.5143814,30,FALSE
53340,2131,427,856,1,FALSE,1.433437352,30,FALSE
32966,3970,1815,857,1,FALSE,11.29070129,30,FALSE
57609,3474,1135,858,1,FALSE,44.53372419,30,FALSE
61778,2131,427,859,1,FALSE,30.51579273,30,FALSE
37409,3661,793,860,1,FALSE,13.85306682,30,FALSE
64529,1587,1810,861,1,FALSE,383.8669435,30,FALSE
47025,1206,2380,862,1,FALSE,103.7252654,30,FALSE
52532,3661,793,863,1,FALSE,314.5499215,30,FALSE
67515,1734,4068,864,1,TRUE,27.76689967,30,TRUE
42034,427,2181,865,1,FALSE,145.1070564,30,FALSE
59537,1815,3970,866,1,FALSE,76.25558231,30,FALSE
40685,2122,748,867,1,FALSE,20.84988461,30,FALSE
58922,54,1235,868,1,FALSE,20.78153266,30,FALSE
52536,3802,230,869,1,FALSE,680.2943169,30,FALSE
35759,1734,4068,870,1,FALSE,1.053571759,30,FALSE
45255,3350,793,871,1,FALSE,3.579001823,30,FALSE
40788,3350,292,872,1,FALSE,229.51305,30,FALSE
29926,1587,746,873,1,FALSE,26.71597113,30,FALSE
27331,292,3350,874,1,FALSE,243.0435041,30,FALSE
41945,3474,1135,875,1,FALSE,69.92213634,30,FALSE
26907,4068,1489,876,1,FALSE,56.96820016,30,FALSE
33157,1489,4068,877,1,FALSE,55.90739975,30,FALSE
56442,3414,747,878,1,FALSE,40.18360588,30,FALSE
56099,1965,1587,879,1,FALSE,177.4099637,30,FALSE
56832,1965,1587,880,1,FALSE,165.1273426,30,FALSE
40513,3661,793,881,3,FALSE,243.0980934,30,FALSE
63062,2439,2311,882,1,FALSE,15.52937417,30,FALSE
52320,1013,3427,883,2,FALSE,53.69667303,30,FALSE
31818,3771,3613,884,1,FALSE,6.811771601,30,FALSE
31897,4023,1390,885,3,FALSE,107.3674687,30,FALSE
55040,3562,275,886,1,TRUE,51.96426402,30,TRUE
33884,2513,2130,887,1,FALSE,17.30360985,30,FALSE
48325,2301,439,888,1,FALSE,7.881073725,30,FALSE
67973,1014,3665,889,1,FALSE,114.7687535,30,FALSE
25774,3421,1235,890,1,FALSE,93.78033715,30,FALSE
26941,482,2313,891,1,FALSE,77.3324385,30,FALSE
68077,744,3477,892,1,FALSE,60.58586657,30,FALSE
51651,3805,3397,893,1,FALSE,32.73052116,30,FALSE
32040,2834,2513,894,1,FALSE,296.9899804,30,FALSE
63593,3414,747,895,1,FALSE,72.05458658,30,FALSE
62797,747,3414,896,1,FALSE,4.844439752,30,FALSE
50549,735,3971,897,2,FALSE,27.31098254,30,FALSE
53259,1390,4023,898,1,FALSE,265.9133455,30,FALSE
37648,2122,578,899,2,FALSE,262.685138,30,FALSE
28586,3441,2170,900,1,FALSE,4.809027125,30,FALSE
52491,2181,427,901,1,FALSE,14.96499935,30,FALSE
39286,1587,746,902,2,FALSE,24.2891448,30,FALSE
54414,2513,2834,903,1,FALSE,65.43320015,30,FALSE
61141,184,1518,904,1,FALSE,19.80759182,30,FALSE
26819,3805,1517,905,1,FALSE,82.72370796,30,FALSE
52438,1135,3474,906,1,FALSE,66.29418821,30,FALSE
35875,275,3562,907,1,FALSE,1.575199738,30,FALSE
37238,1014,3665,908,1,FALSE,307.5816623,30,FALSE
52696,1154,2877,909,1,FALSE,485.8258776,30,FALSE
51096,3802,230,910,1,FALSE,28.90982912,30,FALSE
44465,2380,1206,911,1,FALSE,375.2066237,30,FALSE
54357,748,2122,912,1,FALSE,55.73132325,30,FALSE
56694,1901,1716,913,1,FALSE,122.8186165,30,FALSE
51330,4068,1734,914,1,FALSE,186.030414,30,FALSE
57539,4023,1390,915,1,FALSE,52.41161003,30,FALSE
67459,1305,3196,916,1,FALSE,146.0752178,30,FALSE
45009,351,427,917,1,FALSE,43.74941177,30,FALSE
49076,230,3802,918,1,FALSE,2.167882184,30,FALSE
26273,793,3350,919,1,FALSE,7.660358479,30,FALSE
58607,3450,240,920,1,FALSE,4.256368108,30,FALSE
49700,735,3971,921,2,FALSE,73.44000935,30,FALSE
45122,3805,1517,922,1,TRUE,19.95967615,30,TRUE
30131,2131,427,923,2,FALSE,1.542365262,30,FALSE
63129,427,2181,924,1,FALSE,10.19742346,30,FALSE
44640,1282,867,925,1,TRUE,70.69044827,30,TRUE
54789,571,3474,926,3,FALSE,117.5097445,30,FALSE
32213,3450,240,927,1,FALSE,34.92026564,30,FALSE
66278,3803,3572,928,1,FALSE,6.817340561,30,FALSE
34440,3771,3613,929,1,FALSE,229.7215097,30,FALSE
35679,1793,281,930,1,FALSE,48.03111183,30,FALSE
62019,240,3450,931,1,FALSE,37.10963682,30,FALSE
64017,3477,744,932,1,FALSE,82.63164847,30,FALSE
35631,137,1271,933,1,FALSE,92.63657179,30,FALSE
47198,3805,1517,934,1,FALSE,76.13556936,30,FALSE
56481,430,1282,935,1,FALSE,28.72849416,30,FALSE
62835,735,3971,936,1,FALSE,40.37330355,30,FALSE
43490,571,3474,937,1,FALSE,5.09253159,30,FALSE
49370,430,1282,938,1,FALSE,1.521434324,30,FALSE
