op_module,scenario_name,random_seed
PoolingIRSOnly,example_depot_time_pool_irsonly_rs_42,42
#PoolingIRSOnly,example_depot_time_pool_irsonly_rs_43,43
#PoolingIRSOnly,example_depot_time_pool_irsonly_rs_44,44
#PoolingIRSOnly,example_depot_time_pool_irsonly_rs_45,45
#PoolingIRSOnly,example_depot_time_pool_irsonly_rs_46,46
#PoolingIRSOnly,example_depot_time_pool_irsonly_rs_47,47
#PoolingIRSOnly,example_depot_time_pool_irsonly_rs_48,48
#PoolingIRSOnly,example_depot_time_pool_irsonly_rs_49,49
#PoolingIRSOnly,example_depot_time_pool_irsonly_rs_50,50
#PoolingIRSOnly,example_depot_time_pool_irsonly_rs_51,51