operator_id,vehicle_id,vehicle_type,status,locked,start_time,end_time,first_attempt_time,no_show_wait_delay,start_pos,end_pos,driven_distance,start_soc,end_soc,charging_power,charging_unit,toll,rq_on_board,occupancy,rq_boarding,rq_alighting,route,trajectory
0,6,default_vehtype,route,False,25200,25505.784692265363,25200,0,2241;-1;-1,2033;-1;-1,2084.53723843,0.8575946831862098,0.8573862294623668,0.0,,0,,0,,,2241;674;1533;1532;600;1531;213;212;2306;3824;2205;2206;3868;2207;3869;969;302;1573;1574;2033,2241:25200;674:25253.062973394648;1533:25269.75555266245;1532:25292.79547115406;600:25306.178598563194;1531:25322.64215674443;213:25340.129581607136;212:25371.42651145059;2306:25391.577487771316;3824:25393.693051751656;2205:25404.68361895254;2206:25435.71464201454;3868:25446.530706135374;2207:25452.622443363405;3869:25458.424009364353;969:25463.546318475073;302:25472.554258425156;1573:25486.549108444135;1574:25497.270646938003;2033:25505.784692265363
0,6,default_vehtype,boarding,True,25505.784692265363,25550.3184164521,25505.784692265363,0.0,2033;-1;-1,2033;-1;-1,0.0,0.8573862294623668,0.8573862294623668,0,,0,4,1,4,,,
0,5,default_vehtype,route,False,25260,25590.651122644475,25260,0,1730;-1;-1,2549;-1;-1,2908.0925757100003,0.8229470565333281,0.8226562472757574,0.0,,0,,0,,,1730;1167;1729;1728;1727;374;3127;2808;94;2810;2815;2813;3634;3439;3633;2590;3631;2554;3440;3632;2552;2550;2549,1730:25260;1167:25266.373360582886;1729:25273.233651664916;1728:25279.970759461798;1727:25286.893894051234;374:25293.76497035158;3127:25303.398097034264;2808:25339.123976288447;94:25341.45679496816;2810:25360.315259994535;2815:25371.580046272178;2813:25389.343706209278;3634:25424.30972304791;3439:25428.61390401077;3633:25433.081527819646;2590:25458.400412590785;3631:25487.32193281327;2554:25492.064736888377;3440:25495.508574217794;3632:25500.51961917688;2552:25523.57363513771;2550:25542.73388139844;2549:25590.651122644475
0,7,default_vehtype,route,False,25440,25620,25440,0,1787;-1;-1,544;1408;0.302,1347.0904723350322,0.9458865003910399,0.9457517913438064,0.0,,0,,0,,,1787;742;743;744;745;746;747;544,1787:25440;742:25467.824826647004;743:25482.750341786144;744:25496.216979280696;745:25543.31766744941;746:25565.809336601225;747:25579.69742590707;544:25600.722535555058
0,5,default_vehtype,boarding,True,25590.651122644475,25621.166915379312,25590.651122644475,0.0,2549;-1;-1,2549;-1;-1,0.0,0.8226562472757574,0.8226562472757574,0,,0,5,1,5,,,
0,7,default_vehtype,route,False,25620,25770.254621217897,25620,0,544;1408;0.302,3964;-1;-1,969.726939794968,0.9457517913438064,0.9456548186498269,0.0,,0,,0,,,544;1408;1407;3571;3572;1262;3964,544:25620;1408:25664.591669296617;1407:25670.757617681804;3571:25672.27596842525;3572:25686.02526395802;1262:25751.920570720267;3964:25770.254621217897
0,7,default_vehtype,boarding,True,25770.254621217897,25873.979886638914,25770.254621217897,0.0,3964;-1;-1,3964;-1;-1,0.0,0.9456548186498269,0.9456548186498269,0,,0,8,1,8,,,
0,6,default_vehtype,route,False,25550.3184164521,26098.662750237872,25550.3184164521,0.0,2033;-1;-1,1775;-1;-1,4074.41140449,0.8573862294623668,0.856978788321918,0.0,,0,4,1,,,2033;1574;1573;302;969;3869;2207;2387;3644;2386;4027;3560;3561;3563;3565;3566;3567;426;3568;427;428;3771;172;2596;429;430;431;432;433;434;248;2668;2600;1775,2033:25550.3184164521;1574:25558.9933608204;1573:25575.455093515204;302:25589.051880043327;969:25597.803602026295;3869:25602.7802143812;2207:25608.416763135687;2387:25614.457000652394;3644:25621.71168747335;2386:25632.93288858271;4027:25634.0992367621;3560:25646.806693601706;3561:25693.989788641833;3563:25694.93422916117;3565:25696.605050297443;3566:25697.223223745692;3567:25745.486409463578;426:25747.720809954746;3568:25749.108290446595;427:25779.564615205927;428:25801.098496660998;3771:25834.404057981665;172:25837.748667062904;2596:25853.796721449828;429:25871.612339031133;430:25887.670747506127;431:25901.223752840193;432:25914.524782836124;433:25968.589623154043;434:25998.84948424848;248:26047.447739506937;2668:26069.28969788365;2600:26086.247148707214;1775:26098.662750237872
0,6,default_vehtype,boarding,True,26098.662750237872,26128.662750237872,26098.662750237872,0.0,1775;-1;-1,1775;-1;-1,0.0,0.856978788321918,0.856978788321918,0,,0,4,1,,4,,
0,5,default_vehtype,route,False,25621.166915379312,26403.16699767076,25621.166915379312,0.0,2549;-1;-1,456;-1;-1,8216.7014656,0.8226562472757574,0.8218345771291972,0.0,,0,5,1,,,2549;2547;65;2629;3730;3729;2546;3728;2543;2544;2562;2832;3;1348;2923;83;3469;3470;3918;2830;2829;1945;1766;509;3650;1828;2117;4074;2677;1482;3601;699;2135;2136;1841;3553;542;3968;2137;2138;3142;3273;2035;1446;1981;2139;3554;3059;3681;178;3555;0;3057;739;3678;2416;456,2549:25621.166915379312;2547:25644.260302409133;65:25655.43548119312;2629:25669.889213003473;3730:25689.245770322254;3729:25692.363115194108;2546:25693.61916516628;3728:25696.236196323298;2543:25711.022801057843;2544:25727.009081976204;2562:25748.463000620177;2832:25777.133731693208;3:25835.810677041343;1348:25837.588137171388;2923:25839.267532731083;83:25852.48292579524;3469:25858.885626091185;3470:25861.999712667042;3918:25871.53350785563;2830:25880.016159659754;2829:25887.85973411867;1945:25895.52118587319;1766:25901.13212320156;509:25914.182871930854;3650:25919.80547358572;1828:25920.766257920583;2117:25938.07232667229;4074:25949.507387084774;2677:25982.507555028613;1482:25983.74790417317;3601:25998.522890898275;699:26008.209559279214;2135:26016.993504405527;2136:26024.15213784261;1841:26032.56440142998;3553:26052.38722064125;542:26054.082929833858;3968:26055.61625567512;2137:26074.568694118643;2138:26088.38883531182;3142:26092.97533562589;3273:26097.065786112562;2035:26108.12283673758;1446:26123.652481783276;1981:26161.288534599305;2139:26196.100009410336;3554:26201.691716393743;3059:26203.21752821796;3681:26212.366804512676;178:26213.970661205938;3555:26216.82043271854;0:26248.921465121748;3057:26307.884176161977;739:26344.254673559983;3678:26351.86941853971;2416:26388.50904786525;456:26403.16699767076
0,5,default_vehtype,boarding,True,26403.16699767076,26433.16699767076,26403.16699767076,0.0,456;-1;-1,456;-1;-1,0.0,0.8218345771291972,0.8218345771291972,0,,0,5,1,,5,,
0,7,default_vehtype,route,False,25873.979886638914,26565.299835261,25873.979886638914,0.0,3964;-1;-1,442;-1;-1,4660.774854070001,0.9456548186498269,0.9451887411644198,0.0,,0,8,1,,,3964;1262;290;347;348;349;1406;1188;1405;3682;3987;3568;427;428;3771;172;2596;429;430;431;432;433;434;248;2668;435;3664;436;437;2105;2106;442,3964:25873.979886638914;1262:25892.436962198146;290:25914.68069777394;347:25920.151955502002;348:25978.631120766873;349:25996.651165388408;1406:26035.39570651227;1188:26055.932093693795;1405:26065.20874610138;3682:26079.074604432695;3987:26083.61510947907;3568:26119.971770003798;427:26150.42809476313;428:26171.9619762182;3771:26205.267537538868;172:26208.612146620108;2596:26224.66020100703;429:26242.475818588337;430:26258.53422706333;431:26272.087232397396;432:26285.388262393328;433:26339.453102711246;434:26369.712963805683;248:26418.31121906414;2668:26440.153177440854;435:26456.62287567134;3664:26467.042972919702;436:26473.265258183827;437:26492.024083609413;2105:26534.361364168268;2106:26550.094679856837;442:26565.299835261
0,7,default_vehtype,boarding,True,26565.299835261,26595.299835261,26565.299835261,0.0,442;-1;-1,442;-1;-1,0.0,0.9451887411644198,0.9451887411644198,0,,0,8,1,,8,,
0,6,default_vehtype,route,False,26128.662750237872,26605.937773992355,26128.662750237872,0.0,1775;-1;-1,2224;-1;-1,3285.0137905,0.856978788321918,0.8566502869428682,0.0,,0,,0,,,1775;2601;2882;2668;248;247;246;251;250;612;609;610;611;171;2348;2405;2443;2374;2375;654;2181;2131;2044;1429;2180;1997;2224,1775:26128.662750237872;2601:26130.622529687298;2882:26143.35972886772;2668:26161.048377673127;248:26183.64929506127;247:26210.21359397454;246:26223.84161941389;251:26227.69640960654;250:26240.45034680771;612:26291.969873500388;609:26293.926202041042;610:26316.018535854873;611:26334.471415329306;171:26357.20590496773;2348:26405.826710116235;2405:26415.381240280913;2443:26451.086594539705;2374:26464.18831808144;2375:26473.128825098214;654:26507.23964976689;2181:26517.836467202927;2131:26528.794541583833;2044:26541.97678390506;1429:26556.200410233483;2180:26567.256663253487;1997:26576.365835450873;2224:26605.937773992355
0,6,default_vehtype,boarding,True,26605.937773992355,26751.04483035257,26605.937773992355,0.0,2224;-1;-1,2224;-1;-1,0.0,0.8566502869428682,0.8566502869428682,0,,0,11,1,11,,,
0,5,default_vehtype,route,False,26433.16699767076,26792.50941627893,26433.16699767076,0.0,456;-1;-1,1503;-1;-1,2573.800819249999,0.8218345771291972,0.821577197047272,0.0,,0,,0,,,456;2416;3678;739;3640;160;740;741;742;743;744;745;746;747;544;748;2155;1503,456:26433.16699767076;2416:26444.149361046035;3678:26473.684748633776;739:26479.53892109387;3640:26499.904216665036;160:26505.450358013695;740:26539.80702248612;741:26560.76816937291;742:26572.090721414304;743:26587.016236553445;744:26600.482874047997;745:26647.58356221671;746:26670.075231368526;747:26683.96332067437;544:26704.98843032236;748:26725.657887151978;2155:26742.929769356873;1503:26792.50941627893
0,5,default_vehtype,boarding,True,26792.50941627893,26868.764998591927,26792.50941627893,0.0,1503;-1;-1,1503;-1;-1,0.0,0.821577197047272,0.821577197047272,0,,0,12,1,12,,,
0,7,default_vehtype,route,False,26595.299835261,27049.497271636923,26595.299835261,0.0,442;-1;-1,2203;-1;-1,2871.9145034499993,0.9451887411644198,0.9449015497140746,0.0,,0,,0,,,442;441;2051;1295;1296;1297;1298;826;610;611;171;2348;2405;2443;2374;1426;2373;1664;2689;2372;2497;2203,442:26595.299835261;441:26611.083432980682;2051:26621.842485043373;1295:26645.50430561722;1296:26663.712379401226;1297:26679.560015410538;1298:26684.844290738885;826:26704.940989285322;610:26732.768441724125;611:26751.221321198558;171:26773.955810836982;2348:26822.576615985487;2405:26832.131146150165;2443:26867.836500408957;2374:26880.938223950692;1426:26918.652941639997;2373:26933.393140440843;1664:26944.311684776723;2689:26950.886211155786;2372:27015.91087355374;2497:27026.651663618184;2203:27049.497271636923
0,7,default_vehtype,boarding,True,27049.497271636923,27063.350338455388,27049.497271636923,0.0,2203;-1;-1,2203;-1;-1,0.0,0.9449015497140746,0.9449015497140746,0,,0,6,1,6,,,
0,6,default_vehtype,route,False,26751.04483035257,27190.865718687754,26751.04483035257,0.0,2224;-1;-1,427;-1;-1,2848.16985534,0.8566502869428682,0.8563654699573336,0.0,,0,11,1,,,2224;2223;2203;2497;2372;358;2345;2503;2403;1880;2208;4026;2386;4027;3560;3561;3563;3565;3566;3567;426;3568;427,2224:26751.04483035257;2223:26799.728590267245;2203:26812.375422337656;2497:26836.27528088126;2372:26847.09276850223;358:26849.8594811624;2345:26863.39519988472;2503:26871.506945483652;2403:26912.06289907076;1880:26952.451779928055;2208:27006.27175985085;4026:27042.49170343557;2386:27044.233992064535;4027:27045.400340243927;3560:27058.107797083532;3561:27105.29089212366;3563:27106.235332642995;3565:27107.90615377927;3566:27108.52432722752;3567:27156.787512945404;426:27159.021913436573;3568:27160.40939392842;427:27190.865718687754
0,6,default_vehtype,boarding,True,27190.865718687754,27220.865718687754,27190.865718687754,0.0,427;-1;-1,427;-1;-1,0.0,0.8563654699573336,0.8563654699573336,0,,0,11,1,,11,,
0,5,default_vehtype,route,False,26868.764998591927,27246.428711199467,26868.764998591927,0.0,1503;-1;-1,3562;-1;-1,2526.3783432500004,0.821577197047272,0.821324559212947,0.0,,0,12,1,,,1503;2155;748;544;1408;1407;3571;349;1406;1188;1405;3682;3987;3568;3314;328;3562,1503:26868.764998591927;2155:26922.861119429235;748:26941.373776221557;544:26962.454646810846;1408:27026.323780552404;1407:27032.48972893759;3571:27034.008079681036;349:27069.715516523393;1406:27108.460057647255;1188:27128.99644482878;1405:27138.273097236364;3682:27152.13895556768;3987:27156.679460614054;3568:27193.036121138783;3314:27195.400928690426;328:27244.70301136245;3562:27246.428711199467
0,5,default_vehtype,boarding,True,27246.428711199467,27276.428711199467,27246.428711199467,0.0,3562;-1;-1,3562;-1;-1,0.0,0.821324559212947,0.821324559212947,0,,0,12,1,,12,,
0,7,default_vehtype,route,False,27063.350338455388,27449.36908058708,27063.350338455388,0.0,2203;-1;-1,1616;-1;-1,2539.576225858,0.9449015497140746,0.9446475920914885,0.0,,0,6,1,,,2203;2497;2372;358;2345;2503;2403;1880;2208;4026;2386;4027;3560;3561;3564;327;833;4069;1616,2203:27063.350338455388;2497:27087.25019699899;2372:27098.06768461996;358:27100.83439728013;2345:27114.37011600245;2503:27122.481861601384;2403:27163.03781518849;1880:27203.426696045786;2208:27257.24667596858;4026:27293.466619553303;2386:27295.208908182267;4027:27296.375256361658;3560:27309.082713201264;3561:27356.26580824139;3564:27359.837427843682;327:27390.47229628919;833:27422.562850714763;4069:27438.762867765952;1616:27449.36908058708
0,7,default_vehtype,boarding,True,27449.36908058708,27479.36908058708,27449.36908058708,0.0,1616;-1;-1,1616;-1;-1,0.0,0.9446475920914885,0.9446475920914885,0,,0,6,1,,6,,
0,6,default_vehtype,route,False,27220.865718687754,27596.94678128015,27220.865718687754,0.0,427;-1;-1,3799;-1;-1,3471.656042910001,0.8563654699573336,0.8560183043530428,0.0,,0,,0,,,427;428;3771;3873;3178;3177;145;3387;3931;45;3329;54;2602;2868;3770;724;3693;3799,427:27220.865718687754;428:27242.399600142824;3771:27275.70516146349;3873:27286.856962840244;3178:27327.29023057802;3177:27358.93608562622;145:27378.843362001546;3387:27460.401470169487;3931:27477.376281787227;45:27494.977593071337;3329:27533.525907435804;54:27541.251711835997;2602:27549.212890160812;2868:27562.892418325846;3770:27565.492588787074;724:27569.65227088843;3693:27587.34627359733;3799:27596.94678128015
0,6,default_vehtype,boarding,True,27596.94678128015,27617.728313939497,27596.94678128015,0.0,3799;-1;-1,3799;-1;-1,0.0,0.8560183043530428,0.8560183043530428,0,,0,14,2,14,,,
0,5,default_vehtype,route,False,27276.428711199467,27721.48530319604,27276.428711199467,0.0,3562;-1;-1,3442;-1;-1,3108.749795062,0.821324559212947,0.8210136842334408,0.0,,0,,0,,,3562;3563;3565;3566;3567;3315;3475;3477;3476;3313;3115;3666;3150;2675;3680;2687;423;1873;1874;124;1875;1256;1876;1877;189;1878;3442,3562:27276.428711199467;3563:27278.41138249342;3565:27280.082203629696;3566:27280.700377077945;3567:27328.96356279583;3315:27340.883101690393;3475:27356.506704684845;3477:27376.00294551255;3476:27384.07331120784;3313:27402.284077646556;3115:27431.16615381452;3666:27433.627772452113;3150:27458.296783640344;2675:27485.600202170364;3680:27486.774599693163;2687:27536.755954243796;423:27539.24375498214;1873:27567.93604718538;1874:27596.599462545393;124:27604.958172438877;1875:27635.57108083786;1256:27672.862538639878;1876:27691.15922416013;1877:27694.15316211742;189:27709.83902925416;1878:27717.210485999385;3442:27721.48530319604
0,5,default_vehtype,boarding,True,27721.48530319604,27722.538874955397,27721.48530319604,0.0,3442;-1;-1,3442;-1;-1,0.0,0.8210136842334408,0.8210136842334408,0.0,,0,16,1,16,,,
0,7,default_vehtype,route,False,27479.36908058708,27765.478382263453,27479.36908058708,0.0,1616;-1;-1,664;-1;-1,2150.33070141,0.9446475920914885,0.9444325590213475,0.0,,0,,0,,,1616;3426;3425;3424;3422;3420;3419;3418;3790;3417;3416;1281;664,1616:27479.36908058708;3426:27531.28786339479;3425:27543.8630709971;3424:27592.960980018142;3422:27597.538298784915;3420:27628.604097129784;3419:27644.296769416273;3418:27668.148972265488;3790:27683.231708793923;3417:27701.143745424626;3416:27732.22196237268;1281:27757.789366869747;664:27765.478382263453
0,7,default_vehtype,boarding,True,27765.478382263453,27786.328266872755,27765.478382263453,0.0,664;-1;-1,664;-1;-1,0.0,0.9444325590213475,0.9444325590213475,0,,0,13,2,13,,,
0,7,default_vehtype,route,False,27786.328266872755,27795.569064849675,27786.328266872755,0.0,664;-1;-1,1281;-1;-1,47.80803514,0.9444325590213475,0.9444277782178335,0.0,,0,13,2,,,664;1281,664:27786.328266872755;1281:27795.569064849675
0,7,default_vehtype,planned_stop,True,27870,27871,27795.569064849675,74.43093515032524,1281;-1;-1,1281;-1;-1,0.0,0.9444277782178335,0.9444277782178335,0,,0,13,2,,,,
0,6,default_vehtype,route,False,27617.728313939497,28077.658753537038,27617.728313939497,0.0,3799;-1;-1,351;-1;-1,3283.2629221599977,0.8560183043530428,0.8556899780608268,0.0,,0,14,2,,,3799;725;4021;726;3619;691;3679;739;3640;160;740;741;742;743;744;745;746;747;544;1408;1407;3571;349;350;351,3799:27617.728313939497;725:27626.943361855436;4021:27631.861576319745;726:27640.588766393896;3619:27650.55434989641;691:27664.704709283895;3679:27674.801643589868;739:27678.238398923168;3640:27698.603694494333;160:27704.149835842993;740:27738.506500315416;741:27759.467647202207;742:27770.790199243602;743:27785.715714382743;744:27799.182351877294;745:27846.283040046008;746:27868.774709197824;747:27882.66279850367;544:27903.687908151656;1408:27967.557041893215;1407:27973.722990278402;3571:27975.241341021847;349:28010.948777864203;350:28028.32464003448;351:28077.658753537038
0,6,default_vehtype,boarding,True,28077.658753537038,28107.658753537038,28077.658753537038,0.0,351;-1;-1,351;-1;-1,0.0,0.8556899780608268,0.8556899780608268,0,,0,14,2,,14,,
0,5,default_vehtype,route,False,27722.538874955397,28140.771643666703,27722.538874955397,0.0,3442;-1;-1,3562;-1;-1,3099.98510776,0.8210136842334408,0.8207036857226642,0.0,,0,16,1,,,3442;1878;189;1877;1876;1256;1257;237;686;125;2000;535;424;3203;3204;3926;2670;338;3665;3925;425;3474;426;3568;3314;328;3562,3442:27722.538874955397;1878:27727.437063717804;189:27735.036723559057;1877:27751.274182056095;1876:27754.32066199979;1256:27772.85974556975;1257:27786.02663018772;237:27795.898862060898;686:27822.24880426402;125:27833.553544611674;2000:27865.24750897738;535:27877.10822406823;424:27910.573465715734;3203:27926.977596946737;3204:27928.190998195463;3926:27951.535290773434;2670:27980.0226308469;338:27982.6461153991;3665:28011.843316156774;3925:28028.421076040686;425:28038.469320494212;3474:28058.175129737218;426:28085.99157311417;3568:28087.37905360602;3314:28089.74386115766;328:28139.045943829686;3562:28140.771643666703
0,5,default_vehtype,boarding,True,28140.771643666703,28170.771643666703,28140.771643666703,0.0,3562;-1;-1,3562;-1;-1,0.0,0.8207036857226642,0.8207036857226642,0,,0,16,1,,16,,
0,6,default_vehtype,route,False,28107.658753537038,28222.379115672473,28107.658753537038,0.0,351;-1;-1,3572;-1;-1,711.54606722,0.8556899780608268,0.8556188234541051,0.0,,0,,0,,,351;350;349;3571;3572,351:28107.658753537038;350:28155.02222928109;349:28173.32479293742;3571:28208.6298201397;3572:28222.379115672473
0,6,default_vehtype,boarding,True,28222.379115672473,28292.301252012876,28222.379115672473,0.0,3572;-1;-1,3572;-1;-1,0.0,0.8556188234541051,0.8556188234541051,0,,0,21,1,21,,,
0,7,default_vehtype,route,False,27871,28337.453408968653,27871,0,1281;-1;-1,1469;-1;-1,3114.529923649999,0.9444277782178335,0.9441163252254684,0.0,,0,13,2,,,1281;3416;1280;673;1519;3696;3791;214;3419;213;212;2306;3824;2205;2206;3868;2207;2387;3644;2386;4026;2208;1880;2403;1469,1281:27871;3416:27896.871529137967;1280:27899.97380739206;673:27931.476736914123;1519:27944.86686651091;3696:27947.863970936425;3791:27963.23840041417;214:27989.841194788783;3419:27992.202176623854;213:28027.405498050644;212:28058.7024278941;2306:28078.853404214824;3824:28080.968968195164;2205:28091.959535396047;2206:28122.99055845805;3868:28133.806622578883;2207:28139.898359806914;2387:28145.93859732362;3644:28153.193284144578;2386:28164.414485253936;4026:28166.128866587213;2208:28202.348810171934;1880:28255.736034175214;2403:28296.318114385194;1469:28337.453408968653
0,7,default_vehtype,boarding,True,28337.453408968653,28367.453408968653,28337.453408968653,0.0,1469;-1;-1,1469;-1;-1,0.0,0.9441163252254684,0.9441163252254684,0,,0,13,2,,13,,
0,6,default_vehtype,route,False,28292.301252012876,28417.539507041358,28292.301252012876,0.0,3572;-1;-1,2155;-1;-1,829.27718571,0.8556188234541051,0.8555358957355338,0.0,,0,21,1,,,3572;1407;1408;544;748;2155,3572:28292.301252012876;1407:28309.573022269502;1408:28315.69368210998;544:28379.598168006843;748:28400.267624836462;2155:28417.539507041358
0,5,default_vehtype,route,False,28170.771643666703,28420.997340990143,28170.771643666703,0.0,3562;-1;-1,2121;-1;-1,1706.2267076590006,0.8207036857226642,0.8205330630518979,0.0,,0,,0,,,3562;3563;3565;3566;3567;426;3568;427;428;2121,3562:28170.771643666703;3563:28172.754314960657;3565:28174.425136096932;3566:28175.04330954518;3567:28223.306495263067;426:28225.540895754235;3568:28226.928376246084;427:28257.384701005416;428:28278.918582460487;2121:28420.997340990143
0,6,default_vehtype,boarding,True,28417.539507041358,28447.539507041358,28417.539507041358,0.0,2155;-1;-1,2155;-1;-1,0.0,0.8555358957355338,0.8555358957355338,0,,0,21,1,,21,,
0,5,default_vehtype,boarding,True,28420.997340990143,28477.965541151312,28420.997340990143,0.0,2121;-1;-1,2121;-1;-1,0.0,0.8205330630518979,0.8205330630518979,0,,0,22,1,22,,,
0,7,default_vehtype,route,False,28367.453408968653,28833.631607142976,28367.453408968653,0.0,1469;-1;-1,567;-1;-1,3240.2339793800006,0.9441163252254684,0.9437923018275302,0.0,,0,,0,,,1469;2403;1880;2208;2209;2210;304;303;302;1573;257;1344;2388;1750;3676;1915;2776;531;730;2338;2389;254;3654;1897;3801;1038;853;567,1469:28367.453408968653;2403:28409.088559576117;1880:28449.477440433413;2208:28503.297420356208;2209:28513.363217680406;2210:28530.383768032054;304:28537.55790531947;303:28554.042277802077;302:28565.70355065794;1573:28579.69840067692;257:28587.44539325682;1344:28598.546273705088;2388:28604.822348218095;1750:28634.774754752925;3676:28643.498387836353;1915:28650.10958673054;2776:28659.48256946131;531:28663.01978211053;730:28674.93194474664;2338:28712.80232849446;2389:28726.829229863542;254:28740.161874329042;3654:28745.044315823692;1897:28749.23138924267;3801:28753.64421111074;1038:28762.073706190356;853:28821.66129646345;567:28833.631607142976
0,6,default_vehtype,route,False,28447.539507041358,28877.226977937637,28447.539507041358,0.0,2155;-1;-1,1;-1;-1,4425.536944439999,0.8555358957355338,0.8550933420410908,0.0,,0,,0,,,2155;748;749;3350;3352;3351;134;2584;3269;39;71;3272;1,2155:28447.539507041358;748:28466.05216383368;749:28503.742866332625;3350:28524.03499300099;3352:28537.054207913698;3351:28557.76227182793;134:28593.08567875655;2584:28627.722600753765;3269:28719.76929854993;39:28753.918586509782;71:28806.08747623104;3272:28846.013934640654;1:28877.226977937637
0,6,default_vehtype,boarding,True,28877.226977937637,28880.805979760407,28877.226977937637,0.0,1;-1;-1,1;-1;-1,0.0,0.8550933420410908,0.8550933420410908,0,,0,17,1,17,,,
0,7,default_vehtype,boarding,True,28833.631607142976,29076.67511120276,28833.631607142976,0.0,567;-1;-1,567;-1;-1,0.0,0.9437923018275302,0.9437923018275302,0,,0,20,1,20,,,
0,5,default_vehtype,route,False,28477.965541151312,29211.22098766877,28477.965541151312,0.0,2121;-1;-1,225;-1;-1,5305.147420580001,0.8205330630518979,0.8200025483098399,0.0,,0,22,1,,,2121;428;2716;3314;3567;3315;3475;3477;3476;3313;3115;3427;3426;3425;3424;3422;3420;3419;214;236;4050;235;234;233;232;231;230;229;228;227;226;4023;225,2121:28477.965541151312;428:28622.730742722706;2716:28625.29150221245;3314:28677.65860998187;3567:28679.038329084382;3315:28690.957867978945;3475:28706.581470973397;3477:28726.077711801103;3476:28734.148077496393;3313:28752.358843935108;3115:28781.24092010307;3427:28806.20317356097;3426:28819.106542612586;3425:28831.681750214895;3424:28880.779659235937;3422:28885.35697800271;3420:28916.42277634758;3419:28932.115448634067;214:28934.637705477056;236:28953.430956027034;4050:28976.470488282084;235:28979.57544014145;234:28986.645020058073;233:28993.893271826873;232:29006.583071291774;231:29009.009496194816;230:29051.86863142006;229:29078.072881880355;228:29121.716341885574;227:29147.84332568409;226:29174.417810195788;4023:29179.795679446295;225:29211.22098766877
0,6,default_vehtype,route,False,28880.805979760407,29231.994752779858,28880.805979760407,0.0,1;-1;-1,33;-1;-1,3708.4411406799986,0.8550933420410908,0.8547224979270228,0.0,,0,17,1,,,1;2596;3054;2715;172;3873;3178;3177;3268;3267;2585;33,1:28880.805979760407;2596:28914.10304352979;3054:28916.501940066973;2715:28932.913922343098;172:28935.1862067504;3873:28945.10096767252;3178:28985.534235410294;3177:29017.180090458496;3268:29068.509098219052;3267:29089.718501273703;2585:29181.889857448106;33:29231.994752779858
0,5,default_vehtype,boarding,True,29211.22098766877,29241.22098766877,29211.22098766877,0.0,225;-1;-1,225;-1;-1,0.0,0.8200025483098399,0.8200025483098399,0,,0,22,1,,22,,
0,6,default_vehtype,boarding,True,29231.994752779858,29261.994752779858,29231.994752779858,0.0,33;-1;-1,33;-1;-1,0.0,0.8547224979270228,0.8547224979270228,0,,0,17,1,,17,,
0,6,default_vehtype,route,False,29261.994752779858,29506.849646710412,29261.994752779858,0.0,33;-1;-1,199;-1;-1,2943.5429270300006,0.8547224979270228,0.8544281436343196,0.0,,0,,0,,,33;2578;2579;2655;3450;2864;3448;199,33:29261.994752779858;2578:29342.536555572224;2579:29390.266422529425;2655:29449.717602951474;3450:29486.5398991027;2864:29489.44445367632;3448:29498.220660783645;199:29506.849646710412
0,5,default_vehtype,route,False,29241.22098766877,29584.980917462966,29241.22098766877,0.0,225;-1;-1,600;-1;-1,2412.0220609999997,0.8200025483098399,0.8197613461037401,0.0,,0,,0,,,225;4023;226;227;228;229;230;231;232;233;234;235;4050;236;214;3419;213;1531;600,225:29241.22098766877;4023:29272.795915739258;226:29278.153113565517;227:29304.6254512198;228:29330.757589510173;229:29373.680510011425;230:29399.452136714892;231:29442.493577982557;232:29444.920481585606;233:29457.66397197994;234:29464.942891323535;235:29472.07087310731;4050:29475.201475003614;236:29498.431337054473;214:29518.01106155938;3419:29520.37204339445;213:29555.57536482124;1531:29570.922034322914;600:29584.980917462966
0,7,default_vehtype,route,False,29076.67511120276,29587.152896403706,29076.67511120276,0.0,567;-1;-1,2404;-1;-1,3446.616428209999,0.9437923018275302,0.9434476401847093,0.0,,0,20,1,,,567;853;1038;3801;1897;3654;254;2389;2338;730;531;2776;1915;3676;1750;2388;1344;257;1573;302;969;3869;2207;2387;3644;2386;4026;2208;1880;2403;1469;2404,567:29076.67511120276;853:29087.9146022116;1038:29144.51944750881;3801:29152.982800197038;1897:29157.41551622021;3654:29161.923288536756;254:29166.805730031407;2389:29179.866205265545;2338:29193.551264935035;730:29230.648572249094;531:29242.3195227157;2776:29245.785109518027;1915:29255.087655227217;3676:29261.64917162731;1750:29270.307247486384;2388:29299.653140730312;1344:29305.80212954146;257:29316.58726132384;1573:29324.11390178094;302:29337.710688309064;969:29346.46241029203;3869:29351.439022646937;2207:29357.075571401423;2387:29363.11580891813;3644:29370.370495739087;2386:29381.591696848445;4026:29383.306078181722;2208:29419.526021766444;1880:29472.913245769723;2403:29513.495325979704;1469:29554.630620563163;2404:29587.152896403706
0,7,default_vehtype,boarding,True,29587.152896403706,29617.152896403706,29587.152896403706,0.0,2404;-1;-1,2404;-1;-1,0.0,0.9434476401847093,0.9434476401847093,0,,0,20,1,,20,,
0,5,default_vehtype,boarding,True,29584.980917462966,29640.888317209432,29584.980917462966,0.0,600;-1;-1,600;-1;-1,0.0,0.8197613461037401,0.8197613461037401,0,,0,23,1,23,,,
0,6,default_vehtype,boarding,True,29506.849646710412,29890.71659017235,29506.849646710412,0.0,199;-1;-1,199;-1;-1,0.0,0.8544281436343196,0.8544281436343196,0,,0,7,1,7,,,
0,5,default_vehtype,route,False,29640.888317209432,30092.623822327485,29640.888317209432,0.0,600;-1;-1,1279;-1;-1,2900.9977285899986,0.8197613461037401,0.8194712463308808,0.0,,0,23,1,,,600;1531;213;212;2306;3824;2205;2206;3868;2207;2387;3644;2386;4026;2208;1880;2403;1469;2404;852;1278;1279,600:29640.888317209432;1531:29657.35187539067;213:29674.839300253374;212:29706.13623009683;2306:29726.287206417554;3824:29728.402770397894;2205:29739.393337598776;2206:29770.424360660778;3868:29781.240424781612;2207:29787.332162009643;2387:29793.37239952635;3644:29800.627086347307;2386:29811.848287456665;4026:29813.562668789942;2208:29849.782612374664;1880:29903.169836377943;2403:29943.751916587924;1469:29984.887211171383;2404:30017.409487011926;852:30057.130107638735;1278:30085.861384505653;1279:30092.623822327485
0,5,default_vehtype,boarding,True,30092.623822327485,30122.623822327485,30092.623822327485,0.0,1279;-1;-1,1279;-1;-1,0.0,0.8194712463308808,0.8194712463308808,0,,0,23,1,,23,,
0,7,default_vehtype,route,False,29617.152896403706,30135.37909252162,29617.152896403706,0.0,2404;-1;-1,3171;-1;-1,4594.569503849999,0.9434476401847093,0.9429881832343241,0.0,,0,,0,,,2404;2269;1242;2240;2429;578;1135;2289;1468;867;430;3112;3054;3336;2915;3413;3412;3169;3170;3171,2404:29617.152896403706;2269:29632.664052399614;1242:29636.738925891226;2240:29655.62727886237;2429:29673.9898161832;578:29692.79106826766;1135:29710.84758821542;2289:29736.15827791796;1468:29747.314460530757;867:29769.9783708826;430:29794.578248299717;3112:29810.92672109555;3054:29829.018387692216;3336:29877.279325916425;2915:30038.155726114397;3413:30082.350914122013;3412:30095.962782556788;3169:30109.798312176303;3170:30115.998518285138;3171:30135.37909252162
0,7,default_vehtype,boarding,True,30135.37909252162,30187.34335653714,30135.37909252162,0.0,3171;-1;-1,3171;-1;-1,0.0,0.9429881832343241,0.9429881832343241,0,,0,32,1,32,,,
0,5,default_vehtype,route,False,30122.623822327485,30374.923160330844,30122.623822327485,0.0,1279;-1;-1,1969;-1;-1,1703.4005417500002,0.8194712463308808,0.8193009062767056,0.0,,0,,0,,,1279;1278;2405;2348;171;611;610;826;1298;1297;1971;1555;1970;320;1969,1279:30122.623822327485;1278:30130.878319859257;2405:30152.25654943967;2348:30162.003396504948;171:30211.602858101196;611:30233.495396206912;610:30251.66032960464;826:30280.754450059005;1298:30302.55721811379;1297:30307.42445192443;1971:30329.630045533202;1555:30352.410751467312;1970:30358.813081829325;320:30365.8517980187;1969:30374.923160330844
0,5,default_vehtype,boarding,True,30374.923160330844,30689.473081863594,30374.923160330844,0.0,1969;-1;-1,1969;-1;-1,0.0,0.8193009062767056,0.8193009062767056,0.0,,0,9,1,9,,,
0,7,default_vehtype,route,False,30187.34335653714,30686.04952993344,30187.34335653714,0.0,3171;-1;-1,2497;-1;-1,3524.102017993999,0.9429881832343241,0.9426357730325251,0.0,,0,32,1,,,3171;3170;3169;567;853;1038;3801;1897;3653;1893;1898;1899;4007;1900;1138;1901;624;625;626;1477;1476;1966;1967;580;2042;1318;1336;2179;1717;2223;2203;2497,3171:30187.34335653714;3170:30208.91643397252;3169:30215.733612008517;567:30257.007398922306;853:30268.246889931146;1038:30324.851735228356;3801:30333.315087916584;1897:30337.747803939757;3653:30343.415504275996;1893:30345.110602650057;1898:30353.042850999063;1899:30357.558204738078;4007:30380.795599059078;1900:30382.17763532581;1138:30384.93294710659;1901:30402.47697549069;624:30425.047126771962;625:30434.420058727763;626:30443.61178464826;1477:30447.330833129974;1476:30457.03742422102;1966:30468.663891851753;1967:30478.84866241519;580:30484.25282538968;2042:30502.49860290676;1318:30508.506001218444;1336:30521.59785103599;2179:30621.46894767691;1717:30636.300832909605;2223:30649.502839319426;2203:30662.149671389838;2497:30686.04952993344
0,7,default_vehtype,boarding,True,30686.04952993344,30716.04952993344,30686.04952993344,0.0,2497;-1;-1,2497;-1;-1,0.0,0.9426357730325251,0.9426357730325251,0,,0,32,1,,32,,
0,6,default_vehtype,route,False,29890.71659017235,30873.87222363623,29890.71659017235,0.0,199;-1;-1,1587;-1;-1,11249.022656940004,0.8544281436343196,0.8533032413686253,0.0,,0,7,1,,,199;198;197;2701;2656;3845;2698;3208;504;3211;2859;3213;3215;3214;2557;2558;3217;2559;3582;3224;67;3226;3227;3528;3527;3529;66;65;2767;2673;1962;2488;1383;3611;2764;3372;910;193;1780;3234;2522;3079;3078;3154;3124;3085;3082;3083;3072;3073;3036;36;3642;3374;37;964;144;3378;1779;1778;968;3435;1777;3436;1785;3097;341;1587,199:29890.71659017235;198:29936.40589413714;197:29938.911592522825;2701:29941.165267071054;2656:29950.23047113539;3845:29990.50695270597;2698:30043.91445320259;3208:30054.405102539156;504:30063.089685130344;3211:30071.410481948406;2859:30104.025185151146;3213:30126.970644363853;3215:30135.1505768568;3214:30141.611719075423;2557:30154.722630602602;2558:30199.41197001288;3217:30207.508222086202;2559:30219.958715693636;3582:30221.314755108102;3224:30236.520784806635;67:30243.116126460358;3226:30255.895479017167;3227:30261.7919930713;3528:30267.766039009457;3527:30272.31710595364;3529:30276.128207155227;66:30294.381924926314;65:30297.252048028284;2767:30309.437542100397;2673:30336.373526944033;1962:30363.563642411864;2488:30367.120010911014;1383:30378.79196794;3611:30391.196663565777;2764:30441.060870512294;3372:30450.049304109234;910:30450.82198329355;193:30495.868361045294;1780:30501.09038170844;3234:30501.882516212558;2522:30507.475876157812;3079:30515.887429132585;3078:30521.676242371967;3154:30534.376985704323;3124:30536.801119298274;3085:30540.475964458616;3082:30554.535263371057;3083:30562.328250736;3072:30572.36680053086;3073:30581.47168452607;3036:30635.95535624797;36:30645.247245666982;3642:30654.576529640723;3374:30667.607612626016;37:30669.999258492302;964:30671.357014962716;144:30677.428686908584;3378:30679.84386855135;1779:30701.741686349298;1778:30708.65258631127;968:30715.4226386402;3435:30724.097833242406;1777:30726.280698480936;3436:30736.758812828353;1785:30742.71935460318;3097:30829.431042345186;341:30845.211001842792;1587:30873.87222363623
0,6,default_vehtype,boarding,True,30873.87222363623,30903.87222363623,30873.87222363623,0.0,1587;-1;-1,1587;-1;-1,0.0,0.8533032413686253,0.8533032413686253,0,,0,7,1,,7,,
0,7,default_vehtype,route,False,30716.04952993344,31104.809799720297,30716.04952993344,0.0,2497;-1;-1,264;-1;-1,2362.93193844,0.9426357730325251,0.9423994798386812,0.0,,0,,0,,,2497;2372;358;2345;2503;2403;1880;2208;4026;2386;3772;3922;832;3400;997;2305;1889;2279;2156;3421;3423;3424;265;3671;264,2497:30716.04952993344;2372:30726.86701755441;358:30729.63373021458;2345:30743.1694489369;2503:30751.281194535833;2403:30791.83714812294;1880:30832.226028980236;2208:30886.04600890303;4026:30922.265952487753;2386:30924.008241116717;3772:30936.74290670643;3922:30964.73102176312;832:30967.109233943498;3400:30973.81593608522;997:30979.942756023716;2305:30986.834504444345;1889:31001.4520740069;2279:31016.487414600637;2156:31032.052395312196;3421:31048.253674726227;3423:31052.900066905953;3424:31057.981866959588;265:31061.83569611786;3671:31067.560691677598;264:31104.809799720297
0,7,default_vehtype,boarding,True,31104.809799720297,31122.113409572405,31104.809799720297,0.0,264;-1;-1,264;-1;-1,0.0,0.9423994798386812,0.9423994798386812,0,,0,33,1,33,,,
0,7,default_vehtype,route,False,31122.113409572405,31151.814574542863,31122.113409572405,0.0,264;-1;-1,262;-1;-1,182.65380814,0.9423994798386812,0.9423812144578673,0.0,,0,33,1,,,264;263;262,264:31122.113409572405;263:31136.340806190197;262:31151.814574542863
0,7,default_vehtype,boarding,True,31151.814574542863,31191.998180420265,31151.814574542863,0.0,262;-1;-1,262;-1;-1,0.0,0.9423812144578673,0.9423812144578673,0,,0,33;24,2,24,,,
0,5,default_vehtype,route,False,30689.473081863594,31347.635879234236,30689.473081863594,0.0,1969;-1;-1,3150;-1;-1,4656.92428566,0.8193009062767056,0.8188352138481394,0.0,,0,9,1,,,1969;320;1970;1555;1971;1297;1296;1338;2013;246;247;248;434;433;432;431;430;3112;3054;2715;2716;3314;3567;3315;3475;3477;3476;3313;3115;3666;3150,1969:30689.473081863594;320:30698.411918773247;1970:30706.008129888873;1555:30711.943135750367;1971:30735.59498277352;1297:30758.496788572207;1296:30773.92462698156;1338:30808.98132793188;2013:30860.517888465067;246:30874.86342741448;247:30887.885803597554;248:30913.52255583405;434:30963.475328700843;433:30994.57858457273;432:31050.150305699703;431:31063.74066678527;430:31077.513125569098;3112:31093.861598364932;3054:31111.953264961598;2715:31128.36524723772;2716:31164.55583151779;3314:31216.92293928721;3567:31218.302658389723;3315:31230.222197284285;3475:31245.845800278737;3477:31265.342041106444;3476:31273.412406801734;3313:31291.62317324045;3115:31320.505249408412;3666:31322.966868046005;3150:31347.635879234236
0,5,default_vehtype,boarding,True,31347.635879234236,31355.51695295887,31347.635879234236,0.0,3150;-1;-1,3150;-1;-1,0.0,0.8188352138481394,0.8188352138481394,0,,0,9;34,3,34,,,
0,7,default_vehtype,route,False,31191.998180420265,31473.94601847096,31191.998180420265,0.0,262;-1;-1,3194;-1;-1,2242.1770386299995,0.9423812144578673,0.9421569967540042,0.0,,0,33;24,2,,,262;2171;518;2193;2192;2123;2358;1494;1495;466;465;1859;1858;3200;3199;1057;3898;3899;3684;2866;3194,262:31191.998180420265;2171:31206.939459769328;518:31234.722969097256;2193:31243.63178495821;2192:31246.258073518482;2123:31262.6959737346;2358:31277.12693112482;1494:31286.194461712686;1495:31289.930908364517;466:31329.295405254103;465:31339.103843424862;1859:31352.62170051143;1858:31377.852191481812;3200:31385.5278142247;3199:31389.682512126194;1057:31394.51777281076;3898:31403.15201954988;3899:31415.063394133365;3684:31432.79307369832;2866:31435.145363712618;3194:31473.94601847096
0,7,default_vehtype,boarding,True,31473.94601847096,31478.790458223277,31473.94601847096,0.0,3194;-1;-1,3194;-1;-1,0.0,0.9421569967540042,0.9421569967540042,0.0,,0,33;24;42,3,42,,,
0,6,default_vehtype,route,False,30903.87222363623,31593.549673531506,30903.87222363623,0.0,1587;-1;-1,1465;-1;-1,8208.879595330001,0.8533032413686253,0.852482353409092,0.0,,0,,0,,,1587;341;3097;3038;3763;3659;3658;3764;3765;3766;3767;3039;204;2667;9;3375;144;74;3377;2642;75;797;3090;3091;3089;3074;3153;3076;3125;73;3233;2899;2665;72;2828;3371;85;3610;2935;3607;2766;2679;2765;2629;143;3621;61;62;3223;3583;2560;2559;3221;2822;1703;628;629;630;631;632;1466;1465,1587:30903.87222363623;341:30931.988308102857;3097:30945.211785446085;3038:30951.71987685833;3763:30956.090005659655;3659:30976.85154356715;3658:30986.21027991877;3764:30991.39072836344;3765:30998.90714951957;3766:31007.849456391767;3767:31016.8489776791;3039:31043.224040303583;204:31051.347833900352;2667:31059.750637067275;9:31064.350887347962;3375:31076.36499541325;144:31077.955834050415;74:31079.123975363862;3377:31080.761940117027;2642:31092.614926427734;75:31103.1710023362;797:31107.561104592573;3090:31127.980802495513;3091:31133.202292290458;3089:31154.267174036184;3074:31156.785538865322;3153:31163.369520503038;3076:31173.626832748803;3125:31175.992523495093;73:31185.29145992871;3233:31190.373255796505;2899:31191.190748374538;2665:31196.939452291543;72:31238.083697428403;2828:31242.261753946186;3371:31243.367411329073;85:31252.709191625057;3610:31309.704996007727;2935:31323.029961058513;3607:31334.771853211594;2766:31366.437341346234;2679:31368.95583204337;2765:31371.930240709517;2629:31404.721435157033;143:31407.432498541093;3621:31414.56981581216;61:31437.774349243602;62:31462.93655386625;3223:31473.855737267622;3583:31485.593663200605;2560:31487.167551689043;2559:31488.668612469395;3221:31491.231688871147;2822:31494.12800816507;1703:31499.20529358908;628:31529.479730735453;629:31538.85859506816;630:31547.094150695728;631:31555.45961483124;632:31563.211171068942;1466:31583.40493870314;1465:31593.549673531506
0,7,default_vehtype,route,False,31478.790458223277,31675.992825581056,31478.790458223277,0.0,3194;-1;-1,735;-1;-1,1361.0988971999998,0.9421569967540042,0.942020886864284,0.0,,0,33;24;42,3,,,3194;3195;268;2633;128;255;269;735,3194:31478.790458223277;3195:31569.701284708124;268:31587.799633952283;2633:31590.384099341194;128:31617.435742528167;255:31635.800601665527;269:31654.638169153102;735:31675.992825581056
0,7,default_vehtype,boarding,True,31675.992825581056,31705.992825581056,31675.992825581056,0.0,735;-1;-1,735;-1;-1,0.0,0.942020886864284,0.942020886864284,0,,0,33;24;42,3,,24;33,,
0,6,default_vehtype,boarding,True,31593.549673531506,31758.677016164107,31593.549673531506,0.0,1465;-1;-1,1465;-1;-1,0.0,0.852482353409092,0.852482353409092,0,,0,26,1,26,,,
0,7,default_vehtype,route,False,31705.992825581056,31803.96072557318,31705.992825581056,0.0,735;-1;-1,3719;-1;-1,592.32444836,0.942020886864284,0.941961654419448,0.0,,0,42,1,,,735;269;270;271;272;273;3719,735:31705.992825581056;269:31724.389098436033;270:31741.85190130418;271:31759.751752591714;272:31780.240484337715;273:31791.192401695625;3719:31803.96072557318
0,7,default_vehtype,boarding,True,31803.96072557318,31833.96072557318,31803.96072557318,0.0,3719;-1;-1,3719;-1;-1,0.0,0.941961654419448,0.941961654419448,0,,0,42,1,,42,,
0,5,default_vehtype,route,False,31355.51695295887,31978.490425533124,31355.51695295887,0.0,3150;-1;-1,3691;-1;-1,4546.338148852999,0.8188352138481394,0.8183805800332534,0.0,,0,9;34,3,,,3150;2675;3680;2687;2688;2906;2867;3684;3749;3750;4004;2632;4067;2633;268;3195;1610;2858;3807;3935;1611;991;1197;723;3690;3691,3150:31355.51695295887;2675:31382.82037148889;3680:31383.99476901169;2687:31433.976123562323;2688:31475.189549544582;2906:31526.409118196236;2867:31536.025690345832;3684:31537.72655634497;3749:31551.195350933533;3750:31561.240254681517;4004:31577.828178290372;2632:31579.504022006935;4067:31581.424239186177;2633:31625.144745951642;268:31627.67675253541;3195:31645.751977271175;1610:31647.37963676534;2858:31698.451869804536;3807:31719.635440333015;3935:31742.71088643498;1611:31772.511642427784;991:31836.116781945762;1197:31869.427578519306;723:31903.08099937976;3690:31918.2932494445;3691:31978.490425533124
0,7,default_vehtype,route,False,31833.96072557318,31998.324301572793,31833.96072557318,0.0,3719;-1;-1,1235;-1;-1,1209.5172730000002,0.941961654419448,0.941840702692148,0.0,,0,,0,,,3719;3718;274;1927;992;1926;1758;2455;1391;2183;1924;1923;1235,3719:31833.96072557318;3718:31844.669019204706;274:31848.3198557029;1927:31856.81594586771;992:31875.647056405953;1926:31891.20975468657;1758:31902.44226222596;2455:31927.3293536491;1391:31939.49667609331;2183:31957.804539657463;1924:31972.624039557522;1923:31985.941172798943;1235:31998.324301572793
0,5,default_vehtype,boarding,True,31978.490425533124,32008.490425533124,31978.490425533124,0.0,3691;-1;-1,3691;-1;-1,0.0,0.8183805800332534,0.8183805800332534,0,,0,9;34,3,,9;34,,
0,7,default_vehtype,boarding,True,31998.324301572793,32025.04027270158,31998.324301572793,0.0,1235;-1;-1,1235;-1;-1,0.0,0.941840702692148,0.941840702692148,0,,0,19,1,19,,,
0,6,default_vehtype,route,False,31758.677016164107,32536.380865613868,31758.677016164107,0.0,1465;-1;-1,2311;-1;-1,6227.613803859998,0.852482353409092,0.8518595920287054,0.0,,0,26,1,,,1465;2010;2009;2557;2556;3614;3808;3929;3690;723;1197;1640;1809;2623;3969;2624;2627;3389;3335;2635;2583;134;2637;3110;335;336;2252;2347;2301;2311,1465:31758.677016164107;2010:31787.88952718587;2009:31800.860592579324;2557:31811.96330799321;2556:31815.155667597435;3614:31819.128998683984;3808:31828.577022075257;3929:31836.942817313997;3690:31900.475306501932;723:31916.499109778917;1197:31952.096387557645;1640:31974.04201220086;1809:32039.978517920652;2623:32063.70032480191;3969:32108.60410666035;2624:32120.44897605876;2627:32144.004342168177;3389:32165.952845926447;3335:32186.728057801647;2635:32267.365472618854;2583:32303.247452206113;134:32306.084922588496;2637:32325.138106062634;3110:32351.293814427092;335:32374.420350465243;336:32426.687834387176;2252:32447.778478850436;2347:32468.52772350982;2301:32478.474899020795;2311:32536.380865613868
0,6,default_vehtype,boarding,True,32536.380865613868,32566.380865613868,32536.380865613868,0.0,2311;-1;-1,2311;-1;-1,0.0,0.8518595920287054,0.8518595920287054,0,,0,26,1,,26,,
0,7,default_vehtype,route,False,32025.04027270158,32661.92033307465,32025.04027270158,0.0,1235;-1;-1,865;-1;-1,5334.12034165,0.941840702692148,0.9413072906579832,0.0,,0,19,1,,,1235;1234;1233;1232;2182;736;737;1390;199;198;197;2701;2656;3845;2698;3208;504;3211;2859;3213;3215;3214;2557;2558;3217;2559;3582;3224;67;3226;2823;3526;866;865,1235:32025.04027270158;1234:32038.91434629564;1233:32053.457789133965;1232:32068.381632226647;2182:32093.59037842472;736:32142.816938473134;737:32158.104123478308;1390:32172.85434275268;199:32210.521774394172;198:32256.211078358963;197:32258.716776744648;2701:32260.970451292877;2656:32270.035655357213;3845:32310.312136927794;2698:32363.719637424412;3208:32374.21028676098;504:32382.894869352167;3211:32391.21566617023;2859:32423.83036937297;3213:32446.775828585676;3215:32454.95576107862;3214:32461.416903297246;2557:32474.527814824425;2558:32519.217154234702;3217:32527.313406308025;2559:32539.76389991546;3582:32541.119939329925;3224:32556.325969028458;67:32562.92131068218;3226:32575.70066323899;2823:32580.43409837549;3526:32593.848229576637;866:32612.797478270943;865:32661.92033307465
0,7,default_vehtype,boarding,True,32661.92033307465,32668.732104675437,32661.92033307465,0.0,865;-1;-1,865;-1;-1,0.0,0.9413072906579832,0.9413072906579832,0.0,,0,19;30,2,30,,,
0,6,default_vehtype,route,False,32566.380865613868,32795.04854650176,32566.380865613868,0.0,2311;-1;-1,351;-1;-1,1425.5654964699997,0.8518595920287054,0.8517170354790587,0.0,,0,,0,,,2311;1263;1186;1187;1188;1406;2221;2222;2176;351,2311:32566.380865613868;1263:32582.564713846332;1186:32621.64475012174;1187:32679.570395511033;1188:32698.19028749951;1406:32718.325887046358;2221:32735.45247843354;2222:32771.051145549536;2176:32782.106214204534;351:32795.04854650176
0,5,default_vehtype,route,False,32008.490425533124,32843.669382065375,32008.490425533124,0.0,3691;-1;-1,2121;-1;-1,5821.2162338,0.8183805800332534,0.8177984584098729,0.0,,0,,0,,,3691;3692;2658;722;3929;3690;723;1197;1640;1809;2623;1362;1810;1811;361;1812;1813;3111;334;3348;3787;3788;749;748;544;1408;2220;916;111;1092;615;616;617;618;3865;3864;512;2121,3691:32008.490425533124;3692:32013.78512727125;2658:32016.5452639375;722:32019.87059315857;3929:32025.252725878378;3690:32088.785215066313;723:32104.809018343298;1197:32140.406296122026;1640:32162.351920765243;1809:32228.288426485033;2623:32252.01023336629;1362:32278.450578998134;1810:32301.05684708835;1811:32362.826283132657;361:32384.416362754833;1812:32418.453783022138;1813:32432.57621812976;3111:32473.84076002997;334:32476.50654169551;3348:32497.66338344782;3787:32505.321964036393;3788:32515.189805622253;749:32531.47726709729;748:32569.918181551366;544:32590.999052140654;1408:32654.868185882213;2220:32672.52707177808;916:32701.396659978007;111:32719.9003517797;1092:32746.99277215818;615:32758.306668295823;616:32767.8903419911;617:32779.199223354684;618:32795.570087410604;3865:32805.5306632096;3864:32810.556145282826;512:32818.504740623015;2121:32843.669382065375
0,6,default_vehtype,boarding,True,32795.04854650176,32848.74521953066,32795.04854650176,0.0,351;-1;-1,351;-1;-1,0.0,0.8517170354790587,0.8517170354790587,0.0,,0,29,1,29,,,
0,5,default_vehtype,boarding,True,32843.669382065375,32951.03685077435,32843.669382065375,0.0,2121;-1;-1,2121;-1;-1,0.0,0.8177984584098729,0.8177984584098729,0,,0,31,1,31,,,
0,5,default_vehtype,route,False,32951.03685077435,33361.08462545471,32951.03685077435,0.0,2121;-1;-1,2404;-1;-1,2558.1570968699994,0.8177984584098729,0.817542642700186,0.0,,0,31,1,,,2121;428;3771;172;2596;429;430;867;1468;2289;1135;578;2429;2240;1242;2269;2404,2121:32951.03685077435;428:33095.80205234574;3771:33129.107613666405;172:33132.45222274764;2596:33148.50027713457;429:33166.31589471587;430:33182.37430319087;867:33206.34854252493;1468:33229.2366037587;2289:33240.923321676266;1135:33266.63162674403;578:33285.12326580317;2429:33304.63961381653;2240:33322.98556014152;1242:33341.35099960025;2269:33345.38494081747;2404:33361.08462545471
0,7,default_vehtype,route,False,32668.732104675437,33363.784212067585,32668.732104675437,0.0,865;-1;-1,1587;-1;-1,8074.5199299700025,0.9413072906579832,0.9404998386649858,0.0,,0,19;30,2,,,865;866;3537;3536;2541;2548;2549;2547;2361;3479;1178;1938;1961;1101;1962;2488;1383;3611;2764;3372;910;193;1780;3234;2522;3079;3078;3154;3124;3085;3082;3083;3072;3073;3036;36;3642;3374;37;964;144;3378;1779;1778;968;3435;1777;3436;1785;3097;341;1587,865:32668.732104675437;866:32710.751605253092;3537:32738.08471787354;3536:32745.229458391783;2541:32754.84667598701;2548:32763.597664408455;2549:32765.981060128266;2547:32789.074447158084;2361:32798.1120454486;3479:32804.570861647866;1178:32811.21946866134;1938:32817.90623142536;1961:32827.613808968264;1101:32847.928724357174;1962:32853.47563084323;2488:32857.031999342384;1383:32868.70395637137;3611:32881.10865199714;2764:32930.972858943656;3372:32939.961292540596;910:32940.73397172491;193:32985.780349476656;1780:32991.0023701398;3234:32991.79450464392;2522:32997.387864589175;3079:33005.79941756395;3078:33011.58823080333;3154:33024.288974135685;3124:33026.713107729636;3085:33030.38795288998;3082:33044.44725180242;3083:33052.24023916736;3072:33062.27878896222;3073:33071.38367295743;3036:33125.86734467933;36:33135.15923409834;3642:33144.48851807208;3374:33157.51960105737;37:33159.91124692366;964:33161.26900339407;144:33167.34067533993;3378:33169.755856982694;1779:33191.653674780646;1778:33198.56457474262;968:33205.33462707155;3435:33214.00982167375;1777:33216.19268691228;3436:33226.6708012597;1785:33232.63134303453;3097:33319.34303077654;341:33335.12299027415;1587:33363.784212067585
0,5,default_vehtype,boarding,True,33361.08462545471,33391.08462545471,33361.08462545471,0.0,2404;-1;-1,2404;-1;-1,0.0,0.817542642700186,0.817542642700186,0,,0,31,1,,31,,
0,7,default_vehtype,boarding,True,33363.784212067585,33393.784212067585,33363.784212067585,0.0,1587;-1;-1,1587;-1;-1,0.0,0.9404998386649858,0.9404998386649858,0,,0,19;30,2,,30,,
0,6,default_vehtype,route,False,32848.74521953066,33439.427677014406,32848.74521953066,0.0,351;-1;-1,3328;-1;-1,4507.711469950001,0.8517170354790587,0.8512662643320636,0.0,,0,29,1,,,351;350;1214;2302;2220;1408;544;747;746;745;744;743;742;741;740;160;3640;739;3679;691;3619;726;4021;3647;3799;3693;3648;3615;3253;2725;3113;2723;2721;2592;50;49;3134;2639;3328,351:32848.74521953066;350:32896.108695274714;1214:32907.47759776145;2302:32918.80551577296;2220:32930.17223000452;1408:32946.721122981464;544:33010.62560887833;747:33032.0821448719;746:33046.19973763691;745:33069.36220937544;744:33118.06773972871;743:33131.28587898978;742:33145.93597540266;741:33157.19600216804;740:33177.749785821514;160:33212.579333986454;3640:33218.1480544492;739:33238.32522273351;3679:33241.7319996378;691:33251.59604648328;3619:33265.791185154;726:33275.89301275047;4021:33284.94977671307;3647:33290.49999107916;3799:33299.50609857622;3693:33309.21247697594;3648:33326.65327835241;3615:33332.98665078779;3253:33335.03729533377;2725:33336.67803370784;3113:33339.57185458468;2723:33341.4417272235;2721:33344.83308557879;2592:33369.35935754757;50:33391.412693176506;49:33400.81648701338;3134:33402.08132856807;2639:33408.832077227846;3328:33439.427677014406
0,6,default_vehtype,boarding,True,33439.427677014406,33469.427677014406,33439.427677014406,0.0,3328;-1;-1,3328;-1;-1,0.0,0.8512662643320636,0.8512662643320636,0,,0,29,1,,29,,
0,5,default_vehtype,route,False,33391.08462545471,33666.58589271238,33391.08462545471,0.0,2404;-1;-1,1814;-1;-1,1688.9546335799998,0.817542642700186,0.8173737472368279,0.0,,0,,0,,,2404;1469;2403;2503;2345;358;2372;2497;2203;2223;1717;2179;385;386;1625;1814,2404:33391.08462545471;1469:33423.3198184388;2403:33464.954969046266;2503:33505.72147036896;2345:33514.01259853416;358:33527.8476451793;2372:33530.66411845278;2497:33541.40490851722;2203:33564.25051653596;2223:33576.28454976749;1717:33588.21937583543;2179:33601.62763856587;385:33614.52597496616;386:33628.67957807942;1625:33653.83267106462;1814:33666.58589271238
0,5,default_vehtype,boarding,True,33666.58589271238,33732.01909286535,33666.58589271238,0.0,1814;-1;-1,1814;-1;-1,0.0,0.8173737472368279,0.8173737472368279,0,,0,49,1,49,,,
0,6,default_vehtype,route,False,33469.427677014406,33889.433675602355,33469.427677014406,0.0,3328;-1;-1,3412;-1;-1,5123.370394049998,0.8512662643320636,0.8507539272926586,0.0,,0,,0,,,3328;2738;2526;3272;1;3336;2915;3413;3412,3328:33469.427677014406;2738:33472.2844797918;2526:33511.63764387868;3272:33588.09284014737;1:33619.30588344435;3336:33670.75021896199;2915:33831.626619159964;3413:33875.82180716758;3412:33889.433675602355
0,6,default_vehtype,boarding,True,33889.433675602355,33894.52620719202,33889.433675602355,0.0,3412;-1;-1,3412;-1;-1,0.0,0.8507539272926586,0.8507539272926586,0,,0,84,1,84,,,
0,7,default_vehtype,route,False,33393.784212067585,33934.78257221678,33393.784212067585,0.0,1587;-1;-1,1827;-1;-1,5392.4192086,0.9404998386649858,0.9399605967441258,0.0,,0,19,1,,,1587;2834;1588;3155;3557;3431;3489;985;286;829;3118;1137;3383;3806;4044;3032;3030;3031;3034;3029;3027;2587;3026;3432;3033;3405;1584;898;1585;1586;3299;3300;3298;2120;2225;1501;1500;1671;1827,1587:33393.784212067585;2834:33398.69460028291;1588:33407.9747117093;3155:33413.638007504356;3557:33418.896012262725;3431:33423.499922674295;3489:33431.15199549794;985:33437.30821027551;286:33443.348590602036;829:33468.68527242615;3118:33491.70809991986;1137:33492.84930887943;3383:33544.09766524808;3806:33558.69227834588;4044:33565.31083188651;3032:33577.536296499304;3030:33612.605917911314;3031:33617.77022015864;3034:33634.33121604422;3029:33649.97760116107;3027:33662.9530122064;2587:33667.470921777334;3026:33695.68600039426;3432:33722.55613644359;3033:33738.064421895884;3405:33740.55972066989;1584:33747.40922841106;898:33763.91726465944;1585:33781.85395268517;1586:33796.05638843512;3299:33813.58105444251;3300:33815.93178493102;3298:33822.98380358975;2120:33840.84244469035;2225:33850.86034617907;1501:33861.808868430206;1500:33890.77577182734;1671:33920.21451381003;1827:33934.78257221678
0,7,default_vehtype,boarding,True,33934.78257221678,33964.78257221678,33934.78257221678,0.0,1827;-1;-1,1827;-1;-1,0.0,0.9399605967441258,0.9399605967441258,0,,0,19,1,,19,,
0,6,default_vehtype,route,False,33894.52620719202,33983.078863008835,33894.52620719202,0.0,3412;-1;-1,1014;-1;-1,535.8507539,0.8507539272926586,0.8507003422172684,0.0,,0,84,1,,,3412;3169;567;1014,3412:33894.52620719202;3169:33908.36173681154;567:33949.63552372532;1014:33983.078863008835
0,6,default_vehtype,boarding,True,33983.078863008835,34100.58860752252,33983.078863008835,0.0,1014;-1;-1,1014;-1;-1,0.0,0.8507003422172684,0.8507003422172684,0,,0,84;36;73,3,36;73,,,
0,5,default_vehtype,route,False,33732.01909286535,34204.525888309996,33732.01909286535,0.0,1814;-1;-1,3699;-1;-1,3455.8528574340007,0.8173737472368279,0.8170281619510845,0.0,,0,49,1,,,1814;1625;279;1624;266;1561;2042;580;1967;1966;1476;1477;626;584;1478;1901;1138;1900;4007;1899;1898;1893;3653;1897;3932;1403;1912;2147;2390;3643;190;3599;2914;2259;907;3702;3502;3501;3410;3699,1814:33732.01909286535;1625:33744.74727658813;279:33767.56050193628;1624:33783.26969937285;266:33795.06293031418;1561:33806.84289401107;2042:33818.82172733977;580:33839.381600592125;1967:33845.271049663825;1966:33858.343854095205;1476:33873.3540706032;1477:33884.79161966188;626:33889.141222589744;584:33897.77766709362;1478:33908.277714464384;1901:33937.12726753962;1138:33954.77936296111;1900:33957.55164680639;4007:33958.94219608744;1899:33982.322727224346;1898:33986.88483305793;1893:33994.96604890565;3653:33996.700946338126;1897:34003.14794947364;3932:34007.42649155361;1403:34012.54830568092;1912:34024.26072302104;2147:34038.47829424677;2390:34059.454548605194;3643:34062.63184171281;190:34097.58603502308;3599:34099.76892194374;2914:34131.85322708379;2259:34150.01603506442;907:34159.074458576135;3702:34178.05135209902;3502:34182.89370250135;3501:34184.3340852052;3410:34188.76928986742;3699:34204.525888309996
0,5,default_vehtype,boarding,True,34204.525888309996,34234.525888309996,34204.525888309996,0.0,3699;-1;-1,3699;-1;-1,0.0,0.8170281619510845,0.8170281619510845,0,,0,49,1,,49,,
0,5,default_vehtype,route,False,34234.525888309996,34359.61992417873,34234.525888309996,0.0,3699;-1;-1,190;-1;-1,966.7097965699999,0.8170281619510845,0.8169314909714277,0.0,,0,,0,,,3699;3700;3502;3702;907;2259;2914;3599;190,3699:34234.525888309996;3700:34239.8757839821;3502:34267.5460226384;3702:34272.55939712899;907:34291.40257968586;2259:34301.34548877522;2914:34321.065679569656;3599:34357.04201940683;190:34359.61992417873
0,6,default_vehtype,route,False,34100.58860752252,34452.6062195314,34100.58860752252,0.0,1014;-1;-1,3562;-1;-1,2359.757755111,0.8507003422172684,0.850464366441757,0.0,,0,84;36;73,3,,,1014;802;801;800;729;730;531;2776;1915;3676;1750;2388;1344;257;1573;302;969;3869;2207;2387;3644;2386;4027;3560;3561;3563;3565;328;3562,1014:34100.58860752252;802:34131.742389335595;801:34162.312122561976;800:34181.65634575504;729:34218.48828139267;730:34234.24005657155;531:34245.91100703816;2776:34249.37659384048;1915:34258.67913954967;3676:34265.24065594976;1750:34273.89873180883;2388:34303.244625052765;1344:34309.39361386391;257:34320.17874564629;1573:34327.70538610339;302:34341.30217263152;969:34350.05389461449;3869:34355.03050696939;2207:34360.667055723876;2387:34366.70729324058;3644:34373.96198006153;2386:34385.18318117089;4027:34386.349529350286;3560:34399.05698618989;3561:34446.24008123002;3563:34447.184521749354;3565:34448.85534288563;328:34450.88051969438;3562:34452.6062195314
0,5,default_vehtype,boarding,True,34359.61992417873,34474.38867768666,34359.61992417873,0.0,190;-1;-1,190;-1;-1,0.0,0.8169314909714277,0.8169314909714277,0,,0,35,1,35,,,
0,6,default_vehtype,boarding,True,34452.6062195314,34482.6062195314,34452.6062195314,0.0,3562;-1;-1,3562;-1;-1,0.0,0.850464366441757,0.850464366441757,0,,0,84;36;73,3,,73;84,,
0,6,default_vehtype,route,False,34482.6062195314,34569.21927687012,34482.6062195314,0.0,3562;-1;-1,427;-1;-1,630.7175666590001,0.850464366441757,0.8504012946850911,0.0,,0,36,1,,,3562;3563;3565;3566;3567;426;3568;427,3562:34482.6062195314;3563:34484.588890825355;3565:34486.25971196163;3566:34486.87788540988;3567:34535.141071127764;426:34537.375471618936;3568:34538.76295211079;427:34569.21927687012
0,6,default_vehtype,boarding,True,34569.21927687012,34599.21927687012,34569.21927687012,0.0,427;-1;-1,427;-1;-1,0.0,0.8504012946850911,0.8504012946850911,0,,0,36,1,,36,,
0,5,default_vehtype,route,False,34474.38867768666,34949.69242796887,34474.38867768666,0.0,190;-1;-1,427;-1;-1,3491.7642599499995,0.8169314909714277,0.8165823145454323,0.0,,0,35,1,,,190;3643;2390;2147;1912;1403;3932;1897;3654;254;2389;2338;730;531;2776;1915;3676;1750;2388;1344;257;1573;302;969;3869;2207;2387;3644;2386;4027;3560;3561;3563;3565;3566;3567;426;3568;427,190:34474.38867768666;3643:34514.67296409887;2390:34518.16349099517;2147:34541.429293532;1912:34556.461006509024;1403:34568.90056382494;3932:34574.34035465102;1897:34578.88452071741;3654:34583.392293033954;254:34588.274734528604;2389:34601.33520976274;2338:34615.020269432236;730:34652.1175767463;531:34663.788527212906;2776:34667.25411401523;1915:34676.55665972442;3676:34683.11817612451;1750:34691.77625198358;2388:34721.12214522751;1344:34727.27113403866;257:34738.05626582104;1573:34745.58290627814;302:34759.17969280627;969:34767.93141478924;3869:34772.90802714414;2207:34778.544575898624;2387:34784.58481341533;3644:34791.83950023628;2386:34803.06070134564;4027:34804.227049525034;3560:34816.93450636464;3561:34864.11760140477;3563:34865.0620419241;3565:34866.73286306038;3566:34867.351036508626;3567:34915.61422222651;426:34917.84862271768;3568:34919.236103209536;427:34949.69242796887
0,6,default_vehtype,route,False,34599.21927687012,34956.265830113116,34599.21927687012,0.0,427;-1;-1,2502;-1;-1,2352.7423004300003,0.8504012946850911,0.8501660204550483,0.0,,0,,0,,,427;428;3771;172;2596;429;3112;4030;4031;3862;4032;1888;2403;1880;1881;1882;1792;1216;1860;2502,427:34599.21927687012;428:34620.75315832519;3771:34654.05871964586;172:34657.403328727094;2596:34673.45138311402;429:34691.26700069533;3112:34694.43352958381;4030:34761.01697523227;4031:34764.99591337459;3862:34780.309586617615;4032:34789.45910107367;1888:34823.96190539604;2403:34838.171915958956;1880:34878.56079681625;1881:34895.59250749648;1882:34906.87659591565;1792:34921.87514457696;1216:34933.79899904502;1860:34949.283714897094;2502:34956.265830113116
0,5,default_vehtype,boarding,True,34949.69242796887,34979.69242796887,34949.69242796887,0.0,427;-1;-1,427;-1;-1,0.0,0.8165823145454323,0.8165823145454323,0,,0,35,1,,35,,
0,7,default_vehtype,route,False,33964.78257221678,34991.93307715105,33964.78257221678,0.0,1827;-1;-1,815;-1;-1,15989.182007300005,0.9399605967441258,0.9383616785433962,0.0,,0,,0,,,1827;1671;1500;1501;2225;2129;3325;485;2674;3322;165;3265;194;203;161;163;3064;3903;131;3939;3065;3066;205;3457;159;138;200;3067;3068;108;2856;2664;3863;2530;2529;3297;4014;4015;2943;2663;3040;2661;2662;3309;3247;2851;3245;3242;86;87;2835;3369;4075;3370;1732;2032;3239;2094;3240;2093;2092;1366;2087;1943;1162;1978;1182;2795;2793;563;2091;1959;1683;1682;815,1827:33964.78257221678;1671:33976.66337222903;1500:34000.68349562268;1501:34024.307095736454;2225:34033.508891340876;2129:34057.644549044635;3325:34076.660301449025;485:34083.8580390738;2674:34085.57544446359;3322:34095.20246808098;165:34117.745777499105;3265:34130.22610764474;194:34147.57583276541;203:34163.6847250049;161:34183.9952705128;163:34214.84101139976;3064:34250.62546584401;3903:34294.09863385434;131:34308.54012018417;3939:34313.91309095196;3065:34331.5103249796;3066:34341.21840832088;205:34376.15582449745;3457:34392.007725471536;159:34393.16834909077;138:34409.76495860772;200:34449.74164118402;3067:34472.48606670177;3068:34484.66084168313;108:34517.40928679823;2856:34551.0167967334;2664:34560.79524645582;3863:34572.57634246635;2530:34588.74279260174;2529:34611.97045809922;3297:34620.54154798638;4014:34623.02614709666;4015:34623.93271717234;2943:34627.29464807874;2663:34636.88073456449;3040:34642.50211830665;2661:34651.38992943213;2662:34660.46847686859;3309:34671.76461026794;3247:34679.061876429354;2851:34685.28707019079;3245:34686.09549053415;3242:34694.9565486783;86:34724.13922743395;87:34730.07187134154;2835:34731.39769566957;3369:34733.04060802725;4075:34736.100322345264;3370:34739.86314969927;1732:34757.830220870565;2032:34770.125908682974;3239:34800.93071245092;2094:34807.15240629484;3240:34810.64005339848;2093:34821.26728661966;2092:34839.32429986027;1366:34850.15417787772;2087:34865.680714314425;1943:34879.38823442778;1162:34888.85280251818;1978:34898.45581672547;1182:34909.25332392848;2795:34920.52273363762;2793:34921.82695834348;563:34932.0181404575;2091:34943.96027417482;1959:34954.474142211046;1683:34964.86278741942;1682:34978.43257966446;815:34991.93307715105
0,7,default_vehtype,boarding,True,34991.93307715105,35019.244059691,34991.93307715105,0.0,815;-1;-1,815;-1;-1,0.0,0.9383616785433962,0.9383616785433962,0,,0,43,1,43,,,
0,5,default_vehtype,route,False,34979.69242796887,35034.531870744606,34979.69242796887,0.0,427;-1;-1,3771;-1;-1,425.7190963,0.8165823145454323,0.8165397426358024,0.0,,0,,0,,,427;428;3771,427:34979.69242796887;428:35001.22630942394;3771:35034.531870744606
0,6,default_vehtype,boarding,True,34956.265830113116,35033.59826861738,34956.265830113116,0.0,2502;-1;-1,2502;-1;-1,0.0,0.8501660204550483,0.8501660204550483,0.0,,0,37,2,37,,,
0,5,default_vehtype,boarding,True,35034.531870744606,35067.262391908946,35034.531870744606,0.0,3771;-1;-1,3771;-1;-1,0.0,0.8165397426358024,0.8165397426358024,0.0,,0,39,1,39,,,
0,7,default_vehtype,route,False,35019.244059691,35067.11972416941,35019.244059691,0.0,815;-1;-1,2091;-1;-1,457.1925692,0.9383616785433962,0.9383159592864764,0.0,,0,43,1,,,815;1682;1683;1959;2091,815:35019.244059691;1682:35031.9284312728;1683:35045.08742198525;1959:35056.00311081776;2091:35067.11972416941
0,7,default_vehtype,boarding,True,35067.11972416941,35097.11972416941,35067.11972416941,0.0,2091;-1;-1,2091;-1;-1,0.0,0.9383159592864764,0.9383159592864764,0,,0,43,1,,43,,
0,7,default_vehtype,route,False,35097.11972416941,35244.807098196026,35097.11972416941,0.0,2091;-1;-1,2816;-1;-1,1629.5812572,0.9383159592864764,0.9381530011607564,0.0,,0,,0,,,2091;563;2793;2792;2789;2790;3452;1447;2787;2785;30;492;3722;2816,2091:35097.11972416941;563:35108.787546344895;2793:35118.744636382486;2792:35131.21690432217;2789:35143.8461222198;2790:35156.437843486165;3452:35165.547458708825;1447:35168.09970669134;2787:35170.81089191638;2785:35203.8926699204;30:35226.08724913303;492:35239.91861919629;3722:35242.10654430177;2816:35244.807098196026
0,7,default_vehtype,boarding,True,35244.807098196026,35316.86168477725,35244.807098196026,0.0,2816;-1;-1,2816;-1;-1,0.0,0.9381530011607564,0.9381530011607564,0,,0,41,1,41,,,
0,5,default_vehtype,route,False,35067.262391908946,35411.69705300726,35067.262391908946,0.0,3771;-1;-1,3111;-1;-1,3381.881914189999,0.8165397426358024,0.8162015544443835,0.0,,0,39,1,,,3771;3873;3178;3177;3268;3267;2585;2637;2638;2583;3349;3111,3771:35067.262391908946;3873:35078.414193285695;3178:35118.84746102347;3177:35150.49331607167;3268:35201.822323832224;3267:35223.031726886875;2585:35315.20308306128;2637:35351.74514035344;2638:35354.628149540215;2583:35374.3448628045;3349:35409.52162600989;3111:35411.69705300726
0,5,default_vehtype,boarding,True,35411.69705300726,35426.66205235458,35411.69705300726,0.0,3111;-1;-1,3111;-1;-1,0.0,0.8162015544443835,0.8162015544443835,0,,0,39;47,2,47,,,
0,7,default_vehtype,route,False,35316.86168477725,35554.01084561125,35316.86168477725,0.0,2816;-1;-1,2425;-1;-1,2167.9139611000005,0.9381530011607564,0.9379362097646463,0.0,,0,41,1,,,2816;492;3722;3723;2784;2783;3437;1655;1654;1449;1448;2425,2816:35316.86168477725;492:35319.381604364266;3722:35321.56952946975;3723:35345.330328391035;2784:35366.562760137625;2783:35424.461395127;3437:35425.735903046865;1655:35435.91610066456;1654:35438.68368461403;1449:35450.71327102359;1448:35508.83381160681;2425:35554.01084561125
0,7,default_vehtype,boarding,True,35554.01084561125,35555.58604534949,35554.01084561125,0.0,2425;-1;-1,2425;-1;-1,0.0,0.9379362097646463,0.9379362097646463,0.0,,0,41;53,2,53,,,
0,6,default_vehtype,route,False,35033.59826861738,35766.72302143957,35033.59826861738,0.0,2502;-1;-1,4068;-1;-1,5307.908310212999,0.8501660204550483,0.8496352296240262,0.0,,0,37,2,,,2502;1860;1216;1792;1882;1881;1880;2208;4026;2386;4027;3560;3561;3563;3565;3566;3567;3315;3475;3477;3476;3313;3115;3666;3150;2675;3680;2687;2688;2906;2867;3684;3749;3750;4004;2632;4067;2633;268;4068,2502:35033.59826861738;1860:35039.17732377615;1216:35055.238662011914;1792:35068.87036238634;1882:35086.18467516212;1881:35098.33905716124;1880:35116.77217939055;2208:35170.592159313346;4026:35206.81210289807;2386:35208.55439152703;4027:35209.72073970643;3560:35222.42819654603;3561:35269.61129158616;3563:35270.555732105495;3565:35272.22655324177;3566:35272.84472669002;3567:35321.107912407904;3315:35333.02745130247;3475:35348.651054296926;3477:35368.14729512463;3476:35376.21766081992;3313:35394.42842725864;3115:35423.310503426605;3666:35425.7721220642;3150:35450.44113325243;2675:35477.74455178245;3680:35478.918949305255;2687:35528.90030385589;2688:35570.11372983814;2906:35621.3332984898;2867:35630.94987063939;3684:35632.65073663853;3749:35646.119531227094;3750:35656.16443497508;4004:35672.75235858394;2632:35674.4282023005;4067:35676.34841947974;2633:35720.06892624521;268:35722.60093282897;4068:35766.72302143957
0,6,default_vehtype,boarding,True,35766.72302143957,35796.72302143957,35766.72302143957,0.0,4068;-1;-1,4068;-1;-1,0.0,0.8496352296240262,0.8496352296240262,0,,0,37,2,,37,,
0,5,default_vehtype,route,False,35426.66205235458,35879.29845295225,35426.66205235458,0.0,3111;-1;-1,3807;-1;-1,3964.0998248899996,0.8162015544443835,0.8158051444618935,0.0,,0,39;47,2,,,3111;334;3351;134;2637;2638;33;2578;183;2039;3193;3194;3195;1610;2858;3807,3111:35426.66205235458;334:35429.32783402012;3351:35431.414440923654;134:35466.73784785227;2637:35485.79103132641;2638:35488.67404051318;33:35525.13288671479;2578:35605.674689507156;183:35652.41875750995;2039:35710.40407204219;3193:35712.32129021823;3194:35714.50416340556;3195:35805.41498989041;1610:35807.04264938457;2858:35858.11488242377;3807:35879.29845295225
0,5,default_vehtype,boarding,True,35879.29845295225,35909.29845295225,35879.29845295225,0.0,3807;-1;-1,3807;-1;-1,0.0,0.8158051444618935,0.8158051444618935,0,,0,39;47,2,,47,,
0,6,default_vehtype,route,False,35796.72302143957,35915.554703974594,35796.72302143957,0.0,4068;-1;-1,3448;-1;-1,910.3508771300001,0.8496352296240262,0.849544194536313,0.0,,0,,0,,,4068;4002;4067;2633;331;419;2863;3995;2864;3448,4068:35796.72302143957;4002:35798.19289221566;4067:35799.85311925172;2633:35843.57362601718;331:35856.06377453104;419:35867.934349016985;2863:35879.446144354384;3995:35904.61776002737;2864:35906.778496867264;3448:35915.554703974594
0,6,default_vehtype,boarding,True,35915.554703974594,35981.84889218462,35915.554703974594,0.0,3448;-1;-1,3448;-1;-1,0.0,0.849544194536313,0.849544194536313,0,,0,52,1,52,,,
0,6,default_vehtype,route,False,35981.84889218462,36266.80866501062,35981.84889218462,0.0,3448;-1;-1,2439;-1;-1,2029.0215224299998,0.849544194536313,0.8493412923840697,0.0,,0,52,1,,,3448;199;3449;3450;3119;268;4068;420;4003;3805;3446;2866;421;2867;956;1056;1057;3667;1058;3897;1749;2439,3448:35981.84889218462;199:35990.47787811139;3449:36012.75335745604;3450:36017.652465133484;3119:36043.388290859184;268:36079.41391218376;4068:36123.53600079435;420:36125.2781746595;4003:36127.237512372754;3805:36137.374533975286;3446:36148.47461252627;2866:36167.29923762096;421:36168.98277675738;2867:36171.35696949343;956:36189.07612443418;1056:36201.00518872604;1057:36209.72213501675;3667:36222.64943305045;1058:36238.62501132237;3897:36240.75792897861;1749:36256.92853475467;2439:36266.80866501062
0,6,default_vehtype,boarding,True,36266.80866501062,36296.80866501062,36266.80866501062,0.0,2439;-1;-1,2439;-1;-1,0.0,0.8493412923840697,0.8493412923840697,0,,0,52,1,,52,,
0,7,default_vehtype,route,False,35555.58604534949,36322.46377617703,35555.58604534949,0.0,2425;-1;-1,3796;-1;-1,7349.731722837998,0.9379362097646463,0.937201236592362,0.0,,0,41;53,2,,,2425;1448;3175;2816;28;30;1679;1652;1680;1681;1591;815;1682;1683;488;705;706;707;3548;3549;3547;2956;2957;709;710;711;712;713;714;715;3287;3293;3296;3277;716;717;718;719;778;777;776;775;774;538;773;772;771;770;501;769;768;413;3794;414;3796,2425:35555.58604534949;1448:35599.78166632337;3175:35619.930512460705;2816:35648.230259367985;28:35660.99755903457;30:35662.92933943953;1679:35673.76977553866;1652:35685.11909320103;1680:35698.872728348215;1681:35714.3746653942;1591:35725.6558356052;815:35737.054561908546;1682:35749.73893349034;1683:35762.89792420279;488:35772.574224289834;705:35782.969721805865;706:35795.26307687552;707:35807.23831259362;3548:35818.44852269501;3549:35819.40807394162;3547:35820.339964776336;2956:35846.70469314505;2957:35859.67422120442;709:35872.24170535382;710:35890.09608975725;711:35906.71267176456;712:35918.10837841359;713:35930.43992946711;714:35940.52368611404;715:35964.08054632281;3287:35985.25416480171;3293:35993.35641079142;3296:35995.7490866878;3277:36001.011942868485;716:36010.67835759124;717:36029.82703900967;718:36087.91575185976;719:36118.07588429341;778:36126.06511019813;777:36145.61585559002;776:36171.52528243661;775:36179.088371135374;774:36197.83887957785;538:36212.7160111276;773:36219.32233432737;772:36226.168235513585;771:36233.78275086931;770:36240.540635966805;501:36241.4942396306;769:36248.195603348606;768:36255.60706232625;413:36273.30448975326;3794:36284.472392315205;414:36289.84308101902;3796:36322.46377617703
0,7,default_vehtype,boarding,True,36322.46377617703,36342.27136799621,36322.46377617703,0.0,3796;-1;-1,3796;-1;-1,0.0,0.937201236592362,0.937201236592362,0,,0,41;53;50,3,50,,,
0,5,default_vehtype,route,False,35909.29845295225,36494.444670710625,35909.29845295225,0.0,3807;-1;-1,1564;-1;-1,5469.688701802,0.8158051444618935,0.8152581755917129,0.0,,0,39,1,,,3807;3935;1611;2337;2336;558;1643;476;2335;3704;3207;3210;3967;2334;2697;3211;2859;3213;3215;3214;2557;2558;3217;2559;3582;3224;67;3226;3227;3528;3527;3529;66;65;2767;2673;1962;2488;1383;3611;2764;3372;3232;3373;1564,3807:35909.29845295225;3935:35932.37389905421;1611:35962.17465504702;2337:35980.79292242277;2336:36007.53410201631;558:36021.014851950924;1643:36030.67172224768;476:36038.734553613955;2335:36055.319066962846;3704:36070.53489772408;3207:36071.37560488381;3210:36077.166255970784;3967:36079.391064985335;2334:36083.28624844575;2697:36085.85406094612;3211:36099.19491444328;2859:36131.80961764602;3213:36154.755076858724;3215:36162.93500935167;3214:36169.3961515703;2557:36182.50706309748;2558:36227.19640250776;3217:36235.292654581084;2559:36247.74314818852;3582:36249.09918760299;3224:36264.305217301524;67:36270.90055895525;3226:36283.67991151206;3227:36289.57642556619;3528:36295.55047150435;3527:36300.10153844853;3529:36303.912639650116;66:36322.16635742121;65:36325.03648052318;2767:36337.2219745953;2673:36364.15795943893;1962:36391.34807490677;2488:36394.90444340592;1383:36406.576400434904;3611:36418.98109606068;2764:36468.84530300719;3372:36477.83373660413;3232:36479.25601024202;3373:36483.3708446387;1564:36494.444670710625
0,5,default_vehtype,boarding,True,36494.444670710625,36524.444670710625,36494.444670710625,0.0,1564;-1;-1,1564;-1;-1,0.0,0.8152581755917129,0.8152581755917129,0,,0,39,1,,39,,
0,7,default_vehtype,route,False,36342.27136799621,36531.453046246155,36342.27136799621,0.0,3796;-1;-1,2862;-1;-1,1549.50117662,0.937201236592362,0.9370462864747003,0.0,,0,41;53;50,3,,,3796;415;3793;416;417;3795;2693;418;3576;3594;3595;2657;180;3686;173;2862,3796:36342.27136799621;415:36348.05133305845;3793:36357.059386882596;416:36372.27989205863;417:36382.16638529246;3795:36394.35537799768;2693:36400.806905929894;418:36406.14270996762;3576:36417.632901865065;3594:36421.54091698476;3595:36434.502725984115;2657:36437.922139615;180:36451.12048702979;3686:36455.18427736233;173:36476.9407019606;2862:36531.453046246155
0,7,default_vehtype,boarding,True,36531.453046246155,36561.453046246155,36531.453046246155,0.0,2862;-1;-1,2862;-1;-1,0.0,0.9370462864747003,0.9370462864747003,0,,0,41;53;50,3,,50,,
0,6,default_vehtype,route,False,36296.80866501062,36601.441670614906,36296.80866501062,0.0,2439;-1;-1,736;-1;-1,1995.67466513,0.8493412923840697,0.8491417249175567,0.0,,0,,0,,,2439;1749;3897;1058;3685;683;682;681;680;871;272;333;2384;2109;1758;842;731;4066;737;736,2439:36296.80866501062;1749:36304.54446213683;3897:36321.37975951213;1058:36322.810901660814;3685:36338.7674976637;683:36344.16400427078;682:36358.3566338534;681:36371.78335569946;680:36385.639269496154;871:36395.36265506466;272:36447.46915973487;333:36470.16913769812;2384:36480.7298917188;2109:36490.948630370796;1758:36500.33095292296;842:36515.39657981527;731:36552.2372661558;4066:36558.466080628554;737:36586.69225894362;736:36601.441670614906
0,5,default_vehtype,route,False,36524.444670710625,36848.42881954936,36524.444670710625,0.0,1564;-1;-1,3627;-1;-1,2951.51875416,0.8152581755917129,0.8149630237162966,0.0,,0,,0,,,1564;3373;3838;910;2828;3371;85;3610;2935;3607;2766;2679;2765;2629;143;66;3656;2548;2551;3626;2553;3627,1564:36524.444670710625;3373:36538.92654530393;3838:36541.53217079781;910:36545.84013179655;2828:36549.20357840447;3371:36550.30923578736;85:36559.65101608334;3610:36616.64682046601;2935:36629.9717855168;3607:36641.71367766988;2766:36673.37916580452;2679:36675.897656501664;2765:36678.87206516781;2629:36711.66325961532;143:36714.374322999385;66:36725.37920586361;3656:36752.312199835855;2548:36757.073455645084;2551:36804.90046291534;3626:36819.531671429664;2553:36824.0063186492;3627:36848.42881954936
0,5,default_vehtype,boarding,True,36848.42881954936,36904.16014279945,36848.42881954936,0.0,3627;-1;-1,3627;-1;-1,0.0,0.8149630237162966,0.8149630237162966,0,,0,59,1,59,,,
0,6,default_vehtype,boarding,True,36601.441670614906,36909.02333295185,36601.441670614906,0.0,736;-1;-1,736;-1;-1,0.0,0.8491417249175567,0.8491417249175567,0,,0,55,1,55,,,
0,7,default_vehtype,route,False,36561.453046246155,37097.01103347679,36561.453046246155,0.0,2862;-1;-1,427;-1;-1,5238.4882063099985,0.9370462864747003,0.936522437654069,0.0,,0,41;53,2,,,2862;2857;3335;2635;2583;134;2637;3110;335;336;3974;337;338;3665;3925;425;3474;426;3568;427,2862:36561.453046246155;2857:36621.166133884406;3335:36670.672863246196;2635:36751.31027806341;2583:36787.19225765066;134:36790.02972803304;2637:36809.082911507176;3110:36835.238619871634;335:36858.365155909785;336:36910.63263983172;3974:36930.23512164629;337:36931.979554184596;338:36961.82177051054;3665:36991.01897126821;3925:37007.59673115212;425:37017.64497560565;3474:37037.350784848655;426:37065.167228225604;3568:37066.55470871746;427:37097.01103347679
0,7,default_vehtype,boarding,True,37097.01103347679,37127.01103347679,37097.01103347679,0.0,427;-1;-1,427;-1;-1,0.0,0.936522437654069,0.936522437654069,0,,0,41;53,2,,53,,
0,5,default_vehtype,route,False,36904.16014279945,37150.7297984905,36904.16014279945,0.0,3627;-1;-1,2077;-1;-1,2174.6528962900006,0.8149630237162966,0.8147455584266676,0.0,,0,59,1,,,3627;3438;3625;2934;863;3792;2553;2552;2550;2549;2547;65;2629;3730;3729;2546;2545;3587;3724;1946;2077,3627:36904.16014279945;3438:36908.87587056585;3625:36911.945165903366;2934:36942.26760011382;863:36944.62335908556;3792:36964.27295012319;2553:36967.89414183938;2552:36969.430593517915;2550:36988.59083977865;2549:37036.50808102468;2547:37059.6014680545;65:37070.77664683849;2629:37085.23037864884;3730:37104.58693596762;3729:37107.704280839476;2546:37108.96033081165;2545:37111.40817181649;3587:37113.10401282351;3724:37114.64771317966;1946:37131.02468953463;2077:37150.7297984905
0,5,default_vehtype,boarding,True,37150.7297984905,37180.7297984905,37150.7297984905,0.0,2077;-1;-1,2077;-1;-1,0.0,0.8147455584266676,0.8147455584266676,0,,0,59,1,,59,,
0,7,default_vehtype,route,False,37127.01103347679,37365.69234749182,37127.01103347679,0.0,427;-1;-1,3483;-1;-1,1613.5034589999996,0.936522437654069,0.9363610873081695,0.0,,0,41,1,,,427;428;3771;172;2596;429;3112;4030;4031;3862;4032;1888;3483,427:37127.01103347679;428:37148.54491493186;3771:37181.850476252526;172:37185.19508533376;2596:37201.24313972069;429:37219.058757301995;3112:37222.22528619048;4030:37288.80873183894;4031:37292.787669981255;3862:37308.10134322428;4032:37317.25085768034;1888:37351.75366200271;3483:37365.69234749182
0,7,default_vehtype,boarding,True,37365.69234749182,37395.69234749182,37365.69234749182,0.0,3483;-1;-1,3483;-1;-1,0.0,0.9363610873081695,0.9363610873081695,0,,0,41,1,,41,,
0,7,default_vehtype,route,False,37395.69234749182,37436.311309827324,37395.69234749182,0.0,3483;-1;-1,2403;-1;-1,277.43416312,0.9363610873081695,0.9363333438918575,0.0,,0,,0,,,3483;3484;1888;2403,3483:37395.69234749182;3484:37407.62708534045;1888:37422.10129926441;2403:37436.311309827324
0,7,default_vehtype,boarding,True,37436.311309827324,37440.567677935316,37436.311309827324,0.0,2403;-1;-1,2403;-1;-1,0.0,0.9363333438918575,0.9363333438918575,0,,0,67,1,67,,,
0,6,default_vehtype,route,False,36909.02333295185,37521.13045195407,36909.02333295185,0.0,736;-1;-1,3562;-1;-1,4438.51363137,0.8491417249175567,0.848697873554419,0.0,,0,55,1,,,736;737;1390;199;3449;3450;3119;268;4068;420;4003;3805;3446;2866;421;422;423;424;3203;3204;3926;2670;338;3665;3925;425;3474;426;3568;3314;328;3562,736:36909.02333295185;737:36924.31051795703;1390:36939.0607372314;199:36976.72816887289;3449:36999.003648217535;3450:37003.90275589498;3119:37029.63858162068;268:37065.664202945256;4068:37109.78629155585;420:37111.528465421;4003:37113.48780313425;3805:37123.624824736784;3446:37134.724903287766;2866:37153.54952838246;421:37155.23306751888;422:37216.20182509805;423:37257.430390426685;424:37290.932274003106;3203:37307.33640523411;3204:37308.549806482835;3926:37331.89409906081;2670:37360.381439134275;338:37363.00492368647;3665:37392.20212444414;3925:37408.779884328054;425:37418.828128781584;3474:37438.533938024586;426:37466.350381401535;3568:37467.73786189339;3314:37470.10266944503;328:37519.40475211705;3562:37521.13045195407
0,6,default_vehtype,boarding,True,37521.13045195407,37551.13045195407,37521.13045195407,0.0,3562;-1;-1,3562;-1;-1,0.0,0.848697873554419,0.848697873554419,0,,0,55,1,,55,,
0,5,default_vehtype,route,False,37180.7297984905,37625.13684481293,37180.7297984905,0.0,2077;-1;-1,2685;-1;-1,4409.434907220002,0.8147455584266676,0.8143046149359456,0.0,,0,,0,,,2077;3225;62;3223;3583;2560;3218;3216;2556;3614;3808;722;3692;3212;1545;2859;505;506;507;1333;1332;1146;1150;1331;547;1330;776;775;774;538;773;772;771;770;501;769;768;413;2685,2077:37180.7297984905;3225:37204.11129439066;62:37213.566966757026;3223:37224.4861501584;3583:37236.224076091385;2560:37237.797964579826;3218:37249.65871581014;3216:37301.03106919555;2556:37303.407401301505;3614:37307.380732388054;3808:37316.82875577932;722:37323.83014279402;3692:37325.45165649099;3212:37331.21209814705;1545:37353.54264726338;2859:37356.01728005925;505:37374.44320387367;506:37388.723583805404;507:37400.45125315255;1333:37437.095254554304;1332:37445.25881405659;1146:37452.66869748205;1150:37460.40741491896;1331:37487.95984986453;547:37495.29623766017;1330:37501.79692306998;776:37508.87580338069;775:37516.43889207945;774:37535.18940052193;538:37550.06653207168;773:37556.67285527145;772:37563.51875645766;771:37571.133271813385;770:37577.89115691088;501:37578.84476057468;769:37585.54612429268;768:37592.95758327033;413:37610.65501069734;2685:37625.13684481293
0,5,default_vehtype,boarding,True,37625.13684481293,37626.67921007542,37625.13684481293,0.0,2685;-1;-1,2685;-1;-1,0.0,0.8143046149359456,0.8143046149359456,0.0,,0,70,1,70,,,
