sim_time,reservation_time_trigger,dyn_fleetsizing_strategy,user_requests
25200,0.0,0.0,0.0
25210,0.0,0.0,0.0
25220,0.0,0.0,0.0
25230,0.0,0.0,0.0
25240,0.0,0.0,0.0
25250,0.0,0.0,0.0
25260,0.0,0.0,0.0
25270,0.0,0.0,0.0
25280,0.0,0.0,0.0
25290,0.0,0.0,0.0
25300,0.0,0.0,0.0
25310,0.0,0.0,0.0
25320,0.0,0.0,0.0
25330,0.0,0.0,0.0
25340,0.0,0.0,0.0
25350,0.0,0.0,0.0
25360,0.0,0.0,0.0
25370,0.0,0.0,0.0
25380,0.0,0.0,0.0
25390,0.0,0.0,0.0
25400,0.0,0.0,0.0
25410,0.0,0.0,0.0
25420,0.0,0.0,0.0
25430,0.0,0.0,0.0
25440,0.0,0.0,0.0
25450,0.0,0.0,0.0
25460,0.0,0.0,0.0
25470,0.0,0.0,0.0
25480,0.0,0.0,0.0
25490,0.0,0.0,0.0
25500,0.0,0.0,0.0
25510,0.0,0.0,0.0
25520,0.0,0.0,0.0
25530,0.0,0.0,0.0
25540,0.0,0.0,0.0
25550,0.0,0.0,0.0
25560,0.0,0.0,0.0
25570,0.0,0.0,0.0
25580,0.0,0.0,0.0
25590,0.0,0.0,0.0
25600,0.0,0.0,0.0
25610,0.0,0.0,0.0
25620,0.0,0.0,0.0
25630,0.0,0.0,0.0
25640,0.0,0.0,0.0
25650,0.0,0.0,0.0
25660,0.0,0.0,0.0
25670,0.0,0.0,0.0
25680,0.0,0.0,0.0
25690,0.0,0.0,0.0
25700,0.0,0.0,0.0
25710,0.0,0.0,0.0
25720,0.0,0.0,0.0
25730,0.0,0.0,0.0
25740,0.0,0.0,0.0
25750,0.0,0.0,0.0
25760,0.0,0.0,0.0
25770,0.0,0.0,0.0
25780,0.0,0.0,0.0
25790,0.0,0.0,0.0
25800,0.0,0.0,0.0
25810,0.0,0.0,0.0
25820,0.0,0.0,0.0
25830,0.0,0.0,0.0
25840,0.0,0.0,0.0
25850,0.0,0.0,0.0
25860,0.0,0.0,0.0
25870,0.0,0.0,0.0
25880,0.0,0.0,0.0
25890,0.0,0.0,0.0
25900,0.0,0.0,0.0
25910,0.0,0.0,0.0
25920,0.0,0.0,0.0
25930,0.0,0.0,0.0
25940,0.0,0.0,0.0
25950,0.0,0.0,0.0
25960,0.0,0.0,0.0
25970,0.0,0.0,0.0
25980,0.0,0.0,0.0
25990,0.0,0.0,0.0
26000,0.0,0.0,0.0
26010,0.0,0.0,0.0
26020,0.0,0.0,0.0
26030,0.0,0.0,0.0
26040,0.0,0.0,0.0
26050,0.0,0.0,0.0
26060,0.0,0.0,0.0
26070,0.0,0.0,0.0
26080,0.0,0.0,0.0
26090,0.0,0.0,0.0
26100,0.0,0.0,0.0
26110,0.0,0.0,0.0
26120,0.0,0.0,0.0
26130,0.0,0.0,0.0
26140,0.0,0.0,0.0
26150,0.0,0.0,0.0
26160,0.0,0.0,0.0
26170,0.0,0.0,0.0
26180,0.0,0.0,0.0
26190,0.0,0.0,0.0
26200,0.0,0.0,0.0
26210,0.0,0.0,0.0
26220,0.0,0.0,0.0
26230,0.0,0.0,0.0
26240,0.0,0.0,0.0
26250,0.0,0.0,0.0
26260,0.0,0.0,0.0
26270,0.0,0.0,0.0
26280,0.0,0.0,0.0
26290,0.0,0.0,0.0
26300,0.0,0.0,0.0
26310,0.0,0.0,0.0
26320,0.0,0.0,0.0
26330,0.0,0.0,0.0
26340,0.0,0.0,0.0
26350,0.0,0.0,0.0
26360,0.0,0.0,0.0
26370,0.0,0.0,0.0
26380,0.0,0.0,0.0
26390,0.0,0.0,0.0
26400,0.0,0.0,0.0
26410,0.0,0.0,0.0
26420,0.0,0.0,0.0
26430,0.0,0.0,0.0
26440,0.0,0.0,0.0
26450,0.0,0.0,0.0
26460,0.0,0.0,0.0
26470,0.0,0.0,0.0
26480,0.0,0.0,0.0
26490,0.0,0.0,0.0
26500,0.0,0.0,0.0
26510,0.0,0.0,0.0
26520,0.0,0.0,0.0
26530,0.0,0.0,0.0
26540,0.0,0.0,0.0
26550,0.0,0.0,0.0
26560,0.0,0.0,0.0
26570,0.0,0.0,0.0
26580,0.0,0.0,0.0
26590,0.0,0.0,0.0
26600,0.0,0.0,0.0
26610,0.0,0.0,0.0
26620,0.0,0.0,0.0
26630,0.0,0.0,0.0
26640,0.0,0.0,0.0
26650,0.0,0.0,0.0
26660,0.0,0.0,0.0
26670,0.0,0.0,0.0
26680,0.0,0.0,0.0
26690,0.0,0.0,0.0
26700,0.0,0.0,0.0
26710,0.0,0.0,0.0
26720,0.0,0.0,0.0
26730,0.0,0.0,0.0
26740,0.0,0.0,0.0
26750,0.0,0.0,0.0
26760,0.0,0.0,0.0
26770,0.0,0.0,0.0
26780,0.0,0.0,0.0
26790,0.0,0.0,0.0
26800,0.0,0.0,0.0
26810,0.0,0.0,0.0
26820,0.0,0.0,0.0
26830,0.0,0.0,0.0
26840,0.0,0.0,0.0
26850,0.0,0.0,0.0
26860,0.0,0.0,0.0
26870,0.0,0.0,0.0
26880,0.0,0.0,0.0
26890,0.0,0.0,0.0
26900,0.0,0.0,0.0
26910,0.0,0.0,0.0
26920,0.0,0.0,0.0
26930,0.0,0.0,0.0
26940,0.0,0.0,0.03941
26950,0.0,0.0,0.0
26960,0.0,0.0,0.0
26970,0.0,0.0,0.0
26980,0.0,0.0,0.0
26990,0.0,0.0,0.0
27000,0.0,0.0,0.0
27010,0.0,0.0,0.0
27020,0.0,0.0,0.0
27030,0.0,0.0,0.0
27040,0.0,0.0,0.0
27050,0.0,0.0,0.0
27060,0.0,0.0,0.0
27070,0.0,0.0,0.0
27080,0.0,0.0,0.0
27090,0.0,0.0,0.0
27100,0.0,0.0,0.0
27110,0.0,0.0,0.0
27120,0.0,0.0,0.0
27130,0.0,0.0,0.0
27140,0.0,0.0,0.0
27150,0.0,0.0,0.0
27160,0.0,0.0,0.0
27170,0.0,0.0,0.0
27180,0.0,0.0,0.0
27190,0.0,0.0,0.0
27200,0.0,0.0,0.0
27210,0.0,0.0,0.0
27220,0.0,0.0,0.0
27230,0.0,0.0,0.0
27240,0.0,0.0,0.0
27250,0.0,0.0,0.0
27260,0.0,0.0,0.0
27270,0.0,0.0,0.0
27280,0.0,0.0,0.0
27290,0.0,0.0,0.0
27300,0.0,0.0,0.0
27310,0.0,0.0,0.0
27320,0.0,0.0,0.0
27330,0.0,0.0,0.0
27340,0.0,0.0,0.0
27350,0.0,0.0,0.0
27360,0.0,0.0,0.0
27370,0.0,0.0,0.0
27380,0.0,0.0,0.0
27390,0.0,0.0,0.0
27400,0.0,0.0,0.0
27410,0.0,0.0,0.0
27420,0.0,0.0,0.0
27430,0.0,0.0,0.0
27440,0.0,0.0,0.0
27450,0.0,0.0,0.0
27460,0.0,0.0,0.0
27470,0.0,0.0,0.0
27480,0.0,0.0,0.0
27490,0.0,0.0,0.0
27500,0.0,0.0,0.0
27510,0.0,0.0,0.0
27520,0.0,0.0,0.0
27530,0.0,0.0,0.0
27540,0.0,0.0,0.0
27550,0.0,0.0,0.0
27560,0.0,0.0,0.0
27570,0.0,0.0,0.0
27580,0.0,0.0,0.0
27590,0.0,0.0,0.0
27600,0.0,0.0,0.0
27610,0.0,0.0,0.0
27620,0.0,0.0,0.0
27630,0.0,0.0,0.0
27640,0.0,0.0,0.0
27650,0.0,0.0,0.0
27660,0.0,0.0,0.0
27670,0.0,0.0,0.0
27680,0.0,0.0,0.0
27690,0.0,0.0,0.0
27700,0.0,0.0,0.0
27710,0.0,0.0,0.0
27720,0.0,0.0,0.0
27730,0.0,0.0,0.0
27740,0.0,0.0,0.0
27750,0.0,0.0,0.0
27760,0.0,0.0,0.0
27770,0.0,0.0,0.0
27780,0.0,0.0,0.0
27790,0.0,0.0,0.0
27800,0.0,0.0,0.0
27810,0.0,0.0,0.0
27820,0.0,0.0,0.0
27830,0.0,0.0,0.0
27840,0.0,0.0,0.0
27850,0.0,0.0,0.0
27860,0.0,0.0,0.0
27870,0.0,0.0,0.0
27880,0.0,0.0,0.0
27890,0.0,0.0,0.0
27900,0.0,0.0,0.0
27910,0.0,0.0,0.0
27920,0.0,0.0,0.0
27930,0.0,0.0,0.0
27940,0.0,0.0,0.0
27950,0.0,0.0,0.0
27960,0.0,0.0,0.0
27970,0.0,0.0,0.0
27980,0.0,0.0,0.0
27990,0.0,0.0,0.0
28000,0.0,0.0,0.0
28010,0.0,0.0,0.0
28020,0.0,0.0,0.0
28030,0.0,0.0,0.0
28040,0.0,0.0,0.0
28050,0.0,0.0,0.0
28060,0.0,0.0,0.0
28070,0.0,0.0,0.0
28080,0.0,0.0,0.04174
28090,0.0,0.0,0.0
28100,0.0,0.0,0.0
28110,0.0,0.0,0.0
28120,0.0,0.0,0.0
28130,0.0,0.0,0.0
28140,0.0,0.0,0.0
28150,0.0,0.0,0.0
28160,0.0,0.0,0.0
28170,0.0,0.0,0.0
28180,0.0,0.0,0.0
28190,0.0,0.0,0.0
28200,0.0,0.0,0.0
28210,0.0,0.0,0.0
28220,0.0,0.0,0.0
28230,0.0,0.0,0.0
28240,0.0,0.0,0.0
28250,0.0,0.0,0.0
28260,0.0,0.0,0.0
28270,0.0,0.0,0.0
28280,0.0,0.0,0.0
28290,0.0,0.0,0.0
28300,0.0,0.0,0.0
28310,0.0,0.0,0.0
28320,0.0,0.0,0.0
28330,0.0,0.0,0.0
28340,0.0,0.0,0.0
28350,0.0,0.0,0.0
28360,0.0,0.0,0.0
28370,0.0,0.0,0.0
28380,0.0,0.0,0.0
28390,0.0,0.0,0.0
28400,0.0,0.0,0.0
28410,0.0,0.0,0.0
28420,0.0,0.0,0.0
28430,0.0,0.0,0.0
28440,0.0,0.0,0.0
28450,0.0,0.0,0.0
28460,0.0,0.0,0.0
28470,0.0,0.0,0.0
28480,0.0,0.0,0.0
28490,0.0,0.0,0.0
28500,0.0,0.0,0.0
28510,0.0,0.0,0.0
28520,0.0,0.0,0.0
28530,0.0,0.0,0.0
28540,0.0,0.0,0.0
28550,0.0,0.0,0.0
28560,0.0,0.0,0.0
28570,0.0,0.0,0.0
28580,0.0,0.0,0.0
28590,0.0,0.0,0.0
28600,0.0,0.0,0.0
28610,0.0,0.0,0.0
28620,0.0,0.0,0.0
28630,0.0,0.0,0.0
28640,0.0,0.0,0.0
28650,0.0,0.0,0.0
28660,0.0,0.0,0.0
28670,0.0,0.0,0.0
28680,0.0,0.0,0.0
28690,0.0,0.0,0.0
28700,0.0,0.0,0.0
28710,0.0,0.0,0.0
28720,0.0,0.0,0.0
28730,0.0,0.0,0.0
28740,0.0,0.0,0.0
28750,0.0,0.0,0.0
28760,0.0,0.0,0.0
28770,0.0,0.0,0.0
28780,0.0,0.006,0.0
28790,0.0,0.0,0.0
28800,0.0,0.0,0.0
28810,0.0,0.0,0.0
28820,0.0,0.0,0.0
28830,0.0,0.0,0.0
28840,0.0,0.0,0.0
28850,0.0,0.0,0.0
28860,0.0,0.0,0.0
28870,0.0,0.0,0.0
28880,0.0,0.0,0.0
28890,0.0,0.0,0.0
28900,0.0,0.0,0.0
28910,0.0,0.0,0.0
28920,0.0,0.0,0.0
28930,0.0,0.0,0.0
28940,0.0,0.0,0.0
28950,0.0,0.0,0.0
28960,0.0,0.0,0.0
28970,0.0,0.0,0.0
28980,0.0,0.0,0.0
28990,0.0,0.0,0.0
29000,0.0,0.0,0.0
29010,0.0,0.0,0.0
29020,0.0,0.0,0.0
29030,0.0,0.0,0.0
29040,0.0,0.0,0.0
29050,0.0,0.0,0.0
29060,0.0,0.0,0.0
29070,0.0,0.0,0.0
29080,0.0,0.0,0.0
29090,0.0,0.0,0.0
29100,0.0,0.0,0.0
29110,0.0,0.0,0.0
29120,0.0,0.0,0.0
29130,0.0,0.0,0.0
29140,0.0,0.0,0.0
29150,0.0,0.0,0.0
29160,0.0,0.0,0.0
29170,0.0,0.0,0.0
29180,0.0,0.0,0.0
29190,0.0,0.0,0.0
29200,0.0,0.0,0.0
29210,0.0,0.0,0.0
29220,0.0,0.0,0.0
29230,0.0,0.0,0.0
29240,0.0,0.0,0.0
29250,0.0,0.0,0.0
29260,0.0,0.0,0.0
29270,0.0,0.0,0.0
29280,0.0,0.0,0.0
29290,0.0,0.0,0.0
29300,0.0,0.0,0.0
29310,0.0,0.0,0.0
29320,0.0,0.0,0.0
29330,0.0,0.0,0.0
29340,0.0,0.0,0.0
29350,0.0,0.0,0.0
29360,0.0,0.0,0.0
29370,0.0,0.0,0.0
29380,0.0,0.0,0.0
29390,0.0,0.0,0.0
29400,0.0,0.0,0.0
29410,0.0,0.0,0.0
29420,0.0,0.0,0.0
29430,0.0,0.0,0.0
29440,0.0,0.0,0.0
29450,0.0,0.0,0.0
29460,0.0,0.0,0.04042
29470,0.0,0.0,0.0
29480,0.0,0.0,0.0
29490,0.0,0.0,0.0
29500,0.0,0.0,0.0
29510,0.0,0.0,0.0
29520,0.0,0.0,0.0
29530,0.0,0.0,0.0
29540,0.0,0.0,0.0
29550,0.0,0.0,0.0
29560,0.0,0.0,0.0
29570,0.0,0.0,0.0
29580,0.0,0.0,0.0
29590,0.0,0.0,0.0
29600,0.0,0.0,0.0
29610,0.0,0.0,0.0
29620,0.0,0.0,0.0
29630,0.0,0.0,0.0
29640,0.0,0.0,0.0
29650,0.0,0.0,0.0
29660,0.0,0.0,0.0
29670,0.0,0.0,0.0
29680,0.0,0.0,0.0
29690,0.0,0.0,0.0
29700,0.0,0.0,0.0
29710,0.0,0.0,0.0
29720,0.0,0.0,0.0
29730,0.0,0.0,0.0
29740,0.0,0.0,0.0
29750,0.0,0.0,0.0
29760,0.0,0.0,0.0
29770,0.0,0.0,0.0
29780,0.0,0.0,0.0
29790,0.0,0.0,0.0
29800,0.0,0.0,0.0
29810,0.0,0.0,0.0
29820,0.0,0.0,0.0
29830,0.0,0.0,0.0
29840,0.0,0.0,0.0
29850,0.0,0.0,0.0
29860,0.0,0.0,0.0
29870,0.0,0.0,0.0
29880,0.0,0.0,0.0
29890,0.0,0.0,0.0
29900,0.0,0.0,0.0
29910,0.0,0.0,0.0
29920,0.0,0.0,0.0
29930,0.0,0.0,0.0
29940,0.0,0.0,0.09275
29950,0.0,0.0,0.0
29960,0.0,0.0,0.0
29970,0.0,0.0,0.0
29980,0.0,0.0,0.0
29990,0.0,0.0,0.0
30000,0.0,0.0,0.0
30010,0.0,0.0,0.0
30020,0.0,0.0,0.0
30030,0.0,0.0,0.0
30040,0.0,0.0,0.0
30050,0.0,0.0,0.0
30060,0.0,0.0,0.16988
30070,0.0,0.0,0.0
30080,0.0,0.0,0.0
30090,0.0,0.0,0.0
30100,0.0,0.0,0.0
30110,0.0,0.0,0.0
30120,0.0,0.0,0.16424
30130,0.0,0.0,0.0
30140,0.0,0.0,0.0
30150,0.0,0.0,0.0
30160,0.0,0.0,0.0
30170,0.0,0.0,0.0
30180,0.0,0.0,0.0
30190,0.0,0.0,0.0
30200,0.0,0.0,0.0
30210,0.0,0.0,0.0
30220,0.0,0.0,0.0
30230,0.0,0.0,0.0
30240,0.0,0.0,0.0
30250,0.0,0.0,0.0
30260,0.0,0.0,0.0
30270,0.0,0.0,0.0
30280,0.0,0.0,0.0
30290,0.0,0.0,0.0
30300,0.0,0.0,0.0
30310,0.0,0.0,0.0
30320,0.0,0.0,0.0
30330,0.0,0.0,0.0
30340,0.0,0.0,0.0
30350,0.0,0.0,0.0
30360,0.0,0.0,0.0
30370,0.0,0.0,0.0
30380,0.0,0.0,0.0
30390,0.0,0.0,0.0
30400,0.0,0.0,0.0
30410,0.0,0.0,0.0
30420,0.0,0.0,0.0
30430,0.0,0.0,0.0
30440,0.0,0.0,0.0
30450,0.0,0.0,0.0
30460,0.0,0.0,0.0
30470,0.0,0.0,0.0
30480,0.0,0.0,0.0
30490,0.0,0.0,0.0
30500,0.0,0.0,0.0
30510,0.0,0.0,0.0
30520,0.0,0.0,0.0
30530,0.0,0.0,0.0
30540,0.0,0.0,0.0
30550,0.0,0.0,0.0
30560,0.0,0.0,0.0
30570,0.0,0.0,0.0
30580,0.0,0.0,0.0
30590,0.0,0.0,0.0
30600,0.0,0.0,0.0
30610,0.0,0.0,0.0
30620,0.0,0.0,0.0
30630,0.0,0.0,0.0
30640,0.0,0.0,0.0
30650,0.0,0.0,0.0
30660,0.0,0.0,0.0
30670,0.0,0.0,0.0
30680,0.0,0.0,0.0
30690,0.0,0.0,0.0
30700,0.0,0.0,0.0
30710,0.0,0.0,0.0
30720,0.0,0.0,0.0
30730,0.0,0.0,0.0
30740,0.0,0.0,0.0
30750,0.0,0.0,0.0
30760,0.0,0.0,0.0
30770,0.0,0.0,0.0
30780,0.0,0.0,0.0
30790,0.0,0.0,0.0
30800,0.0,0.0,0.0
30810,0.0,0.0,0.0
30820,0.0,0.0,0.0
30830,0.0,0.0,0.0
30840,0.0,0.0,0.0
30850,0.0,0.0,0.0
30860,0.0,0.0,0.0
30870,0.0,0.0,0.0
30880,0.0,0.0,0.0
30890,0.0,0.0,0.0
30900,0.0,0.0,0.0
30910,0.0,0.0,0.0
30920,0.0,0.0,0.0
30930,0.0,0.0,0.0
30940,0.0,0.0,0.0
30950,0.0,0.0,0.0
30960,0.0,0.0,0.0
30970,0.0,0.0,0.0
30980,0.0,0.0,0.0
30990,0.0,0.0,0.0
31000,0.0,0.0,0.0
31010,0.0,0.0,0.0
31020,0.0,0.0,0.09991
31030,0.0,0.0,0.0
31040,0.0,0.0,0.0
31050,0.0,0.0,0.0
31060,0.0,0.0,0.0
31070,0.0,0.0,0.0
31080,0.0,0.0,0.0
31090,0.0,0.0,0.0
31100,0.0,0.0,0.0
31110,0.0,0.0,0.0
31120,0.0,0.0,0.0
31130,0.0,0.0,0.0
31140,0.0,0.0,0.0
31150,0.0,0.0,0.0
31160,0.0,0.0,0.0
31170,0.0,0.0,0.0
31180,0.0,0.0,0.0
31190,0.0,0.0,0.0
31200,0.0,0.0,0.0
31210,0.0,0.0,0.0
31220,0.0,0.0,0.0
31230,0.0,0.0,0.0
31240,0.0,0.0,0.0
31250,0.0,0.0,0.0
31260,0.0,0.0,0.0
31270,0.0,0.0,0.0
31280,0.0,0.0,0.0
31290,0.0,0.0,0.0
31300,0.0,0.0,0.0
31310,0.0,0.0,0.0
31320,0.0,0.0,0.0
31330,0.0,0.0,0.0
31340,0.0,0.0,0.0
31350,0.0,0.0,0.0
31360,0.0,0.0,0.0
31370,0.0,0.0,0.0
31380,0.0,0.0,0.0
31390,0.0,0.0,0.0
31400,0.0,0.0,0.0
31410,0.0,0.0,0.0
31420,0.0,0.0,0.0
31430,0.0,0.0,0.0
31440,0.0,0.0,0.0
31450,0.0,0.0,0.0
31460,0.0,0.0,0.0
31470,0.0,0.0,0.0
31480,0.0,0.0,0.0
31490,0.0,0.0,0.0
31500,0.0,0.0,0.0
31510,0.0,0.0,0.0
31520,0.0,0.0,0.0
31530,0.0,0.0,0.0
31540,0.0,0.0,0.0
31550,0.0,0.0,0.0
31560,0.0,0.0,0.0
31570,0.0,0.0,0.0
31580,0.0,0.0,0.0
31590,0.0,0.0,0.0
31600,0.0,0.0,0.0
31610,0.0,0.0,0.0
31620,0.0,0.0,0.09085
31630,0.0,0.0,0.0
31640,0.0,0.0,0.0
31650,0.0,0.0,0.0
31660,0.0,0.0,0.0
31670,0.0,0.0,0.0
31680,0.0,0.0,0.0
31690,0.0,0.0,0.0
31700,0.0,0.0,0.0
31710,0.0,0.0,0.0
31720,0.0,0.0,0.0
31730,0.0,0.0,0.0
31740,0.0,0.0,0.0
31750,0.0,0.0,0.0
31760,0.0,0.0,0.0
31770,0.0,0.0,0.0
31780,0.0,0.0,0.0
31790,0.0,0.0,0.0
31800,0.0,0.0,0.0
31810,0.0,0.0,0.0
31820,0.0,0.0,0.0
31830,0.0,0.0,0.0
31840,0.0,0.0,0.0
31850,0.0,0.0,0.0
31860,0.0,0.0,0.0547
31870,0.0,0.0,0.0
31880,0.0,0.0,0.0
31890,0.0,0.0,0.0
31900,0.0,0.0,0.0
31910,0.0,0.0,0.0
31920,0.0,0.0,0.06476
31930,0.0,0.0,0.0
31940,0.0,0.0,0.0
31950,0.0,0.0,0.0
31960,0.0,0.0,0.0
31970,0.0,0.0,0.0
31980,0.0,0.008,0.0
31990,0.0,0.0,0.0
32000,0.0,0.0,0.0
32010,0.0,0.0,0.0
32020,0.0,0.0,0.0
32030,0.0,0.0,0.0
32040,0.0,0.0,0.07695
32050,0.0,0.0,0.0
32060,0.0,0.0,0.0
32070,0.0,0.0,0.0
32080,0.0,0.0,0.0
32090,0.0,0.0,0.0
32100,0.0,0.0,0.00038
32110,0.0,0.0,0.0
32120,0.0,0.0,0.0
32130,0.0,0.0,0.0
32140,0.0,0.0,0.0
32150,0.0,0.0,0.0
32160,0.0,0.0,0.0
32170,0.0,0.0,0.0
32180,0.0,0.0,0.0
32190,0.0,0.0,0.0
32200,0.0,0.0,0.0
32210,0.0,0.0,0.0
32220,0.0,0.0,0.0
32230,0.0,0.0,0.0
32240,0.0,0.0,0.0
32250,0.0,0.0,0.0
32260,0.0,0.0,0.0
32270,0.0,0.0,0.0
32280,0.0,0.0,0.0
32290,0.0,0.0,0.0
32300,0.0,0.0,0.0
32310,0.0,0.0,0.0
32320,0.0,0.0,0.0
32330,0.0,0.0,0.0
32340,0.0,0.0,0.0
32350,0.0,0.0,0.0
32360,0.0,0.0,0.0
32370,0.0,0.0,0.0
32380,0.0,0.0,0.0
32390,0.0,0.0,0.0
32400,0.0,0.0,0.0
32410,0.0,0.0,0.0
32420,0.0,0.0,0.0
32430,0.0,0.0,0.0
32440,0.0,0.0,0.0
32450,0.0,0.0,0.0
32460,0.0,0.0,0.0
32470,0.0,0.0,0.0
32480,0.0,0.0,0.0
32490,0.0,0.0,0.0
32500,0.0,0.0,0.0
32510,0.0,0.0,0.0
32520,0.0,0.0,0.0
32530,0.0,0.0,0.0
32540,0.0,0.0,0.0
32550,0.0,0.0,0.0
32560,0.0,0.0,0.0
32570,0.0,0.0,0.0
32580,0.0,0.0,0.0
32590,0.0,0.0,0.0
32600,0.0,0.0,0.0
32610,0.0,0.0,0.0
32620,0.0,0.0,0.0
32630,0.0,0.0,0.0
32640,0.0,0.0,0.0
32650,0.0,0.0,0.0
32660,0.0,0.0,0.0
32670,0.0,0.0,0.0
32680,0.0,0.0,0.0
32690,0.0,0.0,0.0
32700,0.0,0.0,0.0
32710,0.0,0.0,0.0
32720,0.0,0.0,0.0
32730,0.0,0.0,0.0
32740,0.0,0.0,0.0
32750,0.0,0.0,0.0
32760,0.0,0.0,0.0
32770,0.0,0.0,0.0
32780,0.0,0.0,0.0
32790,0.0,0.0,0.0
32800,0.0,0.0,0.0
32810,0.0,0.0,0.0
32820,0.0,0.0,0.0
32830,0.0,0.0,0.0
32840,0.0,0.0,0.0
32850,0.0,0.0,0.0
32860,0.0,0.0,0.0
32870,0.0,0.0,0.0
32880,0.0,0.0,0.0
32890,0.0,0.0,0.0
32900,0.0,0.0,0.0
32910,0.0,0.0,0.0
32920,0.0,0.0,0.0
32930,0.0,0.0,0.0
32940,0.0,0.0,0.0
32950,0.0,0.0,0.0
32960,0.0,0.0,0.0
32970,0.0,0.0,0.0
32980,0.0,0.0,0.0
32990,0.0,0.0,0.0
33000,0.0,0.0,0.0
33010,0.0,0.0,0.0
33020,0.0,0.0,0.0
33030,0.0,0.0,0.0
33040,0.0,0.0,0.0
33050,0.0,0.0,0.0
33060,0.0,0.0,0.0
33070,0.0,0.0,0.0
33080,0.0,0.0,0.0
33090,0.0,0.0,0.0
33100,0.0,0.0,0.0
33110,0.0,0.0,0.0
33120,0.0,0.0,0.0
33130,0.0,0.0,0.0
33140,0.0,0.0,0.0
33150,0.0,0.0,0.0
33160,0.0,0.0,0.0
33170,0.0,0.0,0.0
33180,0.0,0.0,0.0
33190,0.0,0.0,0.0
33200,0.0,0.0,0.0
33210,0.0,0.0,0.0
33220,0.0,0.0,0.0
33230,0.0,0.0,0.0
33240,0.0,0.0,0.0
33250,0.0,0.0,0.0
33260,0.0,0.0,0.0
33270,0.0,0.0,0.0
33280,0.0,0.0,0.0
33290,0.0,0.0,0.0
33300,0.0,0.0,0.0
33310,0.0,0.0,0.0
33320,0.0,0.0,0.0
33330,0.0,0.0,0.0
33340,0.0,0.0,0.0
33350,0.0,0.0,0.0
33360,0.0,0.0,0.0
33370,0.0,0.0,0.0
33380,0.0,0.0,0.0
33390,0.0,0.0,0.0
33400,0.0,0.0,0.0
33410,0.0,0.0,0.0
33420,0.0,0.0,0.0
33430,0.0,0.0,0.0
33440,0.0,0.0,0.0
33450,0.0,0.0,0.0
33460,0.0,0.0,0.0
33470,0.0,0.0,0.0
33480,0.0,0.0,0.0
33490,0.0,0.0,0.0
33500,0.0,0.0,0.0
33510,0.0,0.0,0.0
33520,0.0,0.0,0.0
33530,0.0,0.0,0.0
33540,0.0,0.0,0.0
33550,0.0,0.0,0.0
33560,0.0,0.0,0.0
33570,0.0,0.0,0.0
33580,0.0,0.0,0.0
33590,0.0,0.0,0.0
33600,0.0,0.0,0.0
33610,0.0,0.0,0.0
33620,0.0,0.0,0.0
33630,0.0,0.0,0.0
33640,0.0,0.0,0.0
33650,0.0,0.0,0.0
33660,0.0,0.0,0.0
33670,0.0,0.0,0.0
33680,0.0,0.0,0.0
33690,0.0,0.0,0.0
33700,0.0,0.0,0.0
33710,0.0,0.0,0.0
33720,0.0,0.0,0.0
33730,0.0,0.0,0.0
33740,0.0,0.0,0.0
33750,0.0,0.0,0.0
33760,0.0,0.0,0.0
33770,0.0,0.0,0.0
33780,0.0,0.0,0.0
33790,0.0,0.0,0.0
33800,0.0,0.0,0.0
33810,0.0,0.0,0.0
33820,0.0,0.0,0.0
33830,0.0,0.0,0.0
33840,0.0,0.0,0.0
33850,0.0,0.0,0.0
33860,0.0,0.0,0.0
33870,0.0,0.0,0.0
33880,0.0,0.0,0.0
33890,0.0,0.0,0.0
33900,0.0,0.0,0.0
33910,0.0,0.0,0.0
33920,0.0,0.0,0.0
33930,0.0,0.0,0.0
33940,0.0,0.0,0.0
33950,0.0,0.0,0.0
33960,0.0,0.0,0.0
33970,0.0,0.0,0.0
33980,0.0,0.0,0.0
33990,0.0,0.0,0.0
34000,0.0,0.0,0.0
34010,0.0,0.0,0.0
34020,0.0,0.0,0.0
34030,0.0,0.0,0.0
34040,0.0,0.0,0.0
34050,0.0,0.0,0.0
34060,0.0,0.0,0.0
34070,0.0,0.0,0.0
34080,0.0,0.0,0.0
34090,0.0,0.0,0.0
34100,0.0,0.0,0.0
34110,0.0,0.0,0.0
34120,0.0,0.0,0.0
34130,0.0,0.0,0.0
34140,0.0,0.0,0.0
34150,0.0,0.0,0.0
34160,0.0,0.0,0.0
34170,0.0,0.0,0.0
34180,0.0,0.0,0.0
34190,0.0,0.0,0.0
34200,0.0,0.0,0.04128
34210,0.0,0.0,0.0
34220,0.0,0.0,0.0
34230,0.0,0.0,0.0
34240,0.0,0.0,0.0
34250,0.0,0.0,0.0
34260,0.0,0.0,0.0
34270,0.0,0.0,0.0
34280,0.0,0.0,0.0
34290,0.0,0.0,0.0
34300,0.0,0.0,0.0
34310,0.0,0.0,0.0
34320,0.0,0.0,0.0
34330,0.0,0.0,0.0
34340,0.0,0.0,0.0
34350,0.0,0.0,0.0
34360,0.0,0.0,0.0
34370,0.0,0.0,0.0
34380,0.0,0.0,0.0
34390,0.0,0.0,0.0
34400,0.0,0.0,0.0
34410,0.0,0.0,0.0
34420,0.0,0.0,0.0
34430,0.0,0.0,0.0
34440,0.0,0.0,0.0
34450,0.0,0.0,0.0
34460,0.0,0.0,0.0
34470,0.0,0.0,0.0
34480,0.0,0.0,0.0
34490,0.0,0.0,0.0
34500,0.0,0.0,0.0
34510,0.0,0.0,0.0
34520,0.0,0.0,0.0
34530,0.0,0.0,0.0
34540,0.0,0.0,0.0
34550,0.0,0.0,0.0
34560,0.0,0.0,0.0
34570,0.0,0.0,0.0
34580,0.0,0.0,0.0
34590,0.0,0.0,0.0
34600,0.0,0.0,0.0
34610,0.0,0.0,0.0
34620,0.0,0.0,0.0
34630,0.0,0.0,0.0
34640,0.0,0.0,0.0
34650,0.0,0.0,0.0
34660,0.0,0.0,0.0
34670,0.0,0.0,0.0
34680,0.0,0.0,0.0
34690,0.0,0.0,0.0
34700,0.0,0.0,0.0
34710,0.0,0.0,0.0
34720,0.0,0.0,0.0
34730,0.0,0.0,0.0
34740,0.0,0.0,0.0
34750,0.0,0.0,0.0
34760,0.0,0.0,0.0
34770,0.0,0.0,0.0
34780,0.0,0.0,0.0
34790,0.0,0.0,0.0
34800,0.0,0.0,0.0
34810,0.0,0.0,0.0
34820,0.0,0.0,0.0
34830,0.0,0.0,0.0
34840,0.0,0.0,0.0
34850,0.0,0.0,0.0
34860,0.0,0.0,0.0
34870,0.0,0.0,0.0
34880,0.0,0.0,0.0
34890,0.0,0.0,0.0
34900,0.0,0.0,0.0
34910,0.0,0.0,0.0
34920,0.0,0.0,0.0
34930,0.0,0.0,0.0
34940,0.0,0.0,0.0
34950,0.0,0.0,0.0
34960,0.0,0.0,0.0
34970,0.0,0.0,0.0
34980,0.0,0.0,0.0
34990,0.0,0.0,0.0
35000,0.0,0.0,0.0
35010,0.0,0.0,0.0
35020,0.0,0.0,0.0
35030,0.0,0.0,0.0
35040,0.0,0.0,0.0
35050,0.0,0.0,0.0
35060,0.0,0.0,0.0
35070,0.0,0.0,0.0
35080,0.0,0.0,0.0
35090,0.0,0.0,0.0
35100,0.0,0.0,0.0
35110,0.0,0.0,0.0
35120,0.0,0.0,0.0
35130,0.0,0.0,0.0
35140,0.0,0.0,0.0
35150,0.0,0.0,0.0
35160,0.0,0.0,0.0
35170,0.0,0.0,0.0
35180,0.0,0.0,0.0
35190,0.0,0.0,0.0
35200,0.0,0.0,0.0
35210,0.0,0.0,0.0
35220,0.0,0.0,0.0
35230,0.0,0.0,0.0
35240,0.0,0.0,0.0
35250,0.0,0.0,0.0
35260,0.0,0.0,0.0
35270,0.0,0.0,0.0
35280,0.0,0.0,0.0
35290,0.0,0.0,0.0
35300,0.0,0.0,0.0
35310,0.0,0.0,0.0
35320,0.0,0.0,0.0
35330,0.0,0.0,0.0
35340,0.0,0.0,0.0
35350,0.0,0.0,0.0
35360,0.0,0.0,0.0
35370,0.0,0.0,0.0
35380,0.0,0.0,0.0
35390,0.0,0.0,0.0
35400,0.0,0.0,0.09326
35410,0.0,0.0,0.0
35420,0.0,0.0,0.0
35430,0.0,0.0,0.0
35440,0.0,0.0,0.0
35450,0.0,0.0,0.0
35460,0.0,0.0,0.0
35470,0.0,0.0,0.0
35480,0.0,0.0,0.0
35490,0.0,0.0,0.0
35500,0.0,0.0,0.0
35510,0.0,0.0,0.0
35520,0.0,0.0,0.0
35530,0.0,0.0,0.0
35540,0.0,0.0,0.0
35550,0.0,0.0,0.0
35560,0.0,0.0,0.0
35570,0.0,0.0,0.0
35580,0.0,0.0,0.0
35590,0.0,0.002,0.0
35600,0.0,0.0,0.0
35610,0.0,0.0,0.0
35620,0.0,0.0,0.0
35630,0.0,0.0,0.0
35640,0.0,0.0,0.0
35650,0.0,0.0,0.0
35660,0.0,0.0,0.0
35670,0.0,0.0,0.0
35680,0.0,0.0,0.0
35690,0.0,0.0,0.0
35700,0.0,0.0,0.0
35710,0.0,0.0,0.0
35720,0.0,0.0,0.0
35730,0.0,0.0,0.0
35740,0.0,0.0,0.0
35750,0.0,0.0,0.0
35760,0.0,0.0,0.20429
35770,0.0,0.0,0.0
35780,0.0,0.0,0.0
35790,0.0,0.0,0.0
35800,0.0,0.0,0.0
35810,0.0,0.0,0.0
35820,0.0,0.0,0.0
35830,0.0,0.0,0.0
35840,0.0,0.0,0.0
35850,0.0,0.0,0.0
35860,0.0,0.0,0.0
35870,0.0,0.0,0.0
35880,0.0,0.0,0.0
35890,0.0,0.0,0.0
35900,0.0,0.0,0.0
35910,0.0,0.0,0.0
35920,0.0,0.0,0.0
35930,0.0,0.0,0.0
35940,0.0,0.0,0.11677
35950,0.0,0.0,0.0
35960,0.0,0.0,0.0
35970,0.0,0.0,0.0
35980,0.0,0.0,0.0
35990,0.0,0.0,0.0
36000,0.0,0.001,0.0
36010,0.0,0.0,0.0
36020,0.0,0.0,0.0
36030,0.0,0.0,0.0
36040,0.0,0.0,0.0
36050,0.0,0.0,0.0
36060,0.0,0.0,0.0
36070,0.0,0.0,0.0
36080,0.0,0.0,0.0
36090,0.0,0.0,0.0
36100,0.0,0.0,0.0
36110,0.0,0.0,0.0
36120,0.0,0.0,0.0
36130,0.0,0.0,0.0
36140,0.0,0.0,0.0
36150,0.0,0.0,0.0
36160,0.0,0.0,0.0
36170,0.0,0.0,0.0
36180,0.0,0.0,0.0
36190,0.0,0.0,0.0
36200,0.0,0.0,0.0
36210,0.0,0.0,0.0
36220,0.0,0.0,0.0
36230,0.0,0.0,0.0
36240,0.0,0.0,0.0
36250,0.0,0.0,0.0
36260,0.0,0.0,0.0
36270,0.0,0.0,0.0
36280,0.0,0.0,0.0
36290,0.0,0.0,0.0
36300,0.0,0.0,0.0
36310,0.0,0.0,0.0
36320,0.0,0.0,0.0
36330,0.0,0.0,0.0
36340,0.0,0.0,0.0
36350,0.0,0.0,0.0
36360,0.0,0.0,0.0
36370,0.0,0.0,0.0
36380,0.0,0.0,0.0
36390,0.0,0.0,0.0
36400,0.0,0.0,0.0
36410,0.0,0.0,0.0
36420,0.0,0.0,0.0
36430,0.0,0.0,0.0
36440,0.0,0.0,0.0
36450,0.0,0.0,0.0
36460,0.0,0.0,0.0
36470,0.0,0.0,0.0
36480,0.0,0.0,0.0
36490,0.0,0.0,0.0
36500,0.0,0.0,0.0
36510,0.0,0.0,0.0
36520,0.0,0.0,0.0
36530,0.0,0.0,0.0
36540,0.0,0.0,0.0
36550,0.0,0.0,0.0
36560,0.0,0.0,0.0
36570,0.0,0.0,0.0
36580,0.0,0.0,0.0
36590,0.0,0.0,0.0
36600,0.0,0.0,0.0
36610,0.0,0.0,0.0
36620,0.0,0.0,0.0
36630,0.0,0.0,0.0
36640,0.0,0.0,0.0
36650,0.0,0.0,0.0
36660,0.0,0.0,0.0
36670,0.0,0.0,0.0
36680,0.0,0.0,0.0
36690,0.0,0.0,0.0
36700,0.0,0.0,0.0
36710,0.0,0.0,0.0
36720,0.0,0.0,0.0
36730,0.0,0.0,0.0
36740,0.0,0.0,0.0
36750,0.0,0.0,0.0
36760,0.0,0.0,0.0
36770,0.0,0.0,0.0
36780,0.0,0.0,0.0
36790,0.0,0.0,0.0
36800,0.0,0.0,0.0
36810,0.0,0.0,0.0
36820,0.0,0.0,0.0
36830,0.0,0.0,0.0
36840,0.0,0.0,0.0
36850,0.0,0.0,0.0
36860,0.0,0.0,0.0
36870,0.0,0.0,0.0
36880,0.0,0.0,0.0
36890,0.0,0.0,0.0
36900,0.0,0.0,0.0
36910,0.0,0.0,0.0
36920,0.0,0.0,0.0
36930,0.0,0.0,0.0
36940,0.0,0.0,0.0
36950,0.0,0.0,0.0
36960,0.0,0.0,0.0
36970,0.0,0.0,0.0
36980,0.0,0.0,0.0
36990,0.0,0.0,0.0
37000,0.0,0.0,0.0
37010,0.0,0.0,0.0
37020,0.0,0.0,0.0
37030,0.0,0.0,0.0
37040,0.0,0.0,0.0
37050,0.0,0.0,0.0
37060,0.0,0.0,0.0
37070,0.0,0.0,0.0
37080,0.0,0.0,0.0
37090,0.0,0.0,0.0
37100,0.0,0.0,0.0
37110,0.0,0.0,0.0
37120,0.0,0.0,0.0
37130,0.0,0.0,0.0
37140,0.0,0.0,0.0
37150,0.0,0.0,0.0
37160,0.0,0.0,0.0
37170,0.0,0.0,0.0
37180,0.0,0.0,0.0
37190,0.0,0.0,0.0
37200,0.0,0.0,0.0
37210,0.0,0.0,0.0
37220,0.0,0.0,0.0
37230,0.0,0.0,0.0
37240,0.0,0.0,0.0
37250,0.0,0.0,0.0
37260,0.0,0.0,0.0
37270,0.0,0.0,0.0
37280,0.0,0.0,0.0
37290,0.0,0.0,0.0
37300,0.0,0.0,0.0
37310,0.0,0.0,0.0
37320,0.0,0.0,0.08331
37330,0.0,0.0,0.0
37340,0.0,0.0,0.0
37350,0.0,0.0,0.0
37360,0.0,0.0,0.0
37370,0.0,0.0,0.0
37380,0.0,0.0,0.0
37390,0.0,0.0,0.0
37400,0.0,0.0,0.0
37410,0.0,0.0,0.0
37420,0.0,0.0,0.0
37430,0.0,0.0,0.0
37440,0.0,0.0,0.0
37450,0.0,0.0,0.0
37460,0.0,0.0,0.0
37470,0.0,0.0,0.0
37480,0.0,0.0,0.0
37490,0.0,0.0,0.0
37500,0.0,0.0,0.048
37510,0.0,0.0,0.0
37520,0.0,0.0,0.0
37530,0.0,0.0,0.0
37540,0.0,0.0,0.0
37550,0.0,0.0,0.0
37560,0.0,0.0,0.0
37570,0.0,0.0,0.0
37580,0.0,0.0,0.0
37590,0.0,0.0,0.0
37600,0.0,0.0,0.0
37610,0.0,0.0,0.0
37620,0.0,0.0,0.0
37630,0.0,0.0,0.0
37640,0.0,0.0,0.0
37650,0.0,0.0,0.0
37660,0.0,0.0,0.0
37670,0.0,0.0,0.0
37680,0.0,0.0,0.0
37690,0.0,0.0,0.0
37700,0.0,0.0,0.0
37710,0.0,0.0,0.0
37720,0.0,0.0,0.0
37730,0.0,0.0,0.0
37740,0.0,0.0,0.08199
37750,0.0,0.0,0.0
37760,0.0,0.0,0.0
37770,0.0,0.0,0.0
37780,0.0,0.0,0.0
37790,0.0,0.0,0.0
37800,0.0,0.0,0.0
37810,0.0,0.0,0.0
37820,0.0,0.0,0.0
37830,0.0,0.0,0.0
37840,0.0,0.0,0.0
37850,0.0,0.0,0.0
37860,0.0,0.0,0.0
37870,0.0,0.0,0.0
37880,0.0,0.0,0.0
37890,0.0,0.0,0.0
37900,0.0,0.0,0.0
37910,0.0,0.0,0.0
37920,0.0,0.0,0.0
37930,0.0,0.0,0.0
37940,0.0,0.0,0.0
37950,0.0,0.0,0.0
37960,0.0,0.0,0.0
37970,0.0,0.0,0.0
37980,0.0,0.0,0.0
37990,0.0,0.0,0.0
38000,0.0,0.0,0.0
38010,0.0,0.0,0.0
38020,0.0,0.0,0.0
38030,0.0,0.0,0.0
38040,0.0,0.0,0.0
38050,0.0,0.0,0.0
38060,0.0,0.0,0.0
38070,0.0,0.0,0.0
38080,0.0,0.0,0.0
38090,0.0,0.0,0.0
38100,0.0,0.0,0.0
38110,0.0,0.0,0.0
38120,0.0,0.0,0.0
38130,0.0,0.0,0.0
38140,0.0,0.0,0.0
38150,0.0,0.0,0.0
38160,0.0,0.0,0.0
38170,0.0,0.0,0.0
38180,0.0,0.0,0.0
38190,0.0,0.0,0.0
38200,0.0,0.0,0.0
38210,0.0,0.0,0.0
38220,0.0,0.0,0.09941
38230,0.0,0.0,0.0
38240,0.0,0.0,0.0
38250,0.0,0.0,0.0
38260,0.0,0.0,0.0
38270,0.0,0.0,0.0
38280,0.0,0.0,0.0
38290,0.0,0.0,0.0
38300,0.0,0.0,0.0
38310,0.0,0.0,0.0
38320,0.0,0.0,0.0
38330,0.0,0.0,0.0
38340,0.0,0.0,0.0
38350,0.0,0.0,0.0
38360,0.0,0.0,0.0
38370,0.0,0.0,0.0
38380,0.0,0.0,0.0
38390,0.0,0.0,0.0
38400,0.0,0.0,0.0
38410,0.0,0.0,0.0
38420,0.0,0.0,0.0
38430,0.0,0.0,0.0
38440,0.0,0.0,0.0
38450,0.0,0.0,0.0
38460,0.0,0.0,0.0
38470,0.0,0.0,0.0
38480,0.0,0.0,0.0
38490,0.0,0.0,0.0
38500,0.0,0.0,0.0
38510,0.0,0.0,0.0
38520,0.0,0.0,0.0
38530,0.0,0.0,0.0
38540,0.0,0.0,0.0
38550,0.0,0.0,0.0
38560,0.0,0.0,0.0
38570,0.0,0.0,0.0
38580,0.0,0.0,0.0
38590,0.0,0.0,0.0
38600,0.0,0.0,0.0
38610,0.0,0.0,0.0
38620,0.0,0.0,0.0
38630,0.0,0.0,0.0
38640,0.0,0.0,0.0
38650,0.0,0.0,0.0
38660,0.0,0.0,0.0
38670,0.0,0.0,0.0
38680,0.0,0.0,0.0
38690,0.0,0.0,0.0
38700,0.0,0.0,0.0
38710,0.0,0.0,0.0
38720,0.0,0.0,0.0
38730,0.0,0.0,0.0
38740,0.0,0.0,0.0
38750,0.0,0.0,0.0
38760,0.0,0.0,0.0
38770,0.0,0.0,0.0
38780,0.0,0.0,0.0
38790,0.0,0.0,0.0
38800,0.0,0.0,0.0
38810,0.0,0.0,0.0
38820,0.0,0.0,0.0
38830,0.0,0.0,0.0
38840,0.0,0.0,0.0
38850,0.0,0.0,0.0
38860,0.0,0.0,0.0
38870,0.0,0.0,0.0
38880,0.0,0.0,0.0
38890,0.0,0.0,0.0
38900,0.0,0.0,0.0
38910,0.0,0.0,0.0
38920,0.0,0.0,0.0
38930,0.0,0.0,0.0
38940,0.0,0.0,0.0
38950,0.0,0.0,0.0
38960,0.0,0.0,0.0
38970,0.0,0.0,0.0
38980,0.0,0.0,0.0
38990,0.0,0.0,0.0
39000,0.0,0.0,0.0
39010,0.0,0.0,0.0
39020,0.0,0.0,0.0
39030,0.0,0.0,0.0
39040,0.0,0.0,0.0
39050,0.0,0.0,0.0
39060,0.0,0.0,0.14294
39070,0.0,0.0,0.0
39080,0.0,0.0,0.0
39090,0.0,0.0,0.0
39100,0.0,0.0,0.0
39110,0.0,0.0,0.0
39120,0.0,0.0,0.0
39130,0.0,0.0,0.0
39140,0.0,0.0,0.0
39150,0.0,0.0,0.0
39160,0.0,0.0,0.0
39170,0.0,0.0,0.0
39180,0.0,0.0,0.0
39190,0.0,0.0,0.0
39200,0.0,0.0,0.0
39210,0.0,0.0,0.0
39220,0.0,0.0,0.0
39230,0.0,0.0,0.0
39240,0.0,0.0,0.0
39250,0.0,0.0,0.0
39260,0.0,0.0,0.0
39270,0.0,0.0,0.0
39280,0.0,0.0,0.0
39290,0.0,0.0,0.0
39300,0.0,0.0,0.0
39310,0.0,0.0,0.0
39320,0.0,0.0,0.0
39330,0.0,0.0,0.0
39340,0.0,0.0,0.0
39350,0.0,0.0,0.0
39360,0.0,0.0,0.0
39370,0.0,0.0,0.0
39380,0.0,0.0,0.0
39390,0.0,0.0,0.0
39400,0.0,0.0,0.0
39410,0.0,0.0,0.0
39420,0.0,0.0,0.0
39430,0.0,0.0,0.0
39440,0.0,0.0,0.0
39450,0.0,0.0,0.0
39460,0.0,0.0,0.0
39470,0.0,0.0,0.0
39480,0.0,0.0,0.0
39490,0.0,0.0,0.0
39500,0.0,0.0,0.0
39510,0.0,0.0,0.0
39520,0.0,0.0,0.0
39530,0.0,0.0,0.0
39540,0.0,0.0,0.0
39550,0.0,0.0,0.0
39560,0.0,0.0,0.0
39570,0.0,0.0,0.0
39580,0.0,0.0,0.0
39590,0.0,0.0,0.0
39600,0.0,0.0,0.0
39610,0.0,0.0,0.0
39620,0.0,0.0,0.0
39630,0.0,0.0,0.0
39640,0.0,0.0,0.0
39650,0.0,0.0,0.0
39660,0.0,0.0,0.0
39670,0.0,0.0,0.0
39680,0.0,0.0,0.0
39690,0.0,0.0,0.0
39700,0.0,0.0,0.0
39710,0.0,0.0,0.0
39720,0.0,0.0,0.0
39730,0.0,0.0,0.0
39740,0.0,0.0,0.0
39750,0.0,0.0,0.0
39760,0.0,0.0,0.0
39770,0.0,0.0,0.0
39780,0.0,0.0,0.0
39790,0.0,0.0,0.0
39800,0.0,0.0,0.0
39810,0.0,0.0,0.0
39820,0.0,0.0,0.0
39830,0.0,0.0,0.0
39840,0.0,0.0,0.0
39850,0.0,0.0,0.0
39860,0.0,0.0,0.0
39870,0.0,0.0,0.0
39880,0.0,0.0,0.0
39890,0.0,0.0,0.0
39900,0.0,0.0,0.0
39910,0.0,0.0,0.0
39920,0.0,0.0,0.0
39930,0.0,0.0,0.0
39940,0.0,0.0,0.0
39950,0.0,0.0,0.0
39960,0.0,0.0,0.0
39970,0.0,0.0,0.0
39980,0.0,0.0,0.0
39990,0.0,0.0,0.0
40000,0.0,0.0,0.0
40010,0.0,0.0,0.0
40020,0.0,0.0,0.0
40030,0.0,0.0,0.0
40040,0.0,0.0,0.0
40050,0.0,0.0,0.0
40060,0.0,0.0,0.0
40070,0.0,0.0,0.0
40080,0.0,0.0,0.0
40090,0.0,0.0,0.0
40100,0.0,0.0,0.0
40110,0.0,0.0,0.0
40120,0.0,0.0,0.0
40130,0.0,0.0,0.0
40140,0.0,0.0,0.0
40150,0.0,0.0,0.0
40160,0.0,0.0,0.0
40170,0.0,0.0,0.0
40180,0.0,0.0,0.0
40190,0.0,0.0,0.0
40200,0.0,0.0,0.0
40210,0.0,0.0,0.0
40220,0.0,0.0,0.0
40230,0.0,0.0,0.0
40240,0.0,0.0,0.0
40250,0.0,0.0,0.0
40260,0.0,0.0,0.0
40270,0.0,0.0,0.0
40280,0.0,0.0,0.0
40290,0.0,0.0,0.0
40300,0.0,0.0,0.0
40310,0.0,0.0,0.0
40320,0.0,0.0,0.0
40330,0.0,0.0,0.0
40340,0.0,0.0,0.0
40350,0.0,0.0,0.0
40360,0.0,0.0,0.0
40370,0.0,0.0,0.0
40380,0.0,0.0,0.0
40390,0.0,0.0,0.0
40400,0.0,0.0,0.0
40410,0.0,0.0,0.0
40420,0.0,0.0,0.0
40430,0.0,0.0,0.0
40440,0.0,0.0,0.0
40450,0.0,0.0,0.0
40460,0.0,0.0,0.0
40470,0.0,0.0,0.0
40480,0.0,0.0,0.0
40490,0.0,0.0,0.0
40500,0.0,0.0,0.0
40510,0.0,0.0,0.0
40520,0.0,0.0,0.0
40530,0.0,0.0,0.0
40540,0.0,0.0,0.0
40550,0.0,0.0,0.0
40560,0.0,0.0,0.0
40570,0.0,0.0,0.0
40580,0.0,0.0,0.0
40590,0.0,0.0,0.0
40600,0.0,0.0,0.0
40610,0.0,0.0,0.0
40620,0.0,0.0,0.0
40630,0.0,0.0,0.0
40640,0.0,0.0,0.0
40650,0.0,0.0,0.0
40660,0.0,0.0,0.0
40670,0.0,0.0,0.0
40680,0.0,0.0,0.0
40690,0.0,0.0,0.0
40700,0.0,0.0,0.0
40710,0.0,0.0,0.0
40720,0.0,0.0,0.0
40730,0.0,0.0,0.0
40740,0.0,0.0,0.0
40750,0.0,0.0,0.0
40760,0.0,0.0,0.0
40770,0.0,0.0,0.0
40780,0.0,0.0,0.0
40790,0.0,0.0,0.0
40800,0.0,0.0,0.0
40810,0.0,0.0,0.0
40820,0.0,0.0,0.0
40830,0.0,0.0,0.0
40840,0.0,0.0,0.0
40850,0.0,0.0,0.0
40860,0.0,0.0,0.0
40870,0.0,0.0,0.0
40880,0.0,0.0,0.0
40890,0.0,0.0,0.0
40900,0.0,0.0,0.0
40910,0.0,0.0,0.0
40920,0.0,0.0,0.0
40930,0.0,0.0,0.0
40940,0.0,0.0,0.0
40950,0.0,0.0,0.0
40960,0.0,0.0,0.0
40970,0.0,0.0,0.0
40980,0.0,0.0,0.0
40990,0.0,0.0,0.0
41000,0.0,0.0,0.0
41010,0.0,0.0,0.0
41020,0.0,0.0,0.0
41030,0.0,0.0,0.0
41040,0.0,0.0,0.0
41050,0.0,0.0,0.0
41060,0.0,0.0,0.0
41070,0.0,0.0,0.0
41080,0.0,0.0,0.0
41090,0.0,0.0,0.0
41100,0.0,0.0,0.03934
41110,0.0,0.0,0.0
41120,0.0,0.0,0.0
41130,0.0,0.0,0.0
41140,0.0,0.0,0.0
41150,0.0,0.0,0.0
41160,0.0,0.0,0.0
41170,0.0,0.0,0.0
41180,0.0,0.0,0.0
41190,0.0,0.0,0.0
41200,0.0,0.0,0.0
41210,0.0,0.0,0.0
41220,0.0,0.0,0.0
41230,0.0,0.0,0.0
41240,0.0,0.0,0.0
41250,0.0,0.0,0.0
41260,0.0,0.0,0.0
41270,0.0,0.0,0.0
41280,0.0,0.0,0.0
41290,0.0,0.0,0.0
41300,0.0,0.0,0.0
41310,0.0,0.0,0.0
41320,0.0,0.0,0.0
41330,0.0,0.0,0.0
41340,0.0,0.0,0.0
41350,0.0,0.0,0.0
41360,0.0,0.0,0.0
41370,0.0,0.0,0.0
41380,0.0,0.0,0.0
41390,0.0,0.0,0.0
41400,0.0,0.0,0.0
41410,0.0,0.0,0.0
41420,0.0,0.0,0.0
41430,0.0,0.0,0.0
41440,0.0,0.0,0.0
41450,0.0,0.0,0.0
41460,0.0,0.0,0.0
41470,0.0,0.0,0.0
41480,0.0,0.0,0.0
41490,0.0,0.0,0.0
41500,0.0,0.0,0.0
41510,0.0,0.0,0.0
41520,0.0,0.0,0.0
41530,0.0,0.0,0.0
41540,0.0,0.0,0.0
41550,0.0,0.0,0.0
41560,0.0,0.0,0.0
41570,0.0,0.0,0.0
41580,0.0,0.0,0.06526
41590,0.0,0.0,0.0
41600,0.0,0.0,0.0
41610,0.0,0.0,0.0
41620,0.0,0.0,0.0
41630,0.0,0.0,0.0
41640,0.0,0.0,0.0
41650,0.0,0.0,0.0
41660,0.0,0.0,0.0
41670,0.0,0.0,0.0
41680,0.0,0.0,0.0
41690,0.0,0.0,0.0
41700,0.0,0.0,0.0
41710,0.0,0.0,0.0
41720,0.0,0.0,0.0
41730,0.0,0.0,0.0
41740,0.0,0.0,0.0
41750,0.0,0.0,0.0
41760,0.0,0.0,0.0
41770,0.0,0.0,0.0
41780,0.0,0.0,0.0
41790,0.0,0.0,0.0
41800,0.0,0.0,0.0
41810,0.0,0.0,0.0
41820,0.0,0.0,0.06854
41830,0.0,0.0,0.0
41840,0.0,0.0,0.0
41850,0.0,0.0,0.0
41860,0.0,0.0,0.0
41870,0.0,0.0,0.0
41880,0.0,0.0,0.0
41890,0.0,0.0,0.0
41900,0.0,0.0,0.0
41910,0.0,0.0,0.0
41920,0.0,0.0,0.0
41930,0.0,0.0,0.0
41940,0.0,0.0,0.0
41950,0.0,0.0,0.0
41960,0.0,0.0,0.0
41970,0.0,0.0,0.0
41980,0.0,0.0,0.0
41990,0.0,0.0,0.0
42000,0.0,0.0,0.0
42010,0.0,0.0,0.0
42020,0.0,0.0,0.0
42030,0.0,0.0,0.0
42040,0.0,0.0,0.0
42050,0.0,0.0,0.0
42060,0.0,0.0,0.0
42070,0.0,0.0,0.0
42080,0.0,0.0,0.0
42090,0.0,0.0,0.0
42100,0.0,0.0,0.0
42110,0.0,0.0,0.0
42120,0.0,0.0,0.0
42130,0.0,0.0,0.0
42140,0.0,0.0,0.0
42150,0.0,0.0,0.0
42160,0.0,0.0,0.0
42170,0.0,0.005,0.0
42180,0.0,0.0,0.0
42190,0.0,0.0,0.0
42200,0.0,0.0,0.0
42210,0.0,0.0,0.0
42220,0.0,0.0,0.0
42230,0.0,0.0,0.0
42240,0.0,0.0,0.0773
42250,0.0,0.0,0.0
42260,0.0,0.0,0.0
42270,0.0,0.0,0.0
42280,0.0,0.0,0.0
42290,0.0,0.0,0.0
42300,0.0,0.0,0.0
42310,0.0,0.0,0.0
42320,0.0,0.0,0.0
42330,0.0,0.0,0.0
42340,0.0,0.0,0.0
42350,0.0,0.0,0.0
42360,0.0,0.0,0.0
42370,0.0,0.0,0.0
42380,0.0,0.0,0.0
42390,0.0,0.0,0.0
42400,0.0,0.0,0.0
42410,0.0,0.0,0.0
42420,0.0,0.0,0.0
42430,0.0,0.0,0.0
42440,0.0,0.0,0.0
42450,0.0,0.0,0.0
42460,0.0,0.0,0.0
42470,0.0,0.0,0.0
42480,0.0,0.0,0.0
42490,0.0,0.0,0.0
42500,0.0,0.0,0.0
42510,0.0,0.0,0.0
42520,0.0,0.0,0.0
42530,0.0,0.0,0.0
42540,0.0,0.0,0.0
42550,0.0,0.0,0.0
42560,0.0,0.0,0.0
42570,0.0,0.0,0.0
42580,0.0,0.0,0.0
42590,0.0,0.0,0.0
42600,0.0,0.0,0.0
42610,0.0,0.0,0.0
42620,0.0,0.0,0.0
42630,0.0,0.0,0.0
42640,0.0,0.0,0.0
42650,0.0,0.0,0.0
42660,0.0,0.0,0.0
42670,0.0,0.0,0.0
42680,0.0,0.0,0.0
42690,0.0,0.0,0.0
42700,0.0,0.0,0.0
42710,0.0,0.0,0.0
42720,0.0,0.0,0.0
42730,0.0,0.0,0.0
42740,0.0,0.0,0.0
42750,0.0,0.0,0.0
42760,0.0,0.0,0.0
42770,0.0,0.0,0.0
42780,0.0,0.0,0.0
42790,0.0,0.0,0.0
42800,0.0,0.0,0.0
42810,0.0,0.0,0.0
42820,0.0,0.0,0.0
42830,0.0,0.0,0.0
42840,0.0,0.0,0.0
42850,0.0,0.0,0.0
42860,0.0,0.0,0.0
42870,0.0,0.0,0.0
42880,0.0,0.0,0.0
42890,0.0,0.0,0.0
42900,0.0,0.0,0.0
42910,0.0,0.0,0.0
42920,0.0,0.0,0.0
42930,0.0,0.0,0.0
42940,0.0,0.0,0.0
42950,0.0,0.0,0.0
42960,0.0,0.0,0.0
42970,0.0,0.0,0.0
42980,0.0,0.0,0.0
42990,0.0,0.0,0.0
43000,0.0,0.0,0.0
43010,0.0,0.0,0.0
43020,0.0,0.0,0.0
43030,0.0,0.0,0.0
43040,0.0,0.0,0.0
43050,0.0,0.0,0.0
43060,0.0,0.0,0.0
43070,0.0,0.0,0.0
43080,0.0,0.0,0.0
43090,0.0,0.0,0.0
43100,0.0,0.0,0.0
43110,0.0,0.0,0.0
43120,0.0,0.0,0.0
43130,0.0,0.0,0.0
43140,0.0,0.0,0.0
43150,0.0,0.0,0.0
43160,0.0,0.0,0.0
43170,0.0,0.0,0.0
43180,0.0,0.0,0.0
43190,0.0,0.0,0.0
43200,0.0,0.001,0.05482
43210,0.0,0.0,0.0
43220,0.0,0.0,0.0
43230,0.0,0.0,0.0
43240,0.0,0.0,0.0
43250,0.0,0.0,0.0
43260,0.0,0.0,0.0
43270,0.0,0.0,0.0
43280,0.0,0.0,0.0
43290,0.0,0.0,0.0
43300,0.0,0.0,0.0
43310,0.0,0.0,0.0
43320,0.0,0.0,0.0
43330,0.0,0.0,0.0
43340,0.0,0.0,0.0
43350,0.0,0.0,0.0
43360,0.0,0.0,0.0
43370,0.0,0.0,0.0
43380,0.0,0.0,0.0
43390,0.0,0.0,0.0
43400,0.0,0.0,0.0
43410,0.0,0.0,0.0
43420,0.0,0.0,0.0
43430,0.0,0.0,0.0
43440,0.0,0.0,0.0
43450,0.0,0.0,0.0
43460,0.0,0.0,0.0
43470,0.0,0.0,0.0
43480,0.0,0.0,0.0
43490,0.0,0.0,0.0
43500,0.0,0.0,0.0
43510,0.0,0.0,0.0
43520,0.0,0.0,0.0
43530,0.0,0.0,0.0
43540,0.0,0.0,0.0
43550,0.0,0.0,0.0
43560,0.0,0.0,0.0
43570,0.0,0.0,0.0
43580,0.0,0.0,0.0
43590,0.0,0.0,0.0
43600,0.0,0.0,0.0
43610,0.0,0.0,0.0
43620,0.0,0.0,0.0
43630,0.0,0.0,0.0
43640,0.0,0.0,0.0
43650,0.0,0.0,0.0
43660,0.0,0.0,0.0
43670,0.0,0.0,0.0
43680,0.0,0.0,0.0
43690,0.0,0.0,0.0
43700,0.0,0.0,0.0
43710,0.0,0.0,0.0
43720,0.0,0.0,0.0
43730,0.0,0.0,0.0
43740,0.0,0.0,0.0
43750,0.0,0.0,0.0
43760,0.0,0.0,0.0
43770,0.0,0.0,0.0
43780,0.0,0.0,0.0
43790,0.0,0.0,0.0
43800,0.0,0.0,0.0
43810,0.0,0.0,0.0
43820,0.0,0.0,0.0
43830,0.0,0.0,0.0
43840,0.0,0.0,0.0
43850,0.0,0.0,0.0
43860,0.0,0.0,0.0
43870,0.0,0.0,0.0
43880,0.0,0.0,0.0
43890,0.0,0.0,0.0
43900,0.0,0.0,0.0
43910,0.0,0.0,0.0
43920,0.0,0.0,0.0
43930,0.0,0.0,0.0
43940,0.0,0.0,0.0
43950,0.0,0.0,0.0
43960,0.0,0.0,0.0
43970,0.0,0.0,0.0
43980,0.0,0.0,0.0
43990,0.0,0.0,0.0
44000,0.0,0.0,0.0
44010,0.0,0.0,0.0
44020,0.0,0.0,0.0
44030,0.0,0.0,0.0
44040,0.0,0.0,0.0
44050,0.0,0.0,0.0
44060,0.0,0.0,0.0
44070,0.0,0.0,0.0
44080,0.0,0.0,0.0
44090,0.0,0.0,0.0
44100,0.0,0.0,0.0
44110,0.0,0.0,0.0
44120,0.0,0.0,0.0
44130,0.0,0.0,0.0
44140,0.0,0.0,0.0
44150,0.0,0.0,0.0
44160,0.0,0.0,0.0
44170,0.0,0.0,0.0
44180,0.0,0.0,0.0
44190,0.0,0.0,0.0
44200,0.0,0.0,0.0
44210,0.0,0.0,0.0
44220,0.0,0.0,0.0
44230,0.0,0.0,0.0
44240,0.0,0.0,0.0
44250,0.0,0.0,0.0
44260,0.0,0.0,0.0
44270,0.0,0.0,0.0
44280,0.0,0.0,0.0
44290,0.0,0.0,0.0
44300,0.0,0.0,0.0
44310,0.0,0.0,0.0
44320,0.0,0.0,0.0
44330,0.0,0.0,0.0
44340,0.0,0.0,0.0
44350,0.0,0.0,0.0
44360,0.0,0.0,0.0
44370,0.0,0.0,0.0
44380,0.0,0.0,0.0
44390,0.0,0.0,0.0
44400,0.0,0.0,0.0
44410,0.0,0.0,0.0
44420,0.0,0.0,0.0
44430,0.0,0.0,0.0
44440,0.0,0.0,0.0
44450,0.0,0.0,0.0
44460,0.0,0.0,0.0
44470,0.0,0.0,0.0
44480,0.0,0.0,0.0
44490,0.0,0.0,0.0
44500,0.0,0.0,0.0
44510,0.0,0.0,0.0
44520,0.0,0.0,0.0
44530,0.0,0.0,0.0
44540,0.0,0.0,0.0
44550,0.0,0.0,0.0
44560,0.0,0.0,0.0
44570,0.0,0.0,0.0
44580,0.0,0.0,0.0
44590,0.0,0.0,0.0
44600,0.0,0.0,0.0
44610,0.0,0.0,0.0
44620,0.0,0.0,0.0
44630,0.0,0.0,0.0
44640,0.0,0.0,0.04132
44650,0.0,0.0,0.0
44660,0.0,0.0,0.0
44670,0.0,0.0,0.0
44680,0.0,0.0,0.0
44690,0.0,0.0,0.0
44700,0.0,0.0,0.0
44710,0.0,0.0,0.0
44720,0.0,0.0,0.0
44730,0.0,0.0,0.0
44740,0.0,0.0,0.0
44750,0.0,0.0,0.0
44760,0.0,0.0,0.0
44770,0.0,0.0,0.0
44780,0.0,0.0,0.0
44790,0.0,0.0,0.0
44800,0.0,0.0,0.0
44810,0.0,0.0,0.0
44820,0.0,0.0,0.0
44830,0.0,0.0,0.0
44840,0.0,0.0,0.0
44850,0.0,0.0,0.0
44860,0.0,0.0,0.0
44870,0.0,0.0,0.0
44880,0.0,0.0,0.0
44890,0.0,0.0,0.0
44900,0.0,0.0,0.0
44910,0.0,0.0,0.0
44920,0.0,0.0,0.0
44930,0.0,0.0,0.0
44940,0.0,0.0,0.0
44950,0.0,0.0,0.0
44960,0.0,0.0,0.0
44970,0.0,0.0,0.0
44980,0.0,0.0,0.0
44990,0.0,0.0,0.0
45000,0.0,0.0,0.0
45010,0.0,0.0,0.0
45020,0.0,0.0,0.0
45030,0.0,0.0,0.0
45040,0.0,0.0,0.0
45050,0.0,0.0,0.0
45060,0.0,0.0,0.04834
45070,0.0,0.0,0.0
45080,0.0,0.0,0.0
45090,0.0,0.0,0.0
45100,0.0,0.0,0.0
45110,0.0,0.0,0.0
45120,0.0,0.0,0.0
45130,0.0,0.0,0.0
45140,0.0,0.0,0.0
45150,0.0,0.0,0.0
45160,0.0,0.0,0.0
45170,0.0,0.0,0.0
45180,0.0,0.0,0.0
45190,0.0,0.0,0.0
45200,0.0,0.0,0.0
45210,0.0,0.0,0.0
45220,0.0,0.0,0.0
45230,0.0,0.0,0.0
45240,0.0,0.0,0.05786
45250,0.0,0.0,0.0
45260,0.0,0.0,0.0
45270,0.0,0.0,0.0
45280,0.0,0.0,0.0
45290,0.0,0.0,0.0
45300,0.0,0.0,0.0
45310,0.0,0.0,0.0
45320,0.0,0.0,0.0
45330,0.0,0.0,0.0
45340,0.0,0.0,0.0
45350,0.0,0.0,0.0
45360,0.0,0.0,0.0
45370,0.0,0.0,0.0
45380,0.0,0.0,0.0
45390,0.0,0.0,0.0
45400,0.0,0.0,0.0
45410,0.0,0.0,0.0
45420,0.0,0.0,0.0
45430,0.0,0.0,0.0
45440,0.0,0.0,0.0
45450,0.0,0.0,0.0
45460,0.0,0.0,0.0
45470,0.0,0.0,0.0
45480,0.0,0.0,0.0
45490,0.0,0.0,0.0
45500,0.0,0.0,0.0
45510,0.0,0.0,0.0
45520,0.0,0.0,0.0
45530,0.0,0.0,0.0
45540,0.0,0.0,0.0
45550,0.0,0.0,0.0
45560,0.0,0.0,0.0
45570,0.0,0.0,0.0
45580,0.0,0.0,0.0
45590,0.0,0.0,0.0
45600,0.0,0.0,0.0
45610,0.0,0.0,0.0
45620,0.0,0.0,0.0
45630,0.0,0.0,0.0
45640,0.0,0.0,0.0
45650,0.0,0.0,0.0
45660,0.0,0.0,0.0
45670,0.0,0.0,0.0
45680,0.0,0.0,0.0
45690,0.0,0.0,0.0
45700,0.0,0.0,0.0
45710,0.0,0.0,0.0
45720,0.0,0.0,0.0
45730,0.0,0.0,0.0
45740,0.0,0.0,0.0
45750,0.0,0.0,0.0
45760,0.0,0.0,0.0
45770,0.0,0.0,0.0
45780,0.0,0.0,0.0
45790,0.0,0.0,0.0
45800,0.0,0.0,0.0
45810,0.0,0.0,0.0
45820,0.0,0.0,0.0
45830,0.0,0.0,0.0
45840,0.0,0.0,0.0
45850,0.0,0.0,0.0
45860,0.0,0.0,0.0
45870,0.0,0.0,0.0
45880,0.0,0.0,0.0
45890,0.0,0.0,0.0
45900,0.0,0.0,0.0
45910,0.0,0.0,0.0
45920,0.0,0.0,0.0
45930,0.0,0.0,0.0
45940,0.0,0.0,0.0
45950,0.0,0.0,0.0
45960,0.0,0.0,0.0
45970,0.0,0.0,0.0
45980,0.0,0.0,0.0
45990,0.0,0.0,0.0
46000,0.0,0.0,0.0
46010,0.0,0.0,0.0
46020,0.0,0.0,0.0
46030,0.0,0.0,0.0
46040,0.0,0.0,0.0
46050,0.0,0.0,0.0
46060,0.0,0.0,0.0
46070,0.0,0.0,0.0
46080,0.0,0.0,0.0
46090,0.0,0.0,0.0
46100,0.0,0.0,0.0
46110,0.0,0.0,0.0
46120,0.0,0.0,0.0
46130,0.0,0.0,0.0
46140,0.0,0.0,0.0
46150,0.0,0.0,0.0
46160,0.0,0.0,0.0
46170,0.0,0.0,0.0
46180,0.0,0.0,0.0
46190,0.0,0.0,0.0
46200,0.0,0.0,0.0
46210,0.0,0.0,0.0
46220,0.0,0.0,0.0
46230,0.0,0.0,0.0
46240,0.0,0.0,0.0
46250,0.0,0.0,0.0
46260,0.0,0.0,0.0
46270,0.0,0.0,0.0
46280,0.0,0.0,0.0
46290,0.0,0.0,0.0
46300,0.0,0.0,0.0
46310,0.0,0.0,0.0
46320,0.0,0.0,0.0
46330,0.0,0.0,0.0
46340,0.0,0.001,0.0
46350,0.0,0.0,0.0
46360,0.0,0.0,0.0
46370,0.0,0.0,0.0
46380,0.0,0.0,0.0
46390,0.0,0.0,0.0
46400,0.0,0.0,0.0
46410,0.0,0.0,0.0
46420,0.0,0.0,0.0
46430,0.0,0.0,0.0
46440,0.0,0.0,0.0
46450,0.0,0.0,0.0
46460,0.0,0.0,0.0
46470,0.0,0.0,0.0
46480,0.0,0.0,0.0
46490,0.0,0.0,0.0
46500,0.0,0.0,0.0
46510,0.0,0.0,0.0
46520,0.0,0.0,0.0
46530,0.0,0.0,0.0
46540,0.0,0.0,0.0
46550,0.0,0.0,0.0
46560,0.0,0.0,0.04126
46570,0.0,0.0,0.0
46580,0.0,0.0,0.0
46590,0.0,0.0,0.0
46600,0.0,0.0,0.0
46610,0.0,0.0,0.0
46620,0.0,0.0,0.0
46630,0.0,0.0,0.0
46640,0.0,0.0,0.0
46650,0.0,0.0,0.0
46660,0.0,0.0,0.0
46670,0.0,0.0,0.0
46680,0.0,0.0,0.0
46690,0.0,0.0,0.0
46700,0.0,0.0,0.0
46710,0.0,0.0,0.0
46720,0.0,0.0,0.0
46730,0.0,0.0,0.0
46740,0.0,0.0,0.0
46750,0.0,0.0,0.0
46760,0.0,0.0,0.0
46770,0.0,0.0,0.0
46780,0.0,0.0,0.0
46790,0.0,0.0,0.0
46800,0.0,0.0,0.0
46810,0.0,0.0,0.0
46820,0.0,0.0,0.0
46830,0.0,0.0,0.0
46840,0.0,0.0,0.0
46850,0.0,0.0,0.0
46860,0.0,0.0,0.0
46870,0.0,0.0,0.0
46880,0.0,0.0,0.0
46890,0.0,0.0,0.0
46900,0.0,0.0,0.0
46910,0.0,0.0,0.0
46920,0.0,0.0,0.0
46930,0.0,0.0,0.0
46940,0.0,0.0,0.0
46950,0.0,0.0,0.0
46960,0.0,0.0,0.0
46970,0.0,0.0,0.0
46980,0.0,0.0,0.0
46990,0.0,0.0,0.0
47000,0.0,0.0,0.0
47010,0.0,0.0,0.0
47020,0.0,0.0,0.0
47030,0.0,0.0,0.0
47040,0.0,0.0,0.08446
47050,0.0,0.0,0.0
47060,0.0,0.0,0.0
47070,0.0,0.0,0.0
47080,0.0,0.0,0.0
47090,0.0,0.0,0.0
47100,0.0,0.0,0.0
47110,0.0,0.0,0.0
47120,0.0,0.0,0.0
47130,0.0,0.0,0.0
47140,0.0,0.0,0.0
47150,0.0,0.0,0.0
47160,0.0,0.0,0.0
47170,0.0,0.0,0.0
47180,0.0,0.0,0.0
47190,0.0,0.0,0.0
47200,0.0,0.0,0.0
47210,0.0,0.0,0.0
47220,0.0,0.0,0.0
47230,0.0,0.0,0.0
47240,0.0,0.0,0.0
47250,0.0,0.0,0.0
47260,0.0,0.0,0.0
47270,0.0,0.0,0.0
47280,0.0,0.0,0.0
47290,0.0,0.0,0.0
47300,0.0,0.0,0.0
47310,0.0,0.0,0.0
47320,0.0,0.0,0.0
47330,0.0,0.0,0.0
47340,0.0,0.0,0.12432
47350,0.0,0.0,0.0
47360,0.0,0.0,0.0
47370,0.0,0.0,0.0
47380,0.0,0.0,0.0
47390,0.0,0.0,0.0
47400,0.0,0.0,0.0
47410,0.0,0.0,0.0
47420,0.0,0.0,0.0
47430,0.0,0.0,0.0
47440,0.0,0.0,0.0
47450,0.0,0.0,0.0
47460,0.0,0.0,0.0
47470,0.0,0.0,0.0
47480,0.0,0.0,0.0
47490,0.0,0.0,0.0
47500,0.0,0.0,0.0
47510,0.0,0.0,0.0
47520,0.0,0.0,0.10429
47530,0.0,0.0,0.0
47540,0.0,0.0,0.0
47550,0.0,0.0,0.0
47560,0.0,0.0,0.0
47570,0.0,0.0,0.0
47580,0.0,0.0,0.0
47590,0.0,0.0,0.0
47600,0.0,0.0,0.0
47610,0.0,0.0,0.0
47620,0.0,0.0,0.0
47630,0.0,0.0,0.0
47640,0.0,0.0,0.0
47650,0.0,0.0,0.0
47660,0.0,0.0,0.0
47670,0.0,0.0,0.0
47680,0.0,0.0,0.0
47690,0.0,0.0,0.0
47700,0.0,0.0,0.12185
47710,0.0,0.0,0.0
47720,0.0,0.0,0.0
47730,0.0,0.0,0.0
47740,0.0,0.0,0.0
47750,0.0,0.0,0.0
47760,0.0,0.0,0.0
47770,0.0,0.0,0.0
47780,0.0,0.0,0.0
47790,0.0,0.0,0.0
47800,0.0,0.0,0.0
47810,0.0,0.0,0.0
47820,0.0,0.0,0.0
47830,0.0,0.0,0.0
47840,0.0,0.0,0.0
47850,0.0,0.0,0.0
47860,0.0,0.0,0.0
47870,0.0,0.0,0.0
47880,0.0,0.0,0.0
47890,0.0,0.0,0.0
47900,0.0,0.0,0.0
47910,0.0,0.0,0.0
47920,0.0,0.0,0.0
47930,0.0,0.0,0.0
47940,0.0,0.0,0.0
47950,0.0,0.0,0.0
47960,0.0,0.0,0.0
47970,0.0,0.0,0.0
47980,0.0,0.0,0.0
47990,0.0,0.0,0.0
48000,0.0,0.0,0.0
48010,0.0,0.0,0.0
48020,0.0,0.0,0.0
48030,0.0,0.0,0.0
48040,0.0,0.0,0.0
48050,0.0,0.0,0.0
48060,0.0,0.0,0.0
48070,0.0,0.0,0.0
48080,0.0,0.0,0.0
48090,0.0,0.0,0.0
48100,0.0,0.0,0.0
48110,0.0,0.0,0.0
48120,0.0,0.0,0.0
48130,0.0,0.0,0.0
48140,0.0,0.0,0.0
48150,0.0,0.0,0.0
48160,0.0,0.0,0.0
48170,0.0,0.0,0.0
48180,0.0,0.0,0.0
48190,0.0,0.0,0.0
48200,0.0,0.0,0.0
48210,0.0,0.0,0.0
48220,0.0,0.0,0.0
48230,0.0,0.0,0.0
48240,0.0,0.0,0.0
48250,0.0,0.0,0.0
48260,0.0,0.0,0.0
48270,0.0,0.0,0.0
48280,0.0,0.0,0.0
48290,0.0,0.0,0.0
48300,0.0,0.0,0.13088
48310,0.0,0.0,0.0
48320,0.0,0.0,0.0
48330,0.0,0.0,0.0
48340,0.0,0.0,0.0
48350,0.0,0.0,0.0
48360,0.0,0.0,0.0
48370,0.0,0.0,0.0
48380,0.0,0.0,0.0
48390,0.0,0.0,0.0
48400,0.0,0.0,0.0
48410,0.0,0.0,0.0
48420,0.0,0.0,0.16196
48430,0.0,0.0,0.0
48440,0.0,0.0,0.0
48450,0.0,0.0,0.0
48460,0.0,0.0,0.0
48470,0.0,0.0,0.0
48480,0.0,0.0,0.0
48490,0.0,0.0,0.0
48500,0.0,0.0,0.0
48510,0.0,0.0,0.0
48520,0.0,0.0,0.0
48530,0.0,0.0,0.0
48540,0.0,0.0,0.0
48550,0.0,0.0,0.0
48560,0.0,0.0,0.0
48570,0.0,0.0,0.0
48580,0.0,0.0,0.0
48590,0.0,0.0,0.0
48600,0.0,0.0,0.0
48610,0.0,0.0,0.0
48620,0.0,0.0,0.0
48630,0.0,0.0,0.0
48640,0.0,0.0,0.0
48650,0.0,0.0,0.0
48660,0.0,0.0,0.0
48670,0.0,0.0,0.0
48680,0.0,0.0,0.0
48690,0.0,0.0,0.0
48700,0.0,0.0,0.0
48710,0.0,0.0,0.0
48720,0.0,0.0,0.0
48730,0.0,0.0,0.0
48740,0.0,0.0,0.0
48750,0.0,0.0,0.0
48760,0.0,0.0,0.0
48770,0.0,0.0,0.0
48780,0.0,0.0,0.0
48790,0.0,0.0,0.0
48800,0.0,0.0,0.0
48810,0.0,0.0,0.0
48820,0.0,0.0,0.0
48830,0.0,0.0,0.0
48840,0.0,0.0,0.0
48850,0.0,0.0,0.0
48860,0.0,0.0,0.0
48870,0.0,0.0,0.0
48880,0.0,0.0,0.0
48890,0.0,0.0,0.0
48900,0.0,0.0,0.0
48910,0.0,0.0,0.0
48920,0.0,0.0,0.0
48930,0.0,0.0,0.0
48940,0.0,0.0,0.0
48950,0.0,0.0,0.0
48960,0.0,0.0,0.0
48970,0.0,0.0,0.0
48980,0.0,0.0,0.0
48990,0.0,0.0,0.0
49000,0.0,0.0,0.0
49010,0.0,0.0,0.0
49020,0.0,0.0,0.0
49030,0.0,0.0,0.0
49040,0.0,0.0,0.0
49050,0.0,0.0,0.0
49060,0.0,0.0,0.0
49070,0.0,0.0,0.0
49080,0.0,0.0,0.0
49090,0.0,0.0,0.0
49100,0.0,0.0,0.0
49110,0.0,0.0,0.0
49120,0.0,0.0,0.0
49130,0.0,0.0,0.0
49140,0.0,0.0,0.0
49150,0.0,0.0,0.0
49160,0.0,0.0,0.0
49170,0.0,0.0,0.0
49180,0.0,0.0,0.0
49190,0.0,0.0,0.0
49200,0.0,0.0,0.0
49210,0.0,0.0,0.0
49220,0.0,0.0,0.0
49230,0.0,0.0,0.0
49240,0.0,0.0,0.0
49250,0.0,0.0,0.0
49260,0.0,0.0,0.0
49270,0.0,0.0,0.0
49280,0.0,0.0,0.0
49290,0.0,0.0,0.0
49300,0.0,0.0,0.0
49310,0.0,0.0,0.0
49320,0.0,0.0,0.0
49330,0.0,0.0,0.0
49340,0.0,0.0,0.0
49350,0.0,0.0,0.0
49360,0.0,0.0,0.0
49370,0.0,0.0,0.0
49380,0.0,0.0,0.0
49390,0.0,0.0,0.0
49400,0.0,0.0,0.0
49410,0.0,0.0,0.0
49420,0.0,0.0,0.0
49430,0.0,0.0,0.0
49440,0.0,0.0,0.0
49450,0.0,0.0,0.0
49460,0.0,0.0,0.0
49470,0.0,0.0,0.0
49480,0.0,0.0,0.0
49490,0.0,0.0,0.0
49500,0.0,0.0,0.0
49510,0.0,0.0,0.0
49520,0.0,0.0,0.0
49530,0.0,0.0,0.0
49540,0.0,0.0,0.0
49550,0.0,0.0,0.0
49560,0.0,0.0,0.0
49570,0.0,0.0,0.0
49580,0.0,0.0,0.0
49590,0.0,0.0,0.0
49600,0.0,0.0,0.0
49610,0.0,0.0,0.0
49620,0.0,0.0,0.0
49630,0.0,0.0,0.0
49640,0.0,0.0,0.0
49650,0.0,0.0,0.0
49660,0.0,0.0,0.0
49670,0.0,0.0,0.0
49680,0.0,0.0,0.0
49690,0.0,0.0,0.0
49700,0.0,0.0,0.0
49710,0.0,0.0,0.0
49720,0.0,0.0,0.0
49730,0.0,0.0,0.0
49740,0.0,0.0,0.0
49750,0.0,0.0,0.0
49760,0.0,0.0,0.0
49770,0.0,0.0,0.0
49780,0.0,0.0,0.0
49790,0.0,0.0,0.0
49800,0.0,0.0,0.0
49810,0.0,0.0,0.0
49820,0.0,0.0,0.0
49830,0.0,0.0,0.0
49840,0.0,0.0,0.0
49850,0.0,0.0,0.0
49860,0.0,0.0,0.0
49870,0.0,0.0,0.0
49880,0.0,0.0,0.0
49890,0.0,0.0,0.0
49900,0.0,0.0,0.0
49910,0.0,0.0,0.0
49920,0.0,0.0,0.0
49930,0.0,0.0,0.0
49940,0.0,0.0,0.0
49950,0.0,0.0,0.0
49960,0.0,0.0,0.0
49970,0.0,0.0,0.0
49980,0.0,0.0,0.05944
49990,0.0,0.0,0.0
50000,0.0,0.0,0.0
50010,0.0,0.0,0.0
50020,0.0,0.0,0.0
50030,0.0,0.0,0.0
50040,0.0,0.0,0.0
50050,0.0,0.0,0.0
50060,0.0,0.0,0.0
50070,0.0,0.0,0.0
50080,0.0,0.0,0.0
50090,0.0,0.0,0.0
50100,0.0,0.0,0.0
50110,0.0,0.0,0.0
50120,0.0,0.0,0.0
50130,0.0,0.0,0.0
50140,0.0,0.0,0.0
50150,0.0,0.0,0.0
50160,0.0,0.0,0.0
50170,0.0,0.0,0.0
50180,0.0,0.0,0.0
50190,0.0,0.0,0.0
50200,0.0,0.0,0.0
50210,0.0,0.0,0.0
50220,0.0,0.0,0.0
50230,0.0,0.0,0.0
50240,0.0,0.0,0.0
50250,0.0,0.0,0.0
50260,0.0,0.0,0.0
50270,0.0,0.0,0.0
50280,0.0,0.0,0.0
50290,0.0,0.0,0.0
50300,0.0,0.0,0.0
50310,0.0,0.0,0.0
50320,0.0,0.0,0.0
50330,0.0,0.0,0.0
50340,0.0,0.0,0.0
50350,0.0,0.0,0.0
50360,0.0,0.0,0.0
50370,0.0,0.0,0.0
50380,0.0,0.0,0.0
50390,0.0,0.0,0.0
50400,0.0,0.001,0.0
50410,0.0,0.0,0.0
50420,0.0,0.0,0.0
50430,0.0,0.0,0.0
50440,0.0,0.0,0.0
50450,0.0,0.0,0.0
50460,0.0,0.0,0.0
50470,0.0,0.0,0.0
50480,0.0,0.0,0.0
50490,0.0,0.0,0.0
50500,0.0,0.0,0.0
50510,0.0,0.0,0.0
50520,0.0,0.0,0.0
50530,0.0,0.0,0.0
50540,0.0,0.0,0.0
50550,0.0,0.0,0.0
50560,0.0,0.0,0.0
50570,0.0,0.0,0.0
50580,0.0,0.0,0.0
50590,0.0,0.0,0.0
50600,0.0,0.0,0.0
50610,0.0,0.0,0.0
50620,0.0,0.0,0.0
50630,0.0,0.0,0.0
50640,0.0,0.0,0.0
50650,0.0,0.0,0.0
50660,0.0,0.0,0.0
50670,0.0,0.0,0.0
50680,0.0,0.0,0.0
50690,0.0,0.0,0.0
50700,0.0,0.0,0.0
50710,0.0,0.0,0.0
50720,0.0,0.0,0.0
50730,0.0,0.0,0.0
50740,0.0,0.0,0.0
50750,0.0,0.0,0.0
50760,0.0,0.0,0.0
50770,0.0,0.0,0.0
50780,0.0,0.0,0.0
50790,0.0,0.0,0.0
50800,0.0,0.0,0.0
50810,0.0,0.0,0.0
50820,0.0,0.0,0.0
50830,0.0,0.0,0.0
50840,0.0,0.0,0.0
50850,0.0,0.0,0.0
50860,0.0,0.0,0.0
50870,0.0,0.0,0.0
50880,0.0,0.0,0.0
50890,0.0,0.0,0.0
50900,0.0,0.0,0.0
50910,0.0,0.0,0.0
50920,0.0,0.0,0.0
50930,0.0,0.0,0.0
50940,0.0,0.0,0.0
50950,0.0,0.0,0.0
50960,0.0,0.0,0.0
50970,0.0,0.0,0.0
50980,0.0,0.0,0.0
50990,0.0,0.0,0.0
51000,0.0,0.0,0.0
51010,0.0,0.0,0.0
51020,0.0,0.0,0.0
51030,0.0,0.0,0.0
51040,0.0,0.0,0.0
51050,0.0,0.0,0.0
51060,0.0,0.0,0.0
51070,0.0,0.0,0.0
51080,0.0,0.0,0.0
51090,0.0,0.0,0.0
51100,0.0,0.0,0.0
51110,0.0,0.0,0.0
51120,0.0,0.0,0.10622999999999999
51130,0.0,0.0,0.0
51140,0.0,0.0,0.0
51150,0.0,0.0,0.0
51160,0.0,0.0,0.0
51170,0.0,0.0,0.0
51180,0.0,0.0,0.0
51190,0.0,0.0,0.0
51200,0.0,0.0,0.0
51210,0.0,0.0,0.0
51220,0.0,0.0,0.0
51230,0.0,0.0,0.0
51240,0.0,0.0,0.0
51250,0.0,0.0,0.0
51260,0.0,0.0,0.0
51270,0.0,0.0,0.0
51280,0.0,0.0,0.0
51290,0.0,0.0,0.0
51300,0.0,0.0,0.0
51310,0.0,0.0,0.0
51320,0.0,0.0,0.0
51330,0.0,0.0,0.0
51340,0.0,0.0,0.0
51350,0.0,0.0,0.0
51360,0.0,0.0,0.16835
51370,0.0,0.0,0.0
51380,0.0,0.0,0.0
51390,0.0,0.0,0.0
51400,0.0,0.0,0.0
51410,0.0,0.0,0.0
51420,0.0,0.0,0.0
51430,0.0,0.0,0.0
51440,0.0,0.0,0.0
51450,0.0,0.0,0.0
51460,0.0,0.0,0.0
51470,0.0,0.0,0.0
51480,0.0,0.0,0.0
51490,0.0,0.0,0.0
51500,0.0,0.0,0.0
51510,0.0,0.0,0.0
51520,0.0,0.0,0.0
51530,0.0,0.0,0.0
51540,0.0,0.0,0.0
51550,0.0,0.0,0.0
51560,0.0,0.0,0.0
51570,0.0,0.0,0.0
51580,0.0,0.0,0.0
51590,0.0,0.0,0.0
51600,0.0,0.0,0.15673
51610,0.0,0.0,0.0
51620,0.0,0.0,0.0
51630,0.0,0.0,0.0
51640,0.0,0.0,0.0
51650,0.0,0.0,0.0
51660,0.0,0.0,0.12172
51670,0.0,0.0,0.0
51680,0.0,0.0,0.0
51690,0.0,0.0,0.0
51700,0.0,0.0,0.0
51710,0.0,0.0,0.0
51720,0.0,0.0,0.0
51730,0.0,0.0,0.0
51740,0.0,0.0,0.0
51750,0.0,0.0,0.0
51760,0.0,0.0,0.0
51770,0.0,0.0,0.0
51780,0.0,0.0,0.0
51790,0.0,0.0,0.0
51800,0.0,0.0,0.0
51810,0.0,0.0,0.0
51820,0.0,0.0,0.0
51830,0.0,0.0,0.0
51840,0.0,0.0,0.0
51850,0.0,0.0,0.0
51860,0.0,0.0,0.0
51870,0.0,0.0,0.0
51880,0.0,0.0,0.0
51890,0.0,0.0,0.0
51900,0.0,0.0,0.0
51910,0.0,0.0,0.0
51920,0.0,0.0,0.0
51930,0.0,0.0,0.0
51940,0.0,0.0,0.0
51950,0.0,0.0,0.0
51960,0.0,0.0,0.0
51970,0.0,0.0,0.0
51980,0.0,0.0,0.0
51990,0.0,0.0,0.0
52000,0.0,0.0,0.0
52010,0.0,0.0,0.0
52020,0.0,0.0,0.0
52030,0.0,0.0,0.0
52040,0.0,0.0,0.0
52050,0.0,0.0,0.0
52060,0.0,0.0,0.0
52070,0.0,0.0,0.0
52080,0.0,0.0,0.0
52090,0.0,0.0,0.0
52100,0.0,0.0,0.0
52110,0.0,0.0,0.0
52120,0.0,0.0,0.0
52130,0.0,0.0,0.0
52140,0.0,0.0,0.0
52150,0.0,0.0,0.0
52160,0.0,0.0,0.0
52170,0.0,0.0,0.0
52180,0.0,0.0,0.0
52190,0.0,0.0,0.0
52200,0.0,0.0,0.0
52210,0.0,0.0,0.0
52220,0.0,0.0,0.0
52230,0.0,0.0,0.0
52240,0.0,0.0,0.0
52250,0.0,0.0,0.0
52260,0.0,0.0,0.0
52270,0.0,0.0,0.0
52280,0.0,0.0,0.0
52290,0.0,0.0,0.0
52300,0.0,0.0,0.0
52310,0.0,0.0,0.0
52320,0.0,0.0,0.08068
52330,0.0,0.0,0.0
52340,0.0,0.0,0.0
52350,0.0,0.0,0.0
52360,0.0,0.0,0.0
52370,0.0,0.0,0.0
52380,0.0,0.0,0.0
52390,0.0,0.0,0.0
52400,0.0,0.0,0.0
52410,0.0,0.0,0.0
52420,0.0,0.0,0.0
52430,0.0,0.0,0.0
52440,0.0,0.0,0.0
52450,0.0,0.0,0.0
52460,0.0,0.0,0.0
52470,0.0,0.0,0.0
52480,0.0,0.0,0.0
52490,0.0,0.0,0.0
52500,0.0,0.0,0.0
52510,0.0,0.0,0.0
52520,0.0,0.0,0.0
52530,0.0,0.0,0.0
52540,0.0,0.0,0.0
52550,0.0,0.0,0.0
52560,0.0,0.0,0.0
52570,0.0,0.0,0.0
52580,0.0,0.0,0.0
52590,0.0,0.0,0.0
52600,0.0,0.0,0.0
52610,0.0,0.0,0.0
52620,0.0,0.0,0.0
52630,0.0,0.0,0.0
52640,0.0,0.0,0.0
52650,0.0,0.0,0.0
52660,0.0,0.0,0.0
52670,0.0,0.0,0.0
52680,0.0,0.0,0.17342
52690,0.0,0.0,0.0
52700,0.0,0.0,0.0
52710,0.0,0.0,0.0
52720,0.0,0.0,0.0
52730,0.0,0.0,0.0
52740,0.0,0.005,0.0
52750,0.0,0.0,0.0
52760,0.0,0.0,0.0
52770,0.0,0.0,0.0
52780,0.0,0.0,0.0
52790,0.0,0.0,0.0
52800,0.0,0.0,0.0
52810,0.0,0.0,0.0
52820,0.0,0.0,0.0
52830,0.0,0.0,0.0
52840,0.0,0.0,0.0
52850,0.0,0.0,0.0
52860,0.0,0.0,0.0
52870,0.0,0.0,0.0
52880,0.0,0.0,0.0
52890,0.0,0.0,0.0
52900,0.0,0.0,0.0
52910,0.0,0.0,0.0
52920,0.0,0.0,0.0
52930,0.0,0.0,0.0
52940,0.0,0.0,0.0
52950,0.0,0.0,0.0
52960,0.0,0.0,0.0
52970,0.0,0.0,0.0
52980,0.0,0.0,0.0
52990,0.0,0.0,0.0
53000,0.0,0.0,0.0
53010,0.0,0.0,0.0
53020,0.0,0.0,0.0
53030,0.0,0.0,0.0
53040,0.0,0.0,0.0
53050,0.0,0.0,0.0
53060,0.0,0.0,0.0
53070,0.0,0.0,0.0
53080,0.0,0.0,0.0
53090,0.0,0.0,0.0
53100,0.0,0.0,0.13125
53110,0.0,0.0,0.0
53120,0.0,0.0,0.0
53130,0.0,0.0,0.0
53140,0.0,0.0,0.0
53150,0.0,0.0,0.0
53160,0.0,0.0,0.0
53170,0.0,0.0,0.0
53180,0.0,0.0,0.0
53190,0.0,0.0,0.0
53200,0.0,0.0,0.0
53210,0.0,0.0,0.0
53220,0.0,0.0,0.0
53230,0.0,0.0,0.0
53240,0.0,0.0,0.0
53250,0.0,0.0,0.0
53260,0.0,0.0,0.0
53270,0.0,0.0,0.0
53280,0.0,0.0,0.20251
53290,0.0,0.0,0.0
53300,0.0,0.0,0.0
53310,0.0,0.0,0.0
53320,0.0,0.0,0.0
53330,0.0,0.0,0.0
53340,0.0,0.0,0.0
53350,0.0,0.0,0.0
53360,0.0,0.0,0.0
53370,0.0,0.0,0.0
53380,0.0,0.0,0.0
53390,0.0,0.0,0.0
53400,0.0,0.0,0.0
53410,0.0,0.0,0.0
53420,0.0,0.0,0.0
53430,0.0,0.0,0.0
53440,0.0,0.0,0.0
53450,0.0,0.0,0.0
53460,0.0,0.0,0.0
53470,0.0,0.0,0.0
53480,0.0,0.0,0.0
53490,0.0,0.0,0.0
53500,0.0,0.0,0.0
53510,0.0,0.0,0.0
53520,0.0,0.0,0.0
53530,0.0,0.0,0.0
53540,0.0,0.0,0.0
53550,0.0,0.0,0.0
53560,0.0,0.0,0.0
53570,0.0,0.0,0.0
53580,0.0,0.0,0.0
53590,0.0,0.0,0.0
53600,0.0,0.0,0.0
53610,0.0,0.0,0.0
53620,0.0,0.0,0.0
53630,0.0,0.0,0.0
53640,0.0,0.0,0.0
53650,0.0,0.0,0.0
53660,0.0,0.0,0.0
53670,0.0,0.0,0.0
53680,0.0,0.0,0.0
53690,0.0,0.0,0.0
53700,0.0,0.0,0.0
53710,0.0,0.0,0.0
53720,0.0,0.0,0.0
53730,0.0,0.0,0.0
53740,0.0,0.0,0.0
53750,0.0,0.0,0.0
53760,0.0,0.0,0.0
53770,0.0,0.0,0.0
53780,0.0,0.0,0.0
53790,0.0,0.0,0.0
53800,0.0,0.0,0.0
53810,0.0,0.0,0.0
53820,0.0,0.0,0.0
53830,0.0,0.0,0.0
53840,0.0,0.0,0.0
53850,0.0,0.0,0.0
53860,0.0,0.0,0.0
53870,0.0,0.0,0.0
53880,0.0,0.0,0.0
53890,0.0,0.0,0.0
53900,0.0,0.0,0.0
53910,0.0,0.0,0.0
53920,0.0,0.0,0.0
53930,0.0,0.0,0.0
53940,0.0,0.0,0.0
53950,0.0,0.0,0.0
53960,0.0,0.0,0.0
53970,0.0,0.0,0.0
53980,0.0,0.0,0.0
53990,0.0,0.0,0.0
54000,0.0,0.011,0.27654
54010,0.0,0.0,0.0
54020,0.0,0.0,0.0
54030,0.0,0.0,0.0
54040,0.0,0.0,0.0
54050,0.0,0.0,0.0
54060,0.0,0.0,0.0
54070,0.0,0.0,0.0
54080,0.0,0.0,0.0
54090,0.0,0.0,0.0
54100,0.0,0.0,0.0
54110,0.0,0.0,0.0
54120,0.0,0.0,0.0
54130,0.0,0.0,0.0
54140,0.0,0.0,0.0
54150,0.0,0.0,0.0
54160,0.0,0.0,0.0
54170,0.0,0.0,0.0
54180,0.0,0.0,0.0
54190,0.0,0.0,0.0
54200,0.0,0.0,0.0
54210,0.0,0.0,0.0
54220,0.0,0.0,0.0
54230,0.0,0.0,0.0
54240,0.0,0.0,0.0
54250,0.0,0.0,0.0
54260,0.0,0.0,0.0
54270,0.0,0.0,0.0
54280,0.0,0.0,0.0
54290,0.0,0.0,0.0
54300,0.0,0.0,0.16505
54310,0.0,0.0,0.0
54320,0.0,0.0,0.0
54330,0.0,0.0,0.0
54340,0.0,0.0,0.0
54350,0.0,0.0,0.0
54360,0.0,0.0,0.0
54370,0.0,0.0,0.0
54380,0.0,0.0,0.0
54390,0.0,0.0,0.0
54400,0.0,0.0,0.0
54410,0.0,0.0,0.0
54420,0.0,0.0,0.2999
54430,0.0,0.0,0.0
54440,0.0,0.0,0.0
54450,0.0,0.0,0.0
54460,0.0,0.0,0.0
54470,0.0,0.0,0.0
54480,0.0,0.0,0.16541
54490,0.0,0.0,0.0
54500,0.0,0.0,0.0
54510,0.0,0.0,0.0
54520,0.0,0.0,0.0
54530,0.0,0.0,0.0
54540,0.0,0.0,0.0
54550,0.0,0.0,0.0
54560,0.0,0.0,0.0
54570,0.0,0.0,0.0
54580,0.0,0.0,0.0
54590,0.0,0.0,0.0
54600,0.0,0.0,0.19149
54610,0.0,0.0,0.0
54620,0.0,0.0,0.0
54630,0.0,0.0,0.0
54640,0.0,0.0,0.0
54650,0.0,0.0,0.0
54660,0.0,0.0,0.0
54670,0.0,0.0,0.0
54680,0.0,0.0,0.0
54690,0.0,0.0,0.0
54700,0.0,0.0,0.0
54710,0.0,0.0,0.0
54720,0.0,0.0,0.0
54730,0.0,0.0,0.0
54740,0.0,0.0,0.0
54750,0.0,0.0,0.0
54760,0.0,0.0,0.0
54770,0.0,0.0,0.0
54780,0.0,0.0,0.0
54790,0.0,0.0,0.0
54800,0.0,0.0,0.0
54810,0.0,0.0,0.0
54820,0.0,0.0,0.0
54830,0.0,0.0,0.0
54840,0.0,0.0,0.0
54850,0.0,0.0,0.0
54860,0.0,0.0,0.0
54870,0.0,0.0,0.0
54880,0.0,0.0,0.0
54890,0.0,0.0,0.0
54900,0.0,0.0,0.14434
54910,0.0,0.0,0.0
54920,0.0,0.0,0.0
54930,0.0,0.0,0.0
54940,0.0,0.0,0.0
54950,0.0,0.0,0.0
54960,0.0,0.0,0.0
54970,0.0,0.0,0.0
54980,0.0,0.0,0.0
54990,0.0,0.0,0.0
55000,0.0,0.0,0.0
55010,0.0,0.0,0.0
55020,0.0,0.0,0.0
55030,0.0,0.0,0.0
55040,0.0,0.0,0.0
55050,0.0,0.0,0.0
55060,0.0,0.0,0.0
55070,0.0,0.0,0.0
55080,0.0,0.0,0.0
55090,0.0,0.0,0.0
55100,0.0,0.0,0.0
55110,0.0,0.0,0.0
55120,0.0,0.0,0.0
55130,0.0,0.0,0.0
55140,0.0,0.0,0.0
55150,0.0,0.0,0.0
55160,0.0,0.0,0.0
55170,0.0,0.0,0.0
55180,0.0,0.001,0.0
55190,0.0,0.0,0.0
55200,0.0,0.0,0.0
55210,0.0,0.0,0.0
55220,0.0,0.0,0.0
55230,0.0,0.0,0.0
55240,0.0,0.0,0.0
55250,0.0,0.0,0.0
55260,0.0,0.0,0.0
55270,0.0,0.0,0.0
55280,0.0,0.0,0.0
55290,0.0,0.0,0.0
55300,0.0,0.0,0.0
55310,0.0,0.0,0.0
55320,0.0,0.0,0.0
55330,0.0,0.0,0.0
55340,0.0,0.0,0.0
55350,0.0,0.0,0.0
55360,0.0,0.0,0.0
55370,0.0,0.0,0.0
55380,0.0,0.0,0.0
55390,0.0,0.0,0.0
55400,0.0,0.0,0.0
55410,0.0,0.0,0.0
55420,0.0,0.0,0.0
55430,0.0,0.0,0.0
55440,0.0,0.0,0.0
55450,0.0,0.0,0.0
55460,0.0,0.0,0.0
55470,0.0,0.0,0.0
55480,0.0,0.0,0.0
55490,0.0,0.0,0.0
55500,0.0,0.0,0.0
55510,0.0,0.0,0.0
55520,0.0,0.0,0.0
55530,0.0,0.0,0.0
55540,0.0,0.0,0.0
55550,0.0,0.0,0.0
55560,0.0,0.0,0.0
55570,0.0,0.0,0.0
55580,0.0,0.0,0.0
55590,0.0,0.0,0.0
55600,0.0,0.0,0.0
55610,0.0,0.0,0.0
55620,0.0,0.0,0.0
55630,0.0,0.0,0.0
55640,0.0,0.0,0.0
55650,0.0,0.0,0.0
55660,0.0,0.0,0.0
55670,0.0,0.0,0.0
55680,0.0,0.0,0.0
55690,0.0,0.0,0.0
55700,0.0,0.0,0.0
55710,0.0,0.0,0.0
55720,0.0,0.0,0.0
55730,0.0,0.0,0.0
55740,0.0,0.0,0.0
55750,0.0,0.0,0.0
55760,0.0,0.0,0.0
55770,0.0,0.0,0.0
55780,0.0,0.0,0.0
55790,0.0,0.0,0.0
55800,0.0,0.0,0.0
55810,0.0,0.0,0.0
55820,0.0,0.0,0.0
55830,0.0,0.0,0.0
55840,0.0,0.0,0.0
55850,0.0,0.0,0.0
55860,0.0,0.0,0.0
55870,0.0,0.0,0.0
55880,0.0,0.0,0.0
55890,0.0,0.0,0.0
55900,0.0,0.0,0.0
55910,0.0,0.0,0.0
55920,0.0,0.0,0.0
55930,0.0,0.0,0.0
55940,0.0,0.0,0.0
55950,0.0,0.0,0.0
55960,0.0,0.0,0.0
55970,0.0,0.0,0.0
55980,0.0,0.0,0.0
55990,0.0,0.0,0.0
56000,0.0,0.0,0.0
56010,0.0,0.0,0.0
56020,0.0,0.0,0.0
56030,0.0,0.0,0.0
56040,0.0,0.0,0.04272
56050,0.0,0.0,0.0
56060,0.0,0.0,0.0
56070,0.0,0.0,0.0
56080,0.0,0.0,0.0
56090,0.0,0.0,0.0
56100,0.0,0.0,0.0
56110,0.0,0.0,0.0
56120,0.0,0.0,0.0
56130,0.0,0.0,0.0
56140,0.0,0.0,0.0
56150,0.0,0.0,0.0
56160,0.0,0.0,0.0
56170,0.0,0.0,0.0
56180,0.0,0.0,0.0
56190,0.0,0.0,0.0
56200,0.0,0.0,0.0
56210,0.0,0.0,0.0
56220,0.0,0.0,0.0
56230,0.0,0.0,0.0
56240,0.0,0.0,0.0
56250,0.0,0.0,0.0
56260,0.0,0.0,0.0
56270,0.0,0.0,0.0
56280,0.0,0.0,0.0
56290,0.0,0.0,0.0
56300,0.0,0.0,0.0
56310,0.0,0.0,0.0
56320,0.0,0.0,0.0
56330,0.0,0.0,0.0
56340,0.0,0.0,0.0
56350,0.0,0.0,0.0
56360,0.0,0.0,0.0
56370,0.0,0.0,0.0
56380,0.0,0.0,0.0
56390,0.0,0.0,0.0
56400,0.0,0.0,0.04998
56410,0.0,0.0,0.0
56420,0.0,0.0,0.0
56430,0.0,0.0,0.0
56440,0.0,0.0,0.0
56450,0.0,0.0,0.0
56460,0.0,0.0,0.0
56470,0.0,0.0,0.0
56480,0.0,0.0,0.0
56490,0.0,0.0,0.0
56500,0.0,0.0,0.0
56510,0.0,0.0,0.0
56520,0.0,0.0,0.10541
56530,0.0,0.0,0.0
56540,0.0,0.0,0.0
56550,0.0,0.0,0.0
56560,0.0,0.0,0.0
56570,0.0,0.0,0.0
56580,0.0,0.0,0.0
56590,0.0,0.0,0.0
56600,0.0,0.0,0.0
56610,0.0,0.0,0.0
56620,0.0,0.0,0.0
56630,0.0,0.0,0.0
56640,0.0,0.0,0.0
56650,0.0,0.0,0.0
56660,0.0,0.0,0.0
56670,0.0,0.0,0.0
56680,0.0,0.0,0.0
56690,0.0,0.0,0.0
56700,0.0,0.0,0.0
56710,0.0,0.0,0.0
56720,0.0,0.0,0.0
56730,0.0,0.0,0.0
56740,0.0,0.0,0.0
56750,0.0,0.0,0.0
56760,0.0,0.0,0.17722
56770,0.0,0.0,0.0
56780,0.0,0.0,0.0
56790,0.0,0.0,0.0
56800,0.0,0.0,0.0
56810,0.0,0.0,0.0
56820,0.0,0.0,0.0
56830,0.0,0.0,0.0
56840,0.0,0.0,0.0
56850,0.0,0.0,0.0
56860,0.0,0.0,0.0
56870,0.0,0.0,0.0
56880,0.0,0.0,0.0
56890,0.0,0.0,0.0
56900,0.0,0.0,0.0
56910,0.0,0.0,0.0
56920,0.0,0.0,0.0
56930,0.0,0.0,0.0
56940,0.0,0.0,0.0
56950,0.0,0.0,0.0
56960,0.0,0.0,0.0
56970,0.0,0.0,0.0
56980,0.0,0.0,0.0
56990,0.0,0.0,0.0
57000,0.0,0.0,0.0
57010,0.0,0.0,0.0
57020,0.0,0.0,0.0
57030,0.0,0.0,0.0
57040,0.0,0.0,0.0
57050,0.0,0.0,0.0
57060,0.0,0.0,0.0
57070,0.0,0.0,0.0
57080,0.0,0.0,0.0
57090,0.0,0.0,0.0
57100,0.0,0.0,0.0
57110,0.0,0.0,0.0
57120,0.0,0.0,0.0
57130,0.0,0.0,0.0
57140,0.0,0.0,0.0
57150,0.0,0.0,0.0
57160,0.0,0.0,0.0
57170,0.0,0.0,0.0
57180,0.0,0.0,0.0
57190,0.0,0.0,0.0
57200,0.0,0.0,0.0
57210,0.0,0.0,0.0
57220,0.0,0.0,0.0
57230,0.0,0.0,0.0
57240,0.0,0.0,0.0
57250,0.0,0.0,0.0
57260,0.0,0.0,0.0
57270,0.0,0.0,0.0
57280,0.0,0.0,0.0
57290,0.0,0.0,0.0
57300,0.0,0.0,0.06421
57310,0.0,0.0,0.0
57320,0.0,0.0,0.0
57330,0.0,0.0,0.0
57340,0.0,0.0,0.0
57350,0.0,0.0,0.0
57360,0.0,0.0,0.0
57370,0.0,0.0,0.0
57380,0.0,0.0,0.0
57390,0.0,0.0,0.0
57400,0.0,0.0,0.0
57410,0.0,0.0,0.0
57420,0.0,0.0,0.0
57430,0.0,0.0,0.0
57440,0.0,0.0,0.0
57450,0.0,0.0,0.0
57460,0.0,0.0,0.0
57470,0.0,0.0,0.0
57480,0.0,0.0,0.07806
57490,0.0,0.0,0.0
57500,0.0,0.0,0.0
57510,0.0,0.0,0.0
57520,0.0,0.0,0.0
57530,0.0,0.0,0.0
57540,0.0,0.0,0.0
57550,0.0,0.0,0.0
57560,0.0,0.0,0.0
57570,0.0,0.0,0.0
57580,0.0,0.0,0.0
57590,0.0,0.0,0.0
57600,0.0,0.001,0.0
57610,0.0,0.0,0.0
57620,0.0,0.0,0.0
57630,0.0,0.0,0.0
57640,0.0,0.0,0.0
57650,0.0,0.0,0.0
57660,0.0,0.0,0.0
57670,0.0,0.0,0.0
57680,0.0,0.0,0.0
57690,0.0,0.0,0.0
57700,0.0,0.0,0.0
57710,0.0,0.0,0.0
57720,0.0,0.0,0.0
57730,0.0,0.0,0.0
57740,0.0,0.0,0.0
57750,0.0,0.0,0.0
57760,0.0,0.0,0.0
57770,0.0,0.0,0.0
57780,0.0,0.0,0.0
57790,0.0,0.0,0.0
57800,0.0,0.0,0.0
57810,0.0,0.0,0.0
57820,0.0,0.0,0.0
57830,0.0,0.0,0.0
57840,0.0,0.0,0.0
57850,0.0,0.0,0.0
57860,0.0,0.0,0.0
57870,0.0,0.0,0.0
57880,0.0,0.0,0.0
57890,0.0,0.0,0.0
57900,0.0,0.0,0.06588
57910,0.0,0.0,0.0
57920,0.0,0.0,0.0
57930,0.0,0.0,0.0
57940,0.0,0.0,0.0
57950,0.0,0.0,0.0
57960,0.0,0.0,0.0
57970,0.0,0.0,0.0
57980,0.0,0.0,0.0
57990,0.0,0.0,0.0
58000,0.0,0.0,0.0
58010,0.0,0.0,0.0
58020,0.0,0.0,0.0
58030,0.0,0.0,0.0
58040,0.0,0.0,0.0
58050,0.0,0.0,0.0
58060,0.0,0.0,0.0
58070,0.0,0.0,0.0
58080,0.0,0.0,0.0
58090,0.0,0.0,0.0
58100,0.0,0.0,0.0
58110,0.0,0.0,0.0
58120,0.0,0.0,0.0
58130,0.0,0.0,0.0
58140,0.0,0.0,0.0
58150,0.0,0.0,0.0
58160,0.0,0.0,0.0
58170,0.0,0.0,0.0
58180,0.0,0.0,0.0
58190,0.0,0.0,0.0
58200,0.0,0.0,0.0
58210,0.0,0.0,0.0
58220,0.0,0.0,0.0
58230,0.0,0.0,0.0
58240,0.0,0.0,0.0
58250,0.0,0.0,0.0
58260,0.0,0.0,0.0
58270,0.0,0.0,0.0
58280,0.0,0.0,0.0
58290,0.0,0.0,0.0
58300,0.0,0.0,0.0
58310,0.0,0.0,0.0
58320,0.0,0.0,0.06654
58330,0.0,0.0,0.0
58340,0.0,0.0,0.0
58350,0.0,0.0,0.0
58360,0.0,0.0,0.0
58370,0.0,0.0,0.0
58380,0.0,0.0,0.0
58390,0.0,0.0,0.0
58400,0.0,0.0,0.0
58410,0.0,0.0,0.0
58420,0.0,0.0,0.0
58430,0.0,0.0,0.0
58440,0.0,0.0,0.0
58450,0.0,0.0,0.0
58460,0.0,0.0,0.0
58470,0.0,0.0,0.0
58480,0.0,0.0,0.0
58490,0.0,0.0,0.0
58500,0.0,0.0,0.0
58510,0.0,0.0,0.0
58520,0.0,0.0,0.0
58530,0.0,0.0,0.0
58540,0.0,0.0,0.0
58550,0.0,0.0,0.0
58560,0.0,0.0,0.0
58570,0.0,0.0,0.0
58580,0.0,0.0,0.0
58590,0.0,0.0,0.0
58600,0.0,0.0,0.0
58610,0.0,0.0,0.0
58620,0.0,0.0,0.0
58630,0.0,0.0,0.0
58640,0.0,0.0,0.0
58650,0.0,0.0,0.0
58660,0.0,0.0,0.0
58670,0.0,0.0,0.0
58680,0.0,0.0,0.0
58690,0.0,0.0,0.0
58700,0.0,0.0,0.0
58710,0.0,0.0,0.0
58720,0.0,0.0,0.0
58730,0.0,0.0,0.0
58740,0.0,0.0,0.0
58750,0.0,0.0,0.0
58760,0.0,0.0,0.0
58770,0.0,0.0,0.0
58780,0.0,0.0,0.0
58790,0.0,0.0,0.0
58800,0.0,0.0,0.0
58810,0.0,0.0,0.0
58820,0.0,0.0,0.0
58830,0.0,0.0,0.0
58840,0.0,0.0,0.0
58850,0.0,0.0,0.0
58860,0.0,0.0,0.0
58870,0.0,0.0,0.0
58880,0.0,0.0,0.0
58890,0.0,0.0,0.0
58900,0.0,0.0,0.0
58910,0.0,0.0,0.0
58920,0.0,0.0,0.0
58930,0.0,0.0,0.0
58940,0.0,0.0,0.0
58950,0.0,0.0,0.0
58960,0.0,0.0,0.0
58970,0.0,0.0,0.0
58980,0.0,0.0,0.0
58990,0.0,0.0,0.0
59000,0.0,0.0,0.0
59010,0.0,0.0,0.0
59020,0.0,0.0,0.0
59030,0.0,0.0,0.0
59040,0.0,0.0,0.0
59050,0.0,0.0,0.0
59060,0.0,0.0,0.0
59070,0.0,0.0,0.0
59080,0.0,0.0,0.0
59090,0.0,0.0,0.0
59100,0.0,0.0,0.0
59110,0.0,0.0,0.0
59120,0.0,0.0,0.0
59130,0.0,0.0,0.0
59140,0.0,0.0,0.0
59150,0.0,0.0,0.0
59160,0.0,0.0,0.0
59170,0.0,0.0,0.0
59180,0.0,0.0,0.0
59190,0.0,0.0,0.0
59200,0.0,0.0,0.0
59210,0.0,0.0,0.0
59220,0.0,0.0,0.05702
59230,0.0,0.0,0.0
59240,0.0,0.0,0.0
59250,0.0,0.0,0.0
59260,0.0,0.0,0.0
59270,0.0,0.0,0.0
59280,0.0,0.0,0.0
59290,0.0,0.0,0.0
59300,0.0,0.0,0.0
59310,0.0,0.0,0.0
59320,0.0,0.0,0.0
59330,0.0,0.0,0.0
59340,0.0,0.0,0.0
59350,0.0,0.0,0.0
59360,0.0,0.0,0.0
59370,0.0,0.0,0.0
59380,0.0,0.0,0.0
59390,0.0,0.0,0.0
59400,0.0,0.0,0.0
59410,0.0,0.0,0.0
59420,0.0,0.0,0.0
59430,0.0,0.0,0.0
59440,0.0,0.0,0.0
59450,0.0,0.0,0.0
59460,0.0,0.0,0.0
59470,0.0,0.0,0.0
59480,0.0,0.0,0.0
59490,0.0,0.0,0.0
59500,0.0,0.0,0.0
59510,0.0,0.0,0.0
59520,0.0,0.0,0.0
59530,0.0,0.0,0.0
59540,0.0,0.0,0.0
59550,0.0,0.0,0.0
59560,0.0,0.0,0.0
59570,0.0,0.0,0.0
59580,0.0,0.0,0.0
59590,0.0,0.0,0.0
59600,0.0,0.0,0.0
59610,0.0,0.0,0.0
59620,0.0,0.0,0.0
59630,0.0,0.0,0.0
59640,0.0,0.0,0.0
59650,0.0,0.0,0.0
59660,0.0,0.0,0.0
59670,0.0,0.0,0.0
59680,0.0,0.0,0.0
59690,0.0,0.0,0.0
59700,0.0,0.0,0.0
59710,0.0,0.0,0.0
59720,0.0,0.0,0.0
59730,0.0,0.0,0.0
59740,0.0,0.0,0.0
59750,0.0,0.0,0.0
59760,0.0,0.0,0.0
59770,0.0,0.0,0.0
59780,0.0,0.0,0.0
59790,0.0,0.0,0.0
59800,0.0,0.0,0.0
59810,0.0,0.0,0.0
59820,0.0,0.0,0.0
59830,0.0,0.0,0.0
59840,0.0,0.0,0.0
59850,0.0,0.0,0.0
59860,0.0,0.0,0.0
59870,0.0,0.0,0.0
59880,0.0,0.0,0.0
59890,0.0,0.0,0.0
59900,0.0,0.0,0.0
59910,0.0,0.0,0.0
59920,0.0,0.0,0.0
59930,0.0,0.0,0.0
59940,0.0,0.0,0.0
59950,0.0,0.0,0.0
59960,0.0,0.0,0.0
59970,0.0,0.0,0.0
59980,0.0,0.0,0.0
59990,0.0,0.0,0.0
60000,0.0,0.0,0.0
60010,0.0,0.0,0.0
60020,0.0,0.0,0.0
60030,0.0,0.0,0.0
60040,0.0,0.0,0.0
60050,0.0,0.0,0.0
60060,0.0,0.0,0.0
60070,0.0,0.0,0.0
60080,0.0,0.0,0.0
60090,0.0,0.0,0.0
60100,0.0,0.0,0.0
60110,0.0,0.0,0.0
60120,0.0,0.0,0.0
60130,0.0,0.0,0.0
60140,0.0,0.0,0.0
60150,0.0,0.0,0.0
60160,0.0,0.0,0.0
60170,0.0,0.0,0.0
60180,0.0,0.0,0.0
60190,0.0,0.0,0.0
60200,0.0,0.0,0.0
60210,0.0,0.0,0.0
60220,0.0,0.0,0.0
60230,0.0,0.0,0.0
60240,0.0,0.0,0.0
60250,0.0,0.0,0.0
60260,0.0,0.0,0.0
60270,0.0,0.0,0.0
60280,0.0,0.0,0.0
60290,0.0,0.0,0.0
60300,0.0,0.0,0.0
60310,0.0,0.0,0.0
60320,0.0,0.0,0.0
60330,0.0,0.0,0.0
60340,0.0,0.0,0.0
60350,0.0,0.0,0.0
60360,0.0,0.0,0.04541
60370,0.0,0.0,0.0
60380,0.0,0.0,0.0
60390,0.0,0.0,0.0
60400,0.0,0.0,0.0
60410,0.0,0.0,0.0
60420,0.0,0.0,0.0
60430,0.0,0.0,0.0
60440,0.0,0.0,0.0
60450,0.0,0.0,0.0
60460,0.0,0.0,0.0
60470,0.0,0.0,0.0
60480,0.0,0.0,0.0
60490,0.0,0.0,0.0
60500,0.0,0.0,0.0
60510,0.0,0.0,0.0
60520,0.0,0.0,0.0
60530,0.0,0.0,0.0
60540,0.0,0.0,0.0
60550,0.0,0.0,0.0
60560,0.0,0.0,0.0
60570,0.0,0.0,0.0
60580,0.0,0.0,0.0
60590,0.0,0.0,0.0
60600,0.0,0.0,0.0
60610,0.0,0.0,0.0
60620,0.0,0.0,0.0
60630,0.0,0.0,0.0
60640,0.0,0.0,0.0
60650,0.0,0.0,0.0
60660,0.0,0.0,0.0
60670,0.0,0.0,0.0
60680,0.0,0.0,0.0
60690,0.0,0.0,0.0
60700,0.0,0.0,0.0
60710,0.0,0.0,0.0
60720,0.0,0.0,0.0
60730,0.0,0.0,0.0
60740,0.0,0.0,0.0
60750,0.0,0.0,0.0
60760,0.0,0.0,0.0
60770,0.0,0.0,0.0
60780,0.0,0.0,0.0
60790,0.0,0.0,0.0
60800,0.0,0.0,0.0
60810,0.0,0.0,0.0
60820,0.0,0.0,0.0
60830,0.0,0.0,0.0
60840,0.0,0.0,0.0
60850,0.0,0.0,0.0
60860,0.0,0.0,0.0
60870,0.0,0.0,0.0
60880,0.0,0.0,0.0
60890,0.0,0.0,0.0
60900,0.0,0.0,0.0
60910,0.0,0.0,0.0
60920,0.0,0.0,0.0
60930,0.0,0.0,0.0
60940,0.0,0.0,0.0
60950,0.0,0.0,0.0
60960,0.0,0.0,0.0
60970,0.0,0.0,0.0
60980,0.0,0.0,0.0
60990,0.0,0.0,0.0
61000,0.0,0.0,0.0
61010,0.0,0.0,0.0
61020,0.0,0.0,0.05204
61030,0.0,0.0,0.0
61040,0.0,0.0,0.0
61050,0.0,0.0,0.0
61060,0.0,0.0,0.0
61070,0.0,0.0,0.0
61080,0.0,0.0,0.0
61090,0.0,0.0,0.0
61100,0.0,0.0,0.0
61110,0.0,0.0,0.0
61120,0.0,0.0,0.0
61130,0.0,0.0,0.0
61140,0.0,0.0,0.0
61150,0.0,0.0,0.0
61160,0.0,0.0,0.0
61170,0.0,0.0,0.0
61180,0.0,0.0,0.0
61190,0.0,0.0,0.0
61200,0.0,0.006,0.0
61210,0.0,0.0,0.0
61220,0.0,0.0,0.0
61230,0.0,0.0,0.0
61240,0.0,0.0,0.0
61250,0.0,0.0,0.0
61260,0.0,0.0,0.0
61270,0.0,0.0,0.0
61280,0.0,0.0,0.0
61290,0.0,0.0,0.0
61300,0.0,0.0,0.0
61310,0.0,0.0,0.0
61320,0.0,0.0,0.0
61330,0.0,0.0,0.0
61340,0.0,0.0,0.0
61350,0.0,0.0,0.0
61360,0.0,0.0,0.0
61370,0.0,0.0,0.0
61380,0.0,0.0,0.0
61390,0.0,0.0,0.0
61400,0.0,0.0,0.0
61410,0.0,0.0,0.0
61420,0.0,0.0,0.0
61430,0.0,0.0,0.0
61440,0.0,0.0,0.0524
61450,0.0,0.0,0.0
61460,0.0,0.0,0.0
61470,0.0,0.0,0.0
61480,0.0,0.0,0.0
61490,0.0,0.0,0.0
61500,0.0,0.0,0.0
61510,0.0,0.0,0.0
61520,0.0,0.0,0.0
61530,0.0,0.0,0.0
61540,0.0,0.0,0.0
61550,0.0,0.0,0.0
61560,0.0,0.0,0.0
61570,0.0,0.0,0.0
61580,0.0,0.0,0.0
61590,0.0,0.0,0.0
61600,0.0,0.0,0.0
61610,0.0,0.0,0.0
61620,0.0,0.0,0.0
61630,0.0,0.0,0.0
61640,0.0,0.0,0.0
61650,0.0,0.0,0.0
61660,0.0,0.0,0.0
61670,0.0,0.0,0.0
61680,0.0,0.0,0.0
61690,0.0,0.0,0.0
61700,0.0,0.0,0.0
61710,0.0,0.0,0.0
61720,0.0,0.0,0.0
61730,0.0,0.0,0.0
61740,0.0,0.0,0.0
61750,0.0,0.0,0.0
61760,0.0,0.0,0.0
61770,0.0,0.0,0.0
61780,0.0,0.0,0.0
61790,0.0,0.0,0.0
61800,0.0,0.0,0.0
61810,0.0,0.0,0.0
61820,0.0,0.0,0.0
61830,0.0,0.0,0.0
61840,0.0,0.0,0.0
61850,0.0,0.0,0.0
61860,0.0,0.0,0.0
61870,0.0,0.0,0.0
61880,0.0,0.0,0.0
61890,0.0,0.0,0.0
61900,0.0,0.0,0.0
61910,0.0,0.0,0.0
61920,0.0,0.0,0.0
61930,0.0,0.0,0.0
61940,0.0,0.0,0.0
61950,0.0,0.0,0.0
61960,0.0,0.0,0.0
61970,0.0,0.0,0.0
61980,0.0,0.0,0.13421
61990,0.0,0.0,0.0
62000,0.0,0.0,0.0
62010,0.0,0.0,0.0
62020,0.0,0.0,0.0
62030,0.0,0.0,0.0
62040,0.0,0.0,0.0
62050,0.0,0.0,0.0
62060,0.0,0.0,0.0
62070,0.0,0.0,0.0
62080,0.0,0.0,0.0
62090,0.0,0.0,0.0
62100,0.0,0.0,0.0
62110,0.0,0.0,0.0
62120,0.0,0.0,0.0
62130,0.0,0.0,0.0
62140,0.0,0.0,0.0
62150,0.0,0.0,0.0
62160,0.0,0.0,0.0
62170,0.0,0.0,0.0
62180,0.0,0.0,0.0
62190,0.0,0.0,0.0
62200,0.0,0.0,0.0
62210,0.0,0.0,0.0
62220,0.0,0.0,0.0
62230,0.0,0.0,0.0
62240,0.0,0.0,0.0
62250,0.0,0.0,0.0
62260,0.0,0.0,0.0
62270,0.0,0.0,0.0
62280,0.0,0.0,0.0
62290,0.0,0.0,0.0
62300,0.0,0.0,0.0
62310,0.0,0.0,0.0
62320,0.0,0.0,0.0
62330,0.0,0.0,0.0
62340,0.0,0.0,0.0
62350,0.0,0.0,0.0
62360,0.0,0.0,0.0
62370,0.0,0.0,0.0
62380,0.0,0.0,0.0
62390,0.0,0.0,0.0
62400,0.0,0.0,0.0
62410,0.0,0.0,0.0
62420,0.0,0.0,0.0
62430,0.0,0.0,0.0
62440,0.0,0.0,0.0
62450,0.0,0.0,0.0
62460,0.0,0.0,0.0
62470,0.0,0.0,0.0
62480,0.0,0.0,0.0
62490,0.0,0.0,0.0
62500,0.0,0.0,0.0
62510,0.0,0.0,0.0
62520,0.0,0.0,0.0
62530,0.0,0.0,0.0
62540,0.0,0.0,0.0
62550,0.0,0.0,0.0
62560,0.0,0.0,0.0
62570,0.0,0.0,0.0
62580,0.0,0.0,0.0
62590,0.0,0.0,0.0
62600,0.0,0.0,0.0
62610,0.0,0.0,0.0
62620,0.0,0.0,0.0
62630,0.0,0.0,0.0
62640,0.0,0.0,0.0
62650,0.0,0.0,0.0
62660,0.0,0.0,0.0
62670,0.0,0.0,0.0
62680,0.0,0.0,0.0
62690,0.0,0.0,0.0
62700,0.0,0.0,0.0
62710,0.0,0.0,0.0
62720,0.0,0.0,0.0
62730,0.0,0.0,0.0
62740,0.0,0.0,0.0
62750,0.0,0.0,0.0
62760,0.0,0.0,0.0
62770,0.0,0.0,0.0
62780,0.0,0.0,0.0
62790,0.0,0.0,0.0
62800,0.0,0.0,0.0
62810,0.0,0.0,0.0
62820,0.0,0.0,0.0
62830,0.0,0.0,0.0
62840,0.0,0.0,0.0
62850,0.0,0.0,0.0
62860,0.0,0.0,0.0
62870,0.0,0.0,0.0
62880,0.0,0.0,0.0
62890,0.0,0.0,0.0
62900,0.0,0.0,0.0
62910,0.0,0.0,0.0
62920,0.0,0.0,0.0
62930,0.0,0.0,0.0
62940,0.0,0.0,0.04304
62950,0.0,0.0,0.0
62960,0.0,0.0,0.0
62970,0.0,0.0,0.0
62980,0.0,0.0,0.0
62990,0.0,0.0,0.0
63000,0.0,0.0,0.0
63010,0.0,0.0,0.0
63020,0.0,0.0,0.0
63030,0.0,0.0,0.0
63040,0.0,0.0,0.0
63050,0.0,0.0,0.0
63060,0.0,0.0,0.0
63070,0.0,0.0,0.0
63080,0.0,0.0,0.0
63090,0.0,0.0,0.0
63100,0.0,0.0,0.0
63110,0.0,0.0,0.0
63120,0.0,0.0,0.0409
63130,0.0,0.0,0.0
63140,0.0,0.0,0.0
63150,0.0,0.0,0.0
63160,0.0,0.0,0.0
63170,0.0,0.0,0.0
63180,0.0,0.0,0.0
63190,0.0,0.0,0.0
63200,0.0,0.0,0.0
63210,0.0,0.0,0.0
63220,0.0,0.0,0.0
63230,0.0,0.0,0.0
63240,0.0,0.0,0.0
63250,0.0,0.0,0.0
63260,0.0,0.0,0.0
63270,0.0,0.0,0.0
63280,0.0,0.0,0.0
63290,0.0,0.0,0.0
63300,0.0,0.0,0.0
63310,0.0,0.0,0.0
63320,0.0,0.0,0.0
63330,0.0,0.0,0.0
63340,0.0,0.0,0.0
63350,0.0,0.0,0.0
63360,0.0,0.0,0.0
63370,0.0,0.0,0.0
63380,0.0,0.0,0.0
63390,0.0,0.0,0.0
63400,0.0,0.0,0.0
63410,0.0,0.0,0.0
63420,0.0,0.0,0.00037
63430,0.0,0.0,0.0
63440,0.0,0.0,0.0
63450,0.0,0.0,0.0
63460,0.0,0.0,0.0
63470,0.0,0.0,0.0
63480,0.0,0.0,0.0
63490,0.0,0.0,0.0
63500,0.0,0.0,0.0
63510,0.0,0.0,0.0
63520,0.0,0.0,0.0
63530,0.0,0.0,0.0
63540,0.0,0.0,0.0
63550,0.0,0.0,0.0
63560,0.0,0.0,0.0
63570,0.0,0.0,0.0
63580,0.0,0.0,0.0
63590,0.0,0.0,0.0
63600,0.0,0.0,0.0
63610,0.0,0.0,0.0
63620,0.0,0.0,0.0
63630,0.0,0.0,0.0
63640,0.0,0.0,0.0
63650,0.0,0.0,0.0
63660,0.0,0.0,0.0
63670,0.0,0.0,0.0
63680,0.0,0.0,0.0
63690,0.0,0.0,0.0
63700,0.0,0.0,0.0
63710,0.0,0.0,0.0
63720,0.0,0.0,0.0
63730,0.0,0.0,0.0
63740,0.0,0.0,0.0
63750,0.0,0.0,0.0
63760,0.0,0.0,0.0
63770,0.0,0.0,0.0
63780,0.0,0.0,0.0
63790,0.0,0.0,0.0
63800,0.0,0.0,0.0
63810,0.0,0.0,0.0
63820,0.0,0.0,0.0
63830,0.0,0.0,0.0
63840,0.0,0.0,0.0
63850,0.0,0.0,0.0
63860,0.0,0.0,0.0
63870,0.0,0.0,0.0
63880,0.0,0.0,0.0
63890,0.0,0.0,0.0
63900,0.0,0.0,0.0
63910,0.0,0.0,0.0
63920,0.0,0.0,0.0
63930,0.0,0.0,0.0
63940,0.0,0.0,0.0
63950,0.0,0.0,0.0
63960,0.0,0.0,0.04812
63970,0.0,0.0,0.0
63980,0.0,0.0,0.0
63990,0.0,0.0,0.0
64000,0.0,0.0,0.0
64010,0.0,0.0,0.0
64020,0.0,0.0,0.0
64030,0.0,0.0,0.0
64040,0.0,0.0,0.0
64050,0.0,0.0,0.0
64060,0.0,0.0,0.0
64070,0.0,0.0,0.0
64080,0.0,0.0,0.0
64090,0.0,0.0,0.0
64100,0.0,0.0,0.0
64110,0.0,0.0,0.0
64120,0.0,0.0,0.0
64130,0.0,0.0,0.0
64140,0.0,0.0,0.0
64150,0.0,0.0,0.0
64160,0.0,0.0,0.0
64170,0.0,0.0,0.0
64180,0.0,0.0,0.0
64190,0.0,0.0,0.0
64200,0.0,0.0,0.0
64210,0.0,0.0,0.0
64220,0.0,0.0,0.0
64230,0.0,0.0,0.0
64240,0.0,0.0,0.0
64250,0.0,0.0,0.0
64260,0.0,0.0,0.0
64270,0.0,0.0,0.0
64280,0.0,0.0,0.0
64290,0.0,0.0,0.0
64300,0.0,0.0,0.0
64310,0.0,0.0,0.0
64320,0.0,0.0,0.0
64330,0.0,0.0,0.0
64340,0.0,0.0,0.0
64350,0.0,0.0,0.0
64360,0.0,0.0,0.0
64370,0.0,0.0,0.0
64380,0.0,0.0,0.0
64390,0.0,0.0,0.0
64400,0.0,0.0,0.0
64410,0.0,0.0,0.0
64420,0.0,0.0,0.0
64430,0.0,0.0,0.0
64440,0.0,0.0,0.0
64450,0.0,0.0,0.0
64460,0.0,0.0,0.0
64470,0.0,0.0,0.0
64480,0.0,0.0,0.0
64490,0.0,0.0,0.0
64500,0.0,0.0,0.0
64510,0.0,0.0,0.0
64520,0.0,0.0,0.0
64530,0.0,0.0,0.0
64540,0.0,0.0,0.0
64550,0.0,0.0,0.0
64560,0.0,0.0,0.0
64570,0.0,0.0,0.0
64580,0.0,0.0,0.0
64590,0.0,0.0,0.0
64600,0.0,0.0,0.0
64610,0.0,0.0,0.0
64620,0.0,0.0,0.0
64630,0.0,0.0,0.0
64640,0.0,0.0,0.0
64650,0.0,0.0,0.0
64660,0.0,0.0,0.0
64670,0.0,0.0,0.0
64680,0.0,0.0,0.0
64690,0.0,0.0,0.0
64700,0.0,0.0,0.0
64710,0.0,0.0,0.0
64720,0.0,0.0,0.0
64730,0.0,0.0,0.0
64740,0.0,0.0,0.0
64750,0.0,0.0,0.0
64760,0.0,0.0,0.0
64770,0.0,0.0,0.0
64780,0.0,0.0,0.0
64790,0.0,0.0,0.0
64800,0.0,0.0,0.0
64810,0.0,0.0,0.0
64820,0.0,0.0,0.0
64830,0.0,0.0,0.0
64840,0.0,0.0,0.0
64850,0.0,0.0,0.0
64860,0.0,0.0,0.0
64870,0.0,0.0,0.0
64880,0.0,0.0,0.0
64890,0.0,0.0,0.0
64900,0.0,0.0,0.0
64910,0.0,0.0,0.0
64920,0.0,0.0,0.06417
64930,0.0,0.0,0.0
64940,0.0,0.0,0.0
64950,0.0,0.0,0.0
64960,0.0,0.0,0.0
64970,0.0,0.0,0.0
64980,0.0,0.0,0.07423
64990,0.0,0.0,0.0
65000,0.0,0.0,0.0
65010,0.0,0.0,0.0
65020,0.0,0.0,0.0
65030,0.0,0.0,0.0
65040,0.0,0.0,0.00037
65050,0.0,0.0,0.0
65060,0.0,0.0,0.0
65070,0.0,0.0,0.0
65080,0.0,0.0,0.0
65090,0.0,0.0,0.0
65100,0.0,0.0,0.0
65110,0.0,0.0,0.0
65120,0.0,0.0,0.0
65130,0.0,0.0,0.0
65140,0.0,0.0,0.0
65150,0.0,0.0,0.0
65160,0.0,0.0,0.0
65170,0.0,0.0,0.0
65180,0.0,0.0,0.0
65190,0.0,0.0,0.0
65200,0.0,0.0,0.0
65210,0.0,0.0,0.0
65220,0.0,0.0,0.0
65230,0.0,0.0,0.0
65240,0.0,0.0,0.0
65250,0.0,0.0,0.0
65260,0.0,0.0,0.0
65270,0.0,0.0,0.0
65280,0.0,0.0,0.0
65290,0.0,0.0,0.0
65300,0.0,0.0,0.0
65310,0.0,0.0,0.0
65320,0.0,0.0,0.0
65330,0.0,0.0,0.0
65340,0.0,0.0,0.0
65350,0.0,0.0,0.0
65360,0.0,0.0,0.0
65370,0.0,0.0,0.0
65380,0.0,0.0,0.0
65390,0.0,0.0,0.0
65400,0.0,0.0,0.0
65410,0.0,0.0,0.0
65420,0.0,0.0,0.0
65430,0.0,0.0,0.0
65440,0.0,0.0,0.0
65450,0.0,0.0,0.0
65460,0.0,0.0,0.0
65470,0.0,0.0,0.0
65480,0.0,0.0,0.0
65490,0.0,0.0,0.0
65500,0.0,0.0,0.0
65510,0.0,0.0,0.0
65520,0.0,0.0,0.0
65530,0.0,0.0,0.0
65540,0.0,0.0,0.0
65550,0.0,0.0,0.0
65560,0.0,0.0,0.0
65570,0.0,0.0,0.0
65580,0.0,0.0,0.0
65590,0.0,0.0,0.0
65600,0.0,0.0,0.0
65610,0.0,0.0,0.0
65620,0.0,0.0,0.0
65630,0.0,0.0,0.0
65640,0.0,0.0,0.08325
65650,0.0,0.0,0.0
65660,0.0,0.0,0.0
65670,0.0,0.0,0.0
65680,0.0,0.0,0.0
65690,0.0,0.0,0.0
65700,0.0,0.0,0.0
65710,0.0,0.0,0.0
65720,0.0,0.0,0.0
65730,0.0,0.0,0.0
65740,0.0,0.0,0.0
65750,0.0,0.0,0.0
65760,0.0,0.0,0.0
65770,0.0,0.0,0.0
65780,0.0,0.0,0.0
65790,0.0,0.0,0.0
65800,0.0,0.0,0.0
65810,0.0,0.0,0.0
65820,0.0,0.0,0.0
65830,0.0,0.0,0.0
65840,0.0,0.0,0.0
65850,0.0,0.0,0.0
65860,0.0,0.0,0.0
65870,0.0,0.0,0.0
65880,0.0,0.0,0.0
65890,0.0,0.0,0.0
65900,0.0,0.0,0.0
65910,0.0,0.0,0.0
65920,0.0,0.0,0.0
65930,0.0,0.0,0.0
65940,0.0,0.0,0.0
65950,0.0,0.0,0.0
65960,0.0,0.0,0.0
65970,0.0,0.0,0.0
65980,0.0,0.0,0.0
65990,0.0,0.0,0.0
66000,0.0,0.0,0.0
66010,0.0,0.0,0.0
66020,0.0,0.0,0.0
66030,0.0,0.0,0.0
66040,0.0,0.0,0.0
66050,0.0,0.0,0.0
66060,0.0,0.0,0.0
66070,0.0,0.0,0.0
66080,0.0,0.0,0.0
66090,0.0,0.0,0.0
66100,0.0,0.0,0.0
66110,0.0,0.0,0.0
66120,0.0,0.0,0.0
66130,0.0,0.0,0.0
66140,0.0,0.0,0.0
66150,0.0,0.0,0.0
66160,0.0,0.0,0.0
66170,0.0,0.0,0.0
66180,0.0,0.0,0.0
66190,0.0,0.0,0.0
66200,0.0,0.0,0.0
66210,0.0,0.0,0.0
66220,0.0,0.0,0.0
66230,0.0,0.0,0.0
66240,0.0,0.0,0.0
66250,0.0,0.0,0.0
66260,0.0,0.0,0.0
66270,0.0,0.0,0.0
66280,0.0,0.0,0.0
66290,0.0,0.0,0.0
66300,0.0,0.0,0.0
66310,0.0,0.0,0.0
66320,0.0,0.0,0.0
66330,0.0,0.0,0.0
66340,0.0,0.0,0.0
66350,0.0,0.0,0.0
66360,0.0,0.0,0.0
66370,0.0,0.0,0.0
66380,0.0,0.0,0.0
66390,0.0,0.0,0.0
66400,0.0,0.0,0.0
66410,0.0,0.0,0.0
66420,0.0,0.0,0.0
66430,0.0,0.0,0.0
66440,0.0,0.0,0.0
66450,0.0,0.0,0.0
66460,0.0,0.0,0.0
66470,0.0,0.0,0.0
66480,0.0,0.0,0.0
66490,0.0,0.0,0.0
66500,0.0,0.0,0.0
66510,0.0,0.0,0.0
66520,0.0,0.0,0.0
66530,0.0,0.0,0.0
66540,0.0,0.0,0.0
66550,0.0,0.0,0.0
66560,0.0,0.0,0.0
66570,0.0,0.0,0.0
66580,0.0,0.0,0.0
66590,0.0,0.0,0.0
66600,0.0,0.0,0.0
66610,0.0,0.0,0.0
66620,0.0,0.0,0.0
66630,0.0,0.0,0.0
66640,0.0,0.0,0.0
66650,0.0,0.0,0.0
66660,0.0,0.0,0.0
66670,0.0,0.0,0.0
66680,0.0,0.0,0.0
66690,0.0,0.0,0.0
66700,0.0,0.0,0.0
66710,0.0,0.0,0.0
66720,0.0,0.0,0.0
66730,0.0,0.0,0.0
66740,0.0,0.0,0.0
66750,0.0,0.0,0.0
66760,0.0,0.0,0.0
66770,0.0,0.0,0.0
66780,0.0,0.0,0.0
66790,0.0,0.0,0.0
66800,0.0,0.0,0.0
66810,0.0,0.0,0.0
66820,0.0,0.0,0.0
66830,0.0,0.0,0.0
66840,0.0,0.0,0.00036
66850,0.0,0.0,0.0
66860,0.0,0.0,0.0
66870,0.0,0.0,0.0
66880,0.0,0.0,0.0
66890,0.0,0.0,0.0
66900,0.0,0.0,0.0
66910,0.0,0.0,0.0
66920,0.0,0.0,0.0
66930,0.0,0.0,0.0
66940,0.0,0.0,0.0
66950,0.0,0.0,0.0
66960,0.0,0.0,0.0
66970,0.0,0.0,0.0
66980,0.0,0.0,0.0
66990,0.0,0.0,0.0
67000,0.0,0.0,0.0
67010,0.0,0.0,0.0
67020,0.0,0.0,0.0
67030,0.0,0.0,0.0
67040,0.0,0.0,0.0
67050,0.0,0.0,0.0
67060,0.0,0.0,0.0
67070,0.0,0.0,0.0
67080,0.0,0.0,0.0
67090,0.0,0.0,0.0
67100,0.0,0.0,0.0
67110,0.0,0.0,0.0
67120,0.0,0.0,0.0
67130,0.0,0.0,0.0
67140,0.0,0.0,0.0
67150,0.0,0.0,0.0
67160,0.0,0.0,0.0
67170,0.0,0.0,0.0
67180,0.0,0.0,0.0
67190,0.0,0.0,0.0
67200,0.0,0.0,0.0
67210,0.0,0.0,0.0
67220,0.0,0.0,0.0
67230,0.0,0.0,0.0
67240,0.0,0.0,0.0
67250,0.0,0.0,0.0
67260,0.0,0.0,0.0
67270,0.0,0.0,0.0
67280,0.0,0.0,0.0
67290,0.0,0.0,0.0
67300,0.0,0.0,0.0
67310,0.0,0.0,0.0
67320,0.0,0.0,0.0
67330,0.0,0.0,0.0
67340,0.0,0.0,0.0
67350,0.0,0.0,0.0
67360,0.0,0.0,0.0
67370,0.0,0.0,0.0
67380,0.0,0.0,0.0
67390,0.0,0.0,0.0
67400,0.0,0.0,0.0
67410,0.0,0.0,0.0
67420,0.0,0.0,0.0
67430,0.0,0.0,0.0
67440,0.0,0.0,0.0
67450,0.0,0.0,0.0
67460,0.0,0.0,0.0
67470,0.0,0.0,0.0
67480,0.0,0.0,0.0
67490,0.0,0.0,0.0
67500,0.0,0.0,0.0
67510,0.0,0.0,0.0
67520,0.0,0.0,0.0
67530,0.0,0.0,0.0
67540,0.0,0.0,0.0
67550,0.0,0.0,0.0
67560,0.0,0.0,0.0
67570,0.0,0.0,0.0
67580,0.0,0.0,0.0
67590,0.0,0.0,0.0
67600,0.0,0.0,0.0
67610,0.0,0.0,0.0
67620,0.0,0.0,0.0
67630,0.0,0.0,0.0
67640,0.0,0.0,0.0
67650,0.0,0.0,0.0
67660,0.0,0.0,0.0
67670,0.0,0.0,0.0
67680,0.0,0.0,0.0
67690,0.0,0.0,0.0
67700,0.0,0.0,0.0
67710,0.0,0.0,0.0
67720,0.0,0.0,0.0
67730,0.0,0.0,0.0
67740,0.0,0.0,0.0
67750,0.0,0.0,0.0
67760,0.0,0.0,0.0
67770,0.0,0.0,0.0
67780,0.0,0.0,0.0
67790,0.0,0.0,0.0
67800,0.0,0.0,0.0
67810,0.0,0.0,0.0
67820,0.0,0.0,0.0
67830,0.0,0.0,0.0
67840,0.0,0.0,0.0
67850,0.0,0.0,0.0
67860,0.0,0.0,0.0
67870,0.0,0.0,0.0
67880,0.0,0.0,0.0
67890,0.0,0.0,0.0
67900,0.0,0.0,0.0
67910,0.0,0.0,0.0
67920,0.0,0.0,0.04082
67930,0.0,0.0,0.0
67940,0.0,0.0,0.0
67950,0.0,0.0,0.0
67960,0.0,0.0,0.0
67970,0.0,0.0,0.0
67980,0.0,0.0,0.0
67990,0.0,0.0,0.0
68000,0.0,0.0,0.0
68010,0.0,0.0,0.0
68020,0.0,0.0,0.0
68030,0.0,0.0,0.0
68040,0.0,0.0,0.0
68050,0.0,0.0,0.0
68060,0.0,0.0,0.0
68070,0.0,0.0,0.0
68080,0.0,0.0,0.0
68090,0.0,0.0,0.0
68100,0.0,0.0,0.0
68110,0.0,0.0,0.0
68120,0.0,0.0,0.0
68130,0.0,0.0,0.0
68140,0.0,0.0,0.0
68150,0.0,0.0,0.0
68160,0.0,0.0,0.0
68170,0.0,0.0,0.0
68180,0.0,0.0,0.0
68190,0.0,0.0,0.0
68200,0.0,0.0,0.0
68210,0.0,0.0,0.0
68220,0.0,0.0,0.0
68230,0.0,0.0,0.0
68240,0.0,0.0,0.0
68250,0.0,0.0,0.0
68260,0.0,0.0,0.0
68270,0.0,0.0,0.0
68280,0.0,0.0,0.0
68290,0.0,0.0,0.0
68300,0.0,0.0,0.0
68310,0.0,0.0,0.0
68320,0.0,0.0,0.0
68330,0.0,0.0,0.0
68340,0.0,0.0,0.0
68350,0.0,0.0,0.0
68360,0.0,0.0,0.0
68370,0.0,0.0,0.0
68380,0.0,0.0,0.0
68390,0.0,0.0,0.0
