sim_time,reservation_time_trigger,user_requests
21600,0.0,0.0
21610,0.0,0.0
21620,0.0,0.0
21630,0.0,0.0
21640,0.0,0.0
21650,0.0,0.0
21660,0.0,0.0
21670,0.0,0.0
21680,0.0,0.0
21690,0.0,0.0
21700,0.0,0.0
21710,0.0,0.0
21720,0.0,0.0
21730,0.0,0.0
21740,0.0,0.0
21750,0.0,0.0
21760,0.0,0.0
21770,0.0,0.0
21780,0.0,0.0
21790,0.0,0.69938
21800,0.0,0.0
21810,0.0,0.0
21820,0.0,0.0
21830,0.0,0.0
21840,0.0,0.0
21850,0.0,0.0
21860,0.0,0.0
21870,0.0,0.0
21880,0.0,0.0
21890,0.0,0.0
21900,0.0,0.0
21910,0.0,0.0
21920,0.0,0.0
21930,0.0,0.0
21940,0.0,0.0
21950,0.0,0.0
21960,0.0,0.0
21970,0.0,0.0
21980,0.0,0.0
21990,0.0,0.0
22000,0.0,0.0
22010,0.0,0.0
22020,0.0,0.0
22030,0.0,0.18411
22040,0.0,0.0
22050,0.0,0.0
22060,0.0,0.0
22070,0.0,0.0
22080,0.0,0.38665
22090,0.0,0.0
22100,0.0,0.0
22110,0.0,0.0
22120,0.0,0.0
22130,0.0,0.0
22140,0.0,0.0
22150,0.0,0.0
22160,0.0,0.0
22170,0.0,0.0
22180,0.0,0.0
22190,0.0,0.0
22200,0.0,0.0
22210,0.0,0.0
22220,0.0,0.0
22230,0.0,0.0
22240,0.0,0.0
22250,0.0,0.0
22260,0.0,0.0
22270,0.0,0.0
22280,0.0,0.0
22290,0.0,0.0
22300,0.0,0.0
22310,0.0,0.0
22320,0.0,0.0
22330,0.0,0.0
22340,0.0,0.0
22350,0.0,0.0
22360,0.0,0.0
22370,0.0,0.0
22380,0.0,0.0
22390,0.0,0.39508
22400,0.0,0.0
22410,0.0,0.0
22420,0.0,0.0
22430,0.0,0.0
22440,0.0,0.0
22450,0.0,0.0
22460,0.0,0.0
22470,0.0,0.0
22480,0.0,0.51969
22490,0.0,0.0
22500,0.0,0.0
22510,0.0,0.0
22520,0.0,0.0
22530,0.0,0.0
22540,0.0,0.0
22550,0.0,0.0
22560,0.0,0.0
22570,0.0,0.0
22580,0.0,0.0
22590,0.0,0.0
22600,0.0,0.0
22610,0.0,0.0
22620,0.0,0.0
22630,0.0,0.0
22640,0.0,0.44247
22650,0.0,0.0
22660,0.0,0.0
22670,0.0,0.0
22680,0.0,0.0
22690,0.0,0.0
22700,0.0,0.0
22710,0.0,0.0
22720,0.0,0.0
22730,0.0,0.0
22740,0.0,0.0
22750,0.0,0.0
22760,0.0,0.0
22770,0.0,0.0
22780,0.0,0.0
22790,0.0,0.0
22800,0.0,0.0
22810,0.0,0.0
22820,0.0,0.0
22830,0.0,0.0
22840,0.0,0.0
22850,0.0,0.0
22860,0.0,0.0
22870,0.0,0.0
22880,0.0,0.0
22890,0.0,0.0
22900,0.0,0.0
22910,0.0,0.0
22920,0.0,0.0
22930,0.0,0.0
22940,0.0,0.0
22950,0.0,0.0
22960,0.0,0.0
22970,0.0,0.0
22980,0.0,0.0
22990,0.0,0.0
23000,0.0,0.0
23010,0.0,0.0
23020,0.0,0.0
23030,0.0,0.0
23040,0.0,0.0
23050,0.0,0.0
23060,0.0,0.0
23070,0.0,0.0
23080,0.0,0.0
23090,0.0,0.0
23100,0.0,0.0
23110,0.0,0.0
23120,0.0,0.0
23130,0.0,0.0
23140,0.0,0.0
23150,0.0,0.0
23160,0.0,0.0
23170,0.0,0.0
23180,0.0,0.0
23190,0.0,0.0
23200,0.0,0.0
23210,0.0,0.0
23220,0.0,0.0
23230,0.0,0.0
23240,0.0,0.0
23250,0.0,0.0
23260,0.0,0.0
23270,0.0,0.0
23280,0.0,0.0
23290,0.0,0.0
23300,0.0,0.0
23310,0.0,0.0
23320,0.0,0.0
23330,0.0,0.0
23340,0.0,0.0
23350,0.0,0.0
23360,0.0,0.0
23370,0.0,1.01113
23380,0.0,0.0
23390,0.0,0.0
23400,0.0,0.0
23410,0.0,0.0
23420,0.0,0.0
23430,0.0,0.30206
23440,0.0,0.0
23450,0.0,0.0
23460,0.0,0.0
23470,0.0,0.0
23480,0.0,0.0
23490,0.0,0.0
23500,0.0,0.0
23510,0.0,0.0
23520,0.0,0.0
23530,0.0,0.0
23540,0.0,0.0
23550,0.0,0.0
23560,0.0,0.0
23570,0.0,0.0
23580,0.0,0.0
23590,0.0,0.0
23600,0.0,0.0
23610,0.0,0.0
23620,0.0,0.0
23630,0.0,0.0
23640,0.0,0.0
23650,0.0,0.0
23660,0.0,0.0
23670,0.0,0.0
23680,0.0,0.0
23690,0.0,0.0
23700,0.0,0.0
23710,0.0,0.0
23720,0.0,0.0
23730,0.0,0.0
23740,0.0,0.0
23750,0.0,0.0
23760,0.0,0.0
23770,0.0,0.0
23780,0.0,0.0
23790,0.0,0.0
23800,0.0,0.0
23810,0.0,0.11366
23820,0.0,0.0
23830,0.0,0.0
23840,0.0,0.0
23850,0.0,0.0
23860,0.0,0.0
23870,0.0,0.0
23880,0.0,0.0
23890,0.0,0.0
23900,0.0,0.0
23910,0.0,0.0
23920,0.0,0.0
23930,0.0,0.0
23940,0.0,0.0
23950,0.0,0.0
23960,0.0,0.0
23970,0.0,0.0
23980,0.0,0.0
23990,0.0,0.0
24000,0.0,0.0
24010,0.0,0.0
24020,0.0,0.0
24030,0.0,0.0
24040,0.0,0.0
24050,0.0,0.0
24060,0.0,0.0
24070,0.0,0.0
24080,0.0,0.0
24090,0.0,0.0
24100,0.0,0.13521
24110,0.0,0.0
24120,0.0,0.0
24130,0.0,0.0
24140,0.0,0.0
24150,0.0,0.0
24160,0.0,0.0
24170,0.0,0.0
24180,0.0,0.0
24190,0.0,0.0
24200,0.0,0.0
24210,0.0,0.0
24220,0.0,0.0
24230,0.0,0.0
24240,0.0,0.0
24250,0.0,0.0
24260,0.0,0.0
24270,0.0,0.0
24280,0.0,0.0
24290,0.0,0.0
24300,0.0,0.0
24310,0.0,0.0
24320,0.0,0.0
24330,0.0,0.0
24340,0.0,0.0
24350,0.0,0.0
24360,0.0,0.0
24370,0.0,0.0
24380,0.0,0.0
24390,0.0,0.0
24400,0.0,0.0
24410,0.0,0.0
24420,0.0,0.0
24430,0.0,0.0
24440,0.0,0.0
24450,0.0,0.0
24460,0.0,0.0
24470,0.0,0.0
24480,0.0,0.0
24490,0.0,0.0
24500,0.0,0.15596
24510,0.0,0.0
24520,0.0,0.0
24530,0.0,0.0
24540,0.0,0.0
24550,0.0,0.0
24560,0.0,0.0
24570,0.0,0.17409
24580,0.0,0.0
24590,0.0,0.17494
24600,0.0,0.0
24610,0.0,0.0
24620,0.0,0.0
24630,0.0,0.0
24640,0.0,0.0
24650,0.0,0.0
24660,0.0,0.0
24670,0.0,0.0
24680,0.0,0.0
24690,0.0,0.0
24700,0.0,0.0
24710,0.0,0.0
24720,0.0,0.0
24730,0.0,0.0
24740,0.0,0.0
24750,0.0,0.0
24760,0.0,0.0
24770,0.0,0.0
24780,0.0,0.0
24790,0.0,0.0
24800,0.0,0.0
24810,0.0,0.0
24820,0.0,0.0
24830,0.0,0.0
24840,0.0,0.0
24850,0.0,0.0
24860,0.0,0.0
24870,0.0,0.0
24880,0.0,0.0
24890,0.0,0.0
24900,0.0,0.0
24910,0.0,0.16112
24920,0.0,0.0
24930,0.0,0.0
24940,0.0,0.0
24950,0.0,0.0
24960,0.0,0.0
24970,0.0,0.0
24980,0.0,0.0
24990,0.0,0.0
25000,0.0,0.0
25010,0.0,0.0
25020,0.0,0.0
25030,0.0,0.0
25040,0.0,0.0
25050,0.0,0.0
25060,0.0,0.06211
25070,0.0,0.0
25080,0.0,0.24469
25090,0.0,0.0
25100,0.0,0.0
25110,0.0,0.0
25120,0.0,0.0
25130,0.0,0.0
25140,0.0,0.0
25150,0.0,0.0
25160,0.0,0.0
25170,0.0,0.0
25180,0.0,0.0
25190,0.0,0.0
25200,0.0,0.47861000000000004
25210,0.0,0.80546
25220,0.0,0.0
25230,0.0,0.0
25240,0.0,0.44165
25250,0.0,0.0
25260,0.0,0.0
25270,0.0,0.0
25280,0.0,0.6046699999999999
25290,0.0,0.0
25300,0.0,0.0
25310,0.0,0.52626
25320,0.0,1.3349
25330,0.0,0.0
25340,0.0,0.0
25350,0.0,0.0
25360,0.0,0.0
25370,0.0,0.0
25380,0.0,0.43259
25390,0.0,0.06304
25400,0.0,0.0
25410,0.0,0.0
25420,0.0,0.05607
25430,0.0,0.0
25440,0.0,0.0
25450,0.0,0.0
25460,0.0,0.0
25470,0.0,0.0
25480,0.0,0.0
25490,0.0,0.0
25500,0.0,0.0
25510,0.0,0.0
25520,0.0,0.0
25530,0.0,0.0
25540,0.0,0.0
25550,0.0,0.0
25560,0.0,0.66544
25570,0.0,0.0
25580,0.0,0.0
25590,0.0,0.0
25600,0.0,0.0
25610,0.0,0.0
25620,0.0,0.0
25630,0.0,0.0
25640,0.0,0.0
25650,0.0,0.0
25660,0.0,0.0
25670,0.0,0.0
25680,0.0,0.0
25690,0.0,0.0
25700,0.0,0.0
25710,0.0,0.0
25720,0.0,0.0
25730,0.0,0.0
25740,0.0,0.0
25750,0.0,0.0
25760,0.0,0.0
25770,0.0,0.0
25780,0.0,0.9012
25790,0.0,0.0
25800,0.0,0.0
25810,0.0,0.0
25820,0.0,0.0
25830,0.0,0.0
25840,0.0,0.0
25850,0.0,0.0
25860,0.0,0.0
25870,0.0,0.0
25880,0.0,0.0
25890,0.0,0.0
25900,0.0,0.0
25910,0.0,0.0
25920,0.0,0.0
25930,0.0,0.0
25940,0.0,0.0
25950,0.0,0.0
25960,0.0,0.0
25970,0.0,0.0
25980,0.0,0.0
25990,0.0,0.0
26000,0.0,0.0
26010,0.0,0.0
26020,0.0,0.0
26030,0.0,0.0
26040,0.0,0.0
26050,0.0,0.0
26060,0.0,0.0
26070,0.0,0.0
26080,0.0,2.1156800000000002
26090,0.0,0.25733
26100,0.0,0.0
26110,0.0,0.0
26120,0.0,0.50804
26130,0.0,0.0
26140,0.0,0.0
26150,0.0,0.0
26160,0.0,0.91676
26170,0.0,0.0
26180,0.0,0.0
26190,0.0,0.0
26200,0.0,0.0
26210,0.0,0.0
26220,0.0,0.0
26230,0.0,0.16135
26240,0.0,0.47937
26250,0.0,0.0
26260,0.0,0.0
26270,0.0,0.0
26280,0.0,0.3938
26290,0.0,1.41876
26300,0.0,0.0
26310,0.0,0.0
26320,0.0,0.0
26330,0.0,0.12071
26340,0.0,0.0
26350,0.0,0.0
26360,0.0,0.0
26370,0.0,0.0
26380,0.0,0.0
26390,0.0,0.19738
26400,0.0,0.0
26410,0.0,0.0
26420,0.0,0.0
26430,0.0,0.0
26440,0.0,0.0
26450,0.0,0.0
26460,0.0,1.20595
26470,0.0,0.0
26480,0.0,0.12355
26490,0.0,0.0
26500,0.0,0.0
26510,0.0,0.0
26520,0.0,0.0
26530,0.0,0.0
26540,0.0,0.0
26550,0.0,0.0
26560,0.0,0.0
26570,0.0,0.0
26580,0.0,0.0
26590,0.0,0.0
26600,0.0,0.0
26610,0.0,0.23546
26620,0.0,0.0
26630,0.0,0.0
26640,0.0,0.0
26650,0.0,0.0
26660,0.0,0.0
26670,0.0,1.74029
26680,0.0,0.0
26690,0.0,0.0
26700,0.0,0.0
26710,0.0,0.45329
26720,0.0,0.65758
26730,0.0,1.56902
26740,0.0,1.33977
26750,0.0,0.0
26760,0.0,0.0
26770,0.0,0.0
26780,0.0,0.0
26790,0.0,0.0
26800,0.0,0.0
26810,0.0,0.0
26820,0.0,0.78429
26830,0.0,0.60093
26840,0.0,0.0
26850,0.0,0.0
26860,0.0,0.0
26870,0.0,0.0
26880,0.0,0.0
26890,0.0,0.0
26900,0.0,0.0
26910,0.0,0.0
26920,0.0,0.0
26930,0.0,0.97849
26940,0.0,0.0
26950,0.0,0.0
26960,0.0,0.0
26970,0.0,0.0
26980,0.0,0.0
26990,0.0,0.0
27000,0.0,0.0
27010,0.0,0.0
27020,0.0,0.0
27030,0.0,0.0
27040,0.0,0.0
27050,0.0,0.0
27060,0.0,0.0
27070,0.0,0.0
27080,0.0,0.0
27090,0.0,0.0
27100,0.0,0.0
27110,0.0,0.0
27120,0.0,0.0
27130,0.0,0.0
27140,0.0,0.0
27150,0.0,0.0
27160,0.0,0.0
27170,0.0,0.0
27180,0.0,0.06504
27190,0.0,0.0
27200,0.0,0.0
27210,0.0,0.0
27220,0.0,0.0
27230,0.0,0.0
27240,0.0,0.0
27250,0.0,0.0
27260,0.0,0.0
27270,0.0,0.0
27280,0.0,0.0
27290,0.0,0.0
27300,0.0,0.0
27310,0.0,0.0
27320,0.0,0.0
27330,0.0,0.0
27340,0.0,0.05264
27350,0.0,0.0
27360,0.0,0.0
27370,0.0,0.05796
27380,0.0,0.0
27390,0.0,0.0
27400,0.0,0.12202
27410,0.0,0.0
27420,0.0,0.0
27430,0.0,0.0
27440,0.0,0.0
27450,0.0,0.0
27460,0.0,0.0
27470,0.0,0.0
27480,0.0,0.0
27490,0.0,0.04575
27500,0.0,0.0
27510,0.0,0.06327
27520,0.0,0.0
27530,0.0,0.0
27540,0.0,0.0
27550,0.0,0.0
27560,0.0,0.0
27570,0.0,0.0
27580,0.0,0.0
27590,0.0,0.0
27600,0.0,0.0
27610,0.0,0.0
27620,0.0,1.88907
27630,0.0,0.7514
27640,0.0,0.0
27650,0.0,0.0
27660,0.0,0.0
27670,0.0,0.00056
27680,0.0,0.0
27690,0.0,0.0
27700,0.0,0.0
27710,0.0,0.6074
27720,0.0,0.0
27730,0.0,0.0
27740,0.0,0.0
27750,0.0,0.0
27760,0.0,0.0
27770,0.0,0.0
27780,0.0,0.0
27790,0.0,0.0
27800,0.0,0.0
27810,0.0,0.0
27820,0.0,0.0
27830,0.0,0.0
27840,0.0,0.46863
27850,0.0,0.0
27860,0.0,0.0
27870,0.0,0.0
27880,0.0,0.0
27890,0.0,0.0
27900,0.0,1.35345
27910,0.0,0.0
27920,0.0,2.66058
27930,0.0,0.0
27940,0.0,0.0
27950,0.0,0.0
27960,0.0,0.0
27970,0.0,0.0
27980,0.0,0.0
27990,0.0,0.0
28000,0.0,0.98927
28010,0.0,0.0
28020,0.0,0.0
28030,0.0,0.0
28040,0.0,0.69807
28050,0.0,0.0
28060,0.0,0.0
28070,0.0,1.64599
28080,0.0,0.0
28090,0.0,0.0
28100,0.0,0.0
28110,0.0,0.0
28120,0.0,0.0
28130,0.0,0.0
28140,0.0,0.0
28150,0.0,0.0
28160,0.0,0.0
28170,0.0,0.91619
28180,0.0,0.0
28190,0.0,2.02293
28200,0.0,2.42012
28210,0.0,1.47729
28220,0.0,0.0
28230,0.0,0.0
28240,0.0,0.0
28250,0.0,0.0
28260,0.0,0.0
28270,0.0,0.0
28280,0.0,0.0
28290,0.0,1.62888
28300,0.0,0.0
28310,0.0,0.0
28320,0.0,0.0
28330,0.0,0.0
28340,0.0,2.66728
28350,0.0,0.0
28360,0.0,0.0
28370,0.0,0.0
28380,0.0,0.0
28390,0.0,0.0
28400,0.0,0.0
28410,0.0,0.0
28420,0.0,0.0
28430,0.0,0.0
28440,0.0,0.0
28450,0.0,0.0
28460,0.0,1.30059
28470,0.0,0.0
28480,0.0,0.0
28490,0.0,0.0
28500,0.0,0.0
28510,0.0,0.0
28520,0.0,0.0
28530,0.0,0.0
28540,0.0,0.0
28550,0.0,5.94382
28560,0.0,0.0
28570,0.0,0.0
28580,0.0,0.0
28590,0.0,0.0
28600,0.0,0.81287
28610,0.0,0.0
28620,0.0,0.0
28630,0.0,0.0
28640,0.0,0.0
28650,0.0,0.0
28660,0.0,0.0
28670,0.0,0.0
28680,0.0,0.0
28690,0.0,0.0
28700,0.0,0.0
28710,0.0,0.0
28720,0.0,0.0
28730,0.0,0.0
28740,0.0,0.0
28750,0.0,0.0
28760,0.0,0.0
28770,0.0,0.0
28780,0.0,0.0
28790,0.0,0.0
28800,0.0,0.0
28810,0.0,0.0
28820,0.0,1.1495600000000001
28830,0.0,0.32101
28840,0.0,0.0
28850,0.0,0.0
28860,0.0,0.0
28870,0.0,0.0
28880,0.0,0.2798
28890,0.0,0.05557
28900,0.0,0.0
28910,0.0,0.0
28920,0.0,0.38781
28930,0.0,0.0
28940,0.0,0.06277
28950,0.0,0.07773
28960,0.0,0.0
28970,0.0,0.39075
28980,0.0,0.0
28990,0.0,0.0
29000,0.0,0.0
29010,0.0,0.0
29020,0.0,0.0
29030,0.0,0.48509
29040,0.0,0.0
29050,0.0,0.0
29060,0.0,0.18151
29070,0.0,0.08355
29080,0.0,0.0
29090,0.0,0.0
29100,0.0,0.0
29110,0.0,0.0
29120,0.0,0.35801
29130,0.0,0.31129
29140,0.0,0.15055
29150,0.0,0.17817
29160,0.0,0.0
29170,0.0,0.0
29180,0.0,0.0
29190,0.0,0.0
29200,0.0,0.0
29210,0.0,0.0
29220,0.0,0.0
29230,0.0,0.0
29240,0.0,0.0
29250,0.0,0.0
29260,0.0,0.0
29270,0.0,0.0
29280,0.0,0.0
29290,0.0,0.0
29300,0.0,0.0
29310,0.0,0.0
29320,0.0,0.0
29330,0.0,0.0
29340,0.0,0.0
29350,0.0,0.0
29360,0.0,0.0
29370,0.0,0.0
29380,0.0,0.0
29390,0.0,0.0
29400,0.0,0.25554
29410,0.0,0.0
29420,0.0,0.22124
29430,0.0,0.56029
29440,0.0,0.15587
29450,0.0,0.0
29460,0.0,0.0
29470,0.0,0.0
29480,0.0,0.0
29490,0.0,0.0
29500,0.0,0.0
29510,0.0,0.08218
29520,0.0,0.0
29530,0.0,1.26623
29540,0.0,0.0
29550,0.0,0.0
29560,0.0,0.0
29570,0.0,0.0
29580,0.0,0.0
29590,0.0,0.0
29600,0.0,0.0
29610,0.0,0.0
29620,0.0,0.0
29630,0.0,0.0
29640,0.0,0.2942
29650,0.0,0.0
29660,0.0,0.07131
29670,0.0,0.0
29680,0.0,0.0
29690,0.0,0.0
29700,0.0,1.08378
29710,0.0,0.0
29720,0.0,0.0
29730,0.0,0.26753
29740,0.0,0.0
29750,0.0,0.0
29760,0.0,0.0
29770,0.0,0.07674
29780,0.0,0.0
29790,0.0,0.0
29800,0.0,0.0
29810,0.0,0.0
29820,0.0,0.0
29830,0.0,0.0
29840,0.0,0.0
29850,0.0,0.0
29860,0.0,0.0
29870,0.0,0.0
29880,0.0,0.0
29890,0.0,0.0
29900,0.0,0.0
29910,0.0,0.08959
29920,0.0,0.0
29930,0.0,0.81145
29940,0.0,0.23829
29950,0.0,0.0
29960,0.0,0.0
29970,0.0,0.0
29980,0.0,0.0
29990,0.0,0.0
30000,0.0,0.0
30010,0.0,0.0
30020,0.0,0.0
30030,0.0,0.0
30040,0.0,0.49811
30050,0.0,0.0
30060,0.0,0.0
30070,0.0,0.0
30080,0.0,0.0
30090,0.0,0.0
30100,0.0,0.0
30110,0.0,0.0
30120,0.0,0.0
30130,0.0,0.0
30140,0.0,0.0
30150,0.0,0.0
30160,0.0,0.0
30170,0.0,0.0
30180,0.0,0.0
30190,0.0,0.0
30200,0.0,0.0
30210,0.0,0.0
30220,0.0,0.0
30230,0.0,0.0
30240,0.0,0.32334
30250,0.0,0.0
30260,0.0,0.0
30270,0.0,0.20527
30280,0.0,0.0
30290,0.0,0.20595
30300,0.0,0.0
30310,0.0,0.0
30320,0.0,0.0
30330,0.0,0.0
30340,0.0,0.0
30350,0.0,0.33525
30360,0.0,0.0442
30370,0.0,0.47977
30380,0.0,0.0
30390,0.0,0.0
30400,0.0,0.0
30410,0.0,0.19174
30420,0.0,0.0
30430,0.0,0.30953
30440,0.0,0.0
30450,0.0,0.0
30460,0.0,0.0
30470,0.0,0.26081
30480,0.0,0.23854
30490,0.0,0.281
30500,0.0,0.5291
30510,0.0,0.0
30520,0.0,0.0
30530,0.0,0.0
30540,0.0,0.0
30550,0.0,0.29456
30560,0.0,0.0
30570,0.0,0.19303
30580,0.0,0.0
30590,0.0,0.17542
30600,0.0,0.0
30610,0.0,0.0
30620,0.0,0.0
30630,0.0,0.0
30640,0.0,0.44372
30650,0.0,0.0
30660,0.0,0.0
30670,0.0,0.0
30680,0.0,0.32373
30690,0.0,0.0
30700,0.0,0.0
30710,0.0,0.0
30720,0.0,0.0
30730,0.0,0.0
30740,0.0,0.29924
30750,0.0,0.0
30760,0.0,0.0
30770,0.0,0.0
30780,0.0,0.0
30790,0.0,0.0
30800,0.0,0.28832
30810,0.0,0.0
30820,0.0,0.24239
30830,0.0,0.0
30840,0.0,0.24595
30850,0.0,0.0
30860,0.0,0.0
30870,0.0,0.0
30880,0.0,0.1271
30890,0.0,0.0
30900,0.0,0.0
30910,0.0,0.0
30920,0.0,0.0
30930,0.0,0.0
30940,0.0,0.0
30950,0.0,0.0
30960,0.0,0.0
30970,0.0,0.0
30980,0.0,0.0
30990,0.0,0.0
31000,0.0,0.0
31010,0.0,0.0
31020,0.0,0.0
31030,0.0,0.29969
31040,0.0,0.0
31050,0.0,0.0
31060,0.0,0.0
31070,0.0,0.37972
31080,0.0,0.3048
31090,0.0,0.0
31100,0.0,0.0
31110,0.0,0.0
31120,0.0,0.0
31130,0.0,0.0
31140,0.0,0.0
31150,0.0,0.25409
31160,0.0,0.13867
31170,0.0,0.0
31180,0.0,0.20447
31190,0.0,0.0
31200,0.0,0.2046
31210,0.0,0.0
31220,0.0,0.0
31230,0.0,0.0
31240,0.0,0.0
31250,0.0,0.0
31260,0.0,0.0
31270,0.0,0.7194
31280,0.0,0.0
31290,0.0,0.0
31300,0.0,0.0
31310,0.0,0.1543
31320,0.0,0.0
31330,0.0,0.0
31340,0.0,0.0
31350,0.0,0.0
31360,0.0,0.0
31370,0.0,0.0
31380,0.0,0.0
31390,0.0,0.0
31400,0.0,0.13251
31410,0.0,0.0
31420,0.0,0.0
31430,0.0,0.0
31440,0.0,0.0
31450,0.0,0.0
31460,0.0,0.0
31470,0.0,0.0
31480,0.0,0.0
31490,0.0,0.5057
31500,0.0,0.0
31510,0.0,0.0
31520,0.0,0.0
31530,0.0,0.0
31540,0.0,0.0
31550,0.0,0.0
31560,0.0,0.0
31570,0.0,0.0
31580,0.0,0.0
31590,0.0,0.10852
31600,0.0,0.05847
31610,0.0,0.33598
31620,0.0,0.0
31630,0.0,0.0
31640,0.0,0.20854
31650,0.0,0.37565
31660,0.0,0.0
31670,0.0,0.0
31680,0.0,0.0
31690,0.0,0.0
31700,0.0,0.0
31710,0.0,0.0
31720,0.0,0.0
31730,0.0,0.24124
31740,0.0,0.1025
31750,0.0,0.32514
31760,0.0,0.0
31770,0.0,0.0
31780,0.0,0.0
31790,0.0,0.0
31800,0.0,0.29262
31810,0.0,0.0
31820,0.0,0.0
31830,0.0,0.22977
31840,0.0,0.0
31850,0.0,0.0
31860,0.0,0.0
31870,0.0,0.0
31880,0.0,0.0
31890,0.0,0.13746
31900,0.0,0.62744
31910,0.0,0.0
31920,0.0,0.07491
31930,0.0,0.0
31940,0.0,0.0
31950,0.0,0.19352
31960,0.0,0.0
31970,0.0,0.0
31980,0.0,0.0
31990,0.0,0.0
32000,0.0,0.0
32010,0.0,0.0
32020,0.0,0.0
32030,0.0,0.15467
32040,0.0,0.82582
32050,0.0,0.0
32060,0.0,0.58941
32070,0.0,0.0
32080,0.0,0.0
32090,0.0,0.0
32100,0.0,0.0
32110,0.0,0.0
32120,0.0,0.0
32130,0.0,0.16787
32140,0.0,0.0
32150,0.0,0.59141
32160,0.0,1.2147999999999999
32170,0.0,0.22714
32180,0.0,0.14281
32190,0.0,0.0
32200,0.0,0.0
32210,0.0,0.0
32220,0.0,0.0
32230,0.0,0.0
32240,0.0,0.57439
32250,0.0,0.0
32260,0.0,0.0
32270,0.0,0.24388
32280,0.0,0.0
32290,0.0,0.0
32300,0.0,0.0
32310,0.0,0.35269
32320,0.0,0.0
32330,0.0,0.0
32340,0.0,0.0
32350,0.0,0.0
32360,0.0,0.0
32370,0.0,0.0
32380,0.0,0.0
32390,0.0,0.0
32400,0.0,0.0645
32410,0.0,0.0
32420,0.0,0.0
32430,0.0,0.0
32440,0.0,0.0
32450,0.0,0.0
32460,0.0,0.0
32470,0.0,0.19535
32480,0.0,0.1045
32490,0.0,0.0
32500,0.0,0.0
32510,0.0,0.0
32520,0.0,0.22516
32530,0.0,0.0
32540,0.0,0.0
32550,0.0,0.0
32560,0.0,0.10254
32570,0.0,0.0
32580,0.0,0.0
32590,0.0,0.0
32600,0.0,0.0
32610,0.0,0.0
32620,0.0,0.0
32630,0.0,0.0
32640,0.0,0.0
32650,0.0,0.0
32660,0.0,0.11748
32670,0.0,0.0
32680,0.0,0.12991
32690,0.0,0.0
32700,0.0,0.0
32710,0.0,0.39608
32720,0.0,0.0
32730,0.0,0.0
32740,0.0,0.0
32750,0.0,0.0
32760,0.0,0.0
32770,0.0,0.0
32780,0.0,0.0
32790,0.0,0.0
32800,0.0,0.5358499999999999
32810,0.0,0.0
32820,0.0,0.0
32830,0.0,0.0
32840,0.0,0.0
32850,0.0,0.0
32860,0.0,0.0
32870,0.0,0.11841
32880,0.0,0.0
32890,0.0,0.10667
32900,0.0,0.31976
32910,0.0,0.0
32920,0.0,0.0
32930,0.0,0.40712
32940,0.0,0.0
32950,0.0,0.0
32960,0.0,0.0
32970,0.0,0.15874
32980,0.0,0.0
32990,0.0,0.0
33000,0.0,0.0
33010,0.0,0.0
33020,0.0,0.0
33030,0.0,0.0
33040,0.0,0.0
33050,0.0,0.50133
33060,0.0,0.0
33070,0.0,0.33848
33080,0.0,0.0
33090,0.0,0.0
33100,0.0,0.0
33110,0.0,0.0
33120,0.0,0.0
33130,0.0,0.0
33140,0.0,0.0
33150,0.0,0.0
33160,0.0,0.0
33170,0.0,0.26676
33180,0.0,0.0
33190,0.0,0.0
33200,0.0,0.0
33210,0.0,0.0
33220,0.0,0.0
33230,0.0,0.0
33240,0.0,0.27847
33250,0.0,0.0
33260,0.0,0.0
33270,0.0,0.0
33280,0.0,0.0
33290,0.0,0.0
33300,0.0,0.0
33310,0.0,0.0
33320,0.0,0.0
33330,0.0,0.0
33340,0.0,0.0
33350,0.0,0.0
33360,0.0,0.0
33370,0.0,0.0
33380,0.0,0.0
33390,0.0,0.0
33400,0.0,0.0
33410,0.0,0.0
33420,0.0,0.0
33430,0.0,0.1765
33440,0.0,0.28054
33450,0.0,0.0
33460,0.0,0.11757
33470,0.0,0.0
33480,0.0,0.4592
33490,0.0,0.0
33500,0.0,0.0
33510,0.0,0.0
33520,0.0,0.0
33530,0.0,0.0
33540,0.0,0.0
33550,0.0,0.0
33560,0.0,0.04078
33570,0.0,0.0
33580,0.0,0.36532
33590,0.0,0.0
33600,0.0,0.0
33610,0.0,0.0
33620,0.0,0.0
33630,0.0,0.0
33640,0.0,0.0
33650,0.0,0.0
33660,0.0,0.0
33670,0.0,0.0
33680,0.0,0.0
33690,0.0,0.0
33700,0.0,0.0
33710,0.0,0.0
33720,0.0,0.0
33730,0.0,0.0
33740,0.0,0.0
33750,0.0,5.81461
33760,0.0,0.0
33770,0.0,0.0
33780,0.0,0.24634
33790,0.0,0.11266
33800,0.0,0.0
33810,0.0,0.0
33820,0.0,0.0
33830,0.0,0.0
33840,0.0,0.0
33850,0.0,0.0
33860,0.0,0.35714
33870,0.0,0.0
33880,0.0,0.0
33890,0.0,0.0
33900,0.0,0.0
33910,0.0,0.0
33920,0.0,0.0
33930,0.0,0.11389
33940,0.0,0.0
33950,0.0,0.33100999999999997
33960,0.0,0.41639
33970,0.0,0.0
33980,0.0,0.0
33990,0.0,0.0
34000,0.0,0.20309
34010,0.0,0.0
34020,0.0,0.0
34030,0.0,0.46631
34040,0.0,0.0
34050,0.0,0.23585
34060,0.0,0.0
34070,0.0,0.0
34080,0.0,0.0
34090,0.0,0.0
34100,0.0,0.0
34110,0.0,0.0
34120,0.0,0.05363
34130,0.0,0.0
34140,0.0,0.0
34150,0.0,0.0
34160,0.0,0.0
34170,0.0,0.19685
34180,0.0,0.0
34190,0.0,0.0
34200,0.0,0.0
34210,0.0,0.0
34220,0.0,0.3398
34230,0.0,0.0
34240,0.0,0.46151
34250,0.0,0.0
34260,0.0,0.0
34270,0.0,0.0
34280,0.0,0.0
34290,0.0,0.0
34300,0.0,0.28323
34310,0.0,0.0
34320,0.0,0.0
34330,0.0,0.0
34340,0.0,0.0
34350,0.0,0.24639
34360,0.0,0.0
34370,0.0,0.0
34380,0.0,0.0
34390,0.0,0.04743
34400,0.0,0.0
34410,0.0,0.0
34420,0.0,0.0
34430,0.0,0.0
34440,0.0,0.0
34450,0.0,0.0
34460,0.0,0.0
34470,0.0,0.0
34480,0.0,0.48555
34490,0.0,0.22043
34500,0.0,0.0
34510,0.0,0.0
34520,0.0,0.0
34530,0.0,0.0
34540,0.0,0.0
34550,0.0,0.0
34560,0.0,0.0
34570,0.0,0.0
34580,0.0,0.0
34590,0.0,0.0
34600,0.0,0.0
34610,0.0,0.0
34620,0.0,0.0
34630,0.0,0.0
34640,0.0,0.0
34650,0.0,0.0
34660,0.0,0.0
34670,0.0,0.0
34680,0.0,0.0
34690,0.0,0.0
34700,0.0,0.0
34710,0.0,0.08106
34720,0.0,0.0
34730,0.0,0.0
34740,0.0,0.45119
34750,0.0,0.0
34760,0.0,0.51626
34770,0.0,0.33905
34780,0.0,0.0
34790,0.0,0.0
34800,0.0,0.0
34810,0.0,0.0
34820,0.0,0.0
34830,0.0,0.0
34840,0.0,0.20619
34850,0.0,0.0
34860,0.0,0.19105
34870,0.0,0.0
34880,0.0,0.0
34890,0.0,0.0
34900,0.0,0.0
34910,0.0,0.0
34920,0.0,0.05447
34930,0.0,0.0
34940,0.0,0.0
34950,0.0,0.0
34960,0.0,0.0
34970,0.0,0.0
34980,0.0,0.0
34990,0.0,0.0
35000,0.0,0.0
35010,0.0,0.0
35020,0.0,0.0
35030,0.0,0.0
35040,0.0,0.0
35050,0.0,0.0
35060,0.0,0.0
35070,0.0,0.0
35080,0.0,0.0
35090,0.0,0.0
35100,0.0,0.0
35110,0.0,0.06105
35120,0.0,0.0
35130,0.0,0.0
35140,0.0,0.0
35150,0.0,0.07879
35160,0.0,0.0
35170,0.0,0.0
35180,0.0,0.0
35190,0.0,0.05607
35200,0.0,0.0
35210,0.0,0.0
35220,0.0,0.0
35230,0.0,0.23686
35240,0.0,0.0
35250,0.0,0.0
35260,0.0,0.0
35270,0.0,0.0
35280,0.0,0.0
35290,0.0,0.0
35300,0.0,0.27638
35310,0.0,0.0
35320,0.0,0.0
35330,0.0,0.0
35340,0.0,0.0
35350,0.0,0.0
35360,0.0,0.0
35370,0.0,0.0
35380,0.0,0.0
35390,0.0,0.0
35400,0.0,0.0
35410,0.0,0.42694
35420,0.0,0.0
35430,0.0,0.0
35440,0.0,0.38383
35450,0.0,0.0
35460,0.0,0.0
35470,0.0,0.0
35480,0.0,0.0
35490,0.0,0.0
35500,0.0,0.0
35510,0.0,0.0
35520,0.0,0.0
35530,0.0,0.0
35540,0.0,0.0
35550,0.0,0.0
35560,0.0,0.0
35570,0.0,0.02974
35580,0.0,0.0
35590,0.0,0.0
35600,0.0,0.0
35610,0.0,0.0
35620,0.0,0.0
35630,0.0,0.0
35640,0.0,0.0
35650,0.0,0.0
35660,0.0,0.0
35670,0.0,0.0
35680,0.0,0.0
35690,0.0,0.0
35700,0.0,0.0
35710,0.0,0.0
35720,0.0,0.0
35730,0.0,0.3216
35740,0.0,0.0
35750,0.0,0.34807
35760,0.0,0.0
35770,0.0,0.0
35780,0.0,0.0
35790,0.0,0.0
35800,0.0,0.0
35810,0.0,0.0
35820,0.0,0.04235
35830,0.0,0.0
35840,0.0,0.0
35850,0.0,0.0
35860,0.0,0.0
35870,0.0,0.0
35880,0.0,0.0
35890,0.0,0.0
35900,0.0,0.50908
35910,0.0,0.0
35920,0.0,0.0
35930,0.0,0.0
35940,0.0,0.0
35950,0.0,0.14068
35960,0.0,0.0
35970,0.0,0.0
35980,0.0,0.0
35990,0.0,0.0
36000,0.0,0.0
36010,0.0,0.0
36020,0.0,0.0
36030,0.0,0.0
36040,0.0,0.19168
36050,0.0,0.0
36060,0.0,0.0
36070,0.0,0.0
36080,0.0,0.71526
36090,0.0,0.0
36100,0.0,0.0
36110,0.0,0.0
36120,0.0,0.0
36130,0.0,0.0
36140,0.0,0.0
36150,0.0,0.0
36160,0.0,0.0
36170,0.0,0.41803
36180,0.0,0.0
36190,0.0,0.0
36200,0.0,0.0
36210,0.0,0.0
36220,0.0,0.0
36230,0.0,0.0
36240,0.0,0.49195
36250,0.0,0.0
36260,0.0,0.0
36270,0.0,0.0
36280,0.0,0.0
36290,0.0,0.0
36300,0.0,0.0
36310,0.0,0.0
36320,0.0,0.0
36330,0.0,0.0
36340,0.0,0.0
36350,0.0,0.0
36360,0.0,0.0
36370,0.0,0.0
36380,0.0,0.0
36390,0.0,0.0
36400,0.0,0.0
36410,0.0,0.0
36420,0.0,0.0
36430,0.0,0.0
36440,0.0,0.0
36450,0.0,0.0
36460,0.0,0.0
36470,0.0,0.30829
36480,0.0,0.08034
36490,0.0,0.0
36500,0.0,0.0
36510,0.0,0.0
36520,0.0,0.0
36530,0.0,0.0
36540,0.0,0.0
36550,0.0,0.0
36560,0.0,0.2712
36570,0.0,0.0
36580,0.0,0.0
36590,0.0,0.0
36600,0.0,0.0
36610,0.0,0.0
36620,0.0,0.0
36630,0.0,0.0
36640,0.0,0.0
36650,0.0,0.6007
36660,0.0,0.0
36670,0.0,0.0
36680,0.0,0.0
36690,0.0,0.0
36700,0.0,0.0
36710,0.0,0.0
36720,0.0,0.0
36730,0.0,0.0
36740,0.0,0.0
36750,0.0,0.0
36760,0.0,0.0
36770,0.0,0.0
36780,0.0,0.0
36790,0.0,0.22074
36800,0.0,0.0
36810,0.0,0.0
36820,0.0,0.0
36830,0.0,0.0
36840,0.0,0.0
36850,0.0,0.04698
36860,0.0,0.0
36870,0.0,0.0
36880,0.0,0.0
36890,0.0,0.07688
36900,0.0,0.0
36910,0.0,0.35992
36920,0.0,0.0
36930,0.0,0.0
36940,0.0,0.0
36950,0.0,0.0
36960,0.0,0.0
36970,0.0,0.45392
36980,0.0,0.0
36990,0.0,0.0
37000,0.0,0.0
37010,0.0,0.0
37020,0.0,0.0
37030,0.0,0.0
37040,0.0,0.3084
37050,0.0,0.0
37060,0.0,0.0
37070,0.0,0.0
37080,0.0,0.0
37090,0.0,0.0
37100,0.0,0.0
37110,0.0,0.2577
37120,0.0,0.0
37130,0.0,0.0
37140,0.0,0.0
37150,0.0,0.0
37160,0.0,0.22937
37170,0.0,0.0
37180,0.0,0.0
37190,0.0,0.0
37200,0.0,0.0
37210,0.0,0.0
37220,0.0,0.29051
37230,0.0,0.39294
37240,0.0,0.0
37250,0.0,0.0
37260,0.0,0.0
37270,0.0,0.0
37280,0.0,0.10716
37290,0.0,0.0
37300,0.0,0.0
37310,0.0,0.09607
37320,0.0,0.0
37330,0.0,0.0
37340,0.0,0.0
37350,0.0,0.0
37360,0.0,0.0
37370,0.0,0.0
37380,0.0,0.0
37390,0.0,0.0
37400,0.0,0.3279
37410,0.0,0.31193
37420,0.0,0.0
37430,0.0,0.0
37440,0.0,0.0
37450,0.0,0.0
37460,0.0,0.08448
37470,0.0,0.33971
37480,0.0,0.0
37490,0.0,0.0
37500,0.0,0.0
37510,0.0,0.0
37520,0.0,0.0
37530,0.0,0.0
37540,0.0,0.0
37550,0.0,0.29491
37560,0.0,0.0
37570,0.0,0.0
37580,0.0,0.0
37590,0.0,0.0
37600,0.0,0.0
37610,0.0,0.0
37620,0.0,0.0
37630,0.0,0.0
37640,0.0,0.0
37650,0.0,0.0
37660,0.0,0.0
37670,0.0,0.0
37680,0.0,0.0
37690,0.0,0.0
37700,0.0,0.0
37710,0.0,0.0
37720,0.0,0.0
37730,0.0,0.0
37740,0.0,0.0
37750,0.0,0.0
37760,0.0,0.0
37770,0.0,0.566
37780,0.0,0.0
37790,0.0,0.0
37800,0.0,0.11626
37810,0.0,0.0
37820,0.0,0.0
37830,0.0,4.25433
37840,0.0,0.0
37850,0.0,0.0
37860,0.0,0.0
37870,0.0,0.20947
37880,0.0,0.0
37890,0.0,0.0
37900,0.0,0.0
37910,0.0,0.0
37920,0.0,0.17336
37930,0.0,0.0
37940,0.0,0.0
37950,0.0,0.57779
37960,0.0,0.0
37970,0.0,0.0
37980,0.0,0.33672
37990,0.0,0.0
38000,0.0,0.26026
38010,0.0,0.0
38020,0.0,0.0
38030,0.0,0.0
38040,0.0,0.08269
38050,0.0,0.0
38060,0.0,0.0
38070,0.0,0.0
38080,0.0,0.0
38090,0.0,0.0
38100,0.0,0.0
38110,0.0,0.0
38120,0.0,0.0
38130,0.0,0.0
38140,0.0,0.28063
38150,0.0,0.0
38160,0.0,0.43173
38170,0.0,0.25937
38180,0.0,0.0
38190,0.0,0.0
38200,0.0,0.0
38210,0.0,0.0
38220,0.0,0.0
38230,0.0,0.0
38240,0.0,0.0
38250,0.0,0.0
38260,0.0,0.0
38270,0.0,0.37962
38280,0.0,0.0
38290,0.0,0.0
38300,0.0,0.0
38310,0.0,0.0
38320,0.0,0.0
38330,0.0,0.0
38340,0.0,0.0
38350,0.0,0.0
38360,0.0,0.0
38370,0.0,0.0
38380,0.0,0.0
38390,0.0,0.0
38400,0.0,0.25776
38410,0.0,0.0
38420,0.0,0.16755
38430,0.0,0.0
38440,0.0,0.17876
38450,0.0,0.41975
38460,0.0,0.0
38470,0.0,0.0
38480,0.0,0.0
38490,0.0,0.0
38500,0.0,0.0
38510,0.0,0.0
38520,0.0,0.0
38530,0.0,0.0
38540,0.0,0.0
38550,0.0,0.0
38560,0.0,0.38532
38570,0.0,0.0
38580,0.0,0.0
38590,0.0,0.0
38600,0.0,0.0
38610,0.0,0.25457
38620,0.0,0.0
38630,0.0,0.0
38640,0.0,0.0
38650,0.0,0.0
38660,0.0,0.0
38670,0.0,0.0
38680,0.0,0.0
38690,0.0,0.0
38700,0.0,0.0
38710,0.0,0.0
38720,0.0,0.40142
38730,0.0,0.11838
38740,0.0,0.0
38750,0.0,0.0
38760,0.0,0.0
38770,0.0,0.0
38780,0.0,0.0
38790,0.0,0.0
38800,0.0,0.0
38810,0.0,0.0
38820,0.0,0.0
38830,0.0,0.0
38840,0.0,0.0
38850,0.0,0.0
38860,0.0,0.0
38870,0.0,0.0
38880,0.0,0.0
38890,0.0,0.0
38900,0.0,0.0
38910,0.0,0.57896
38920,0.0,0.0
38930,0.0,0.0
38940,0.0,0.0
38950,0.0,0.0
38960,0.0,0.24514
38970,0.0,0.0
38980,0.0,0.0
38990,0.0,0.06394
39000,0.0,0.00052
39010,0.0,0.0
39020,0.0,0.0
39030,0.0,0.0
39040,0.0,0.0
39050,0.0,0.0
39060,0.0,0.33822
39070,0.0,0.23651
39080,0.0,0.38295
39090,0.0,0.0
39100,0.0,0.258
39110,0.0,0.0
39120,0.0,0.27031
39130,0.0,0.0
39140,0.0,0.0
39150,0.0,0.0
39160,0.0,0.0
39170,0.0,0.14831
39180,0.0,0.56568
39190,0.0,0.0
39200,0.0,0.0
39210,0.0,0.0
39220,0.0,0.0
39230,0.0,0.0
39240,0.0,0.0
39250,0.0,0.0
39260,0.0,0.56408
39270,0.0,0.0
39280,0.0,0.0
39290,0.0,0.0
39300,0.0,0.0
39310,0.0,0.0
39320,0.0,0.0
39330,0.0,0.0
39340,0.0,0.0
39350,0.0,0.0
39360,0.0,0.0
39370,0.0,0.0
39380,0.0,0.0
39390,0.0,0.0
39400,0.0,0.0
39410,0.0,0.0
39420,0.0,0.0
39430,0.0,0.0
39440,0.0,0.0
39450,0.0,0.0
39460,0.0,0.18904
39470,0.0,0.0
39480,0.0,0.13362
39490,0.0,0.0
39500,0.0,0.16016
39510,0.0,0.0
39520,0.0,0.0
39530,0.0,0.0
39540,0.0,0.09176
39550,0.0,0.0
39560,0.0,0.0
39570,0.0,0.15849
39580,0.0,0.0
39590,0.0,0.0
39600,0.0,0.0
39610,0.0,0.0
39620,0.0,0.0
39630,0.0,0.0
39640,0.0,0.24028
39650,0.0,0.0
39660,0.0,0.28035
39670,0.0,0.0
39680,0.0,0.0
39690,0.0,0.0
39700,0.0,0.0
39710,0.0,0.0
39720,0.0,0.17986
39730,0.0,0.0
39740,0.0,0.70242
39750,0.0,0.0
39760,0.0,0.0
39770,0.0,0.0
39780,0.0,0.0
39790,0.0,0.0
39800,0.0,0.0
39810,0.0,0.0
39820,0.0,0.0
39830,0.0,0.3026
39840,0.0,0.22597
39850,0.0,0.0
39860,0.0,0.0
39870,0.0,0.09192
39880,0.0,0.0
39890,0.0,0.0
39900,0.0,0.0
39910,0.0,0.0
39920,0.0,0.0
39930,0.0,0.0
39940,0.0,0.0
39950,0.0,0.0
39960,0.0,0.0
39970,0.0,0.0
39980,0.0,0.0
39990,0.0,0.25134
40000,0.0,0.70215
40010,0.0,0.0
40020,0.0,0.0
40030,0.0,0.0
40040,0.0,0.56874
40050,0.0,0.0
40060,0.0,0.0
40070,0.0,0.20415
40080,0.0,0.0
40090,0.0,0.0
40100,0.0,0.0
40110,0.0,0.0
40120,0.0,0.0
40130,0.0,0.0
40140,0.0,0.0
40150,0.0,0.2254
40160,0.0,0.0
40170,0.0,0.0
40180,0.0,0.31206
40190,0.0,0.0
40200,0.0,0.51031
40210,0.0,0.0
40220,0.0,0.0
40230,0.0,0.0
40240,0.0,0.0
40250,0.0,0.0
40260,0.0,0.0
40270,0.0,0.0
40280,0.0,0.37297
40290,0.0,0.0
40300,0.0,0.0
40310,0.0,0.0
40320,0.0,0.0
40330,0.0,0.0
40340,0.0,0.0
40350,0.0,0.0
40360,0.0,0.0
40370,0.0,0.0
40380,0.0,0.0
40390,0.0,0.0
40400,0.0,0.0
40410,0.0,0.0
40420,0.0,0.0
40430,0.0,0.23944
40440,0.0,0.0
40450,0.0,0.88737
40460,0.0,0.0
40470,0.0,0.0
40480,0.0,0.0
40490,0.0,0.0
40500,0.0,0.15421
40510,0.0,0.0
40520,0.0,0.0
40530,0.0,0.0
40540,0.0,0.0
40550,0.0,0.0
40560,0.0,0.5633
40570,0.0,0.0
40580,0.0,0.0
40590,0.0,0.0
40600,0.0,0.0
40610,0.0,0.0
40620,0.0,0.0
40630,0.0,0.0
40640,0.0,0.22711
40650,0.0,0.15648
40660,0.0,0.04291
40670,0.0,0.0
40680,0.0,0.18841
40690,0.0,0.0
40700,0.0,0.0
40710,0.0,0.0
40720,0.0,0.0
40730,0.0,0.0
40740,0.0,0.0
40750,0.0,0.0
40760,0.0,0.0
40770,0.0,0.0
40780,0.0,0.0
40790,0.0,0.10542
40800,0.0,0.0
40810,0.0,1.5434700000000001
40820,0.0,0.0
40830,0.0,0.0
40840,0.0,0.0
40850,0.0,0.66227
40860,0.0,0.0
40870,0.0,0.0
40880,0.0,0.0
40890,0.0,0.0
40900,0.0,0.0
40910,0.0,0.0
40920,0.0,0.37289
40930,0.0,0.0
40940,0.0,0.0
40950,0.0,0.0
40960,0.0,0.22164
40970,0.0,0.0
40980,0.0,3.05834
40990,0.0,0.0
41000,0.0,0.0
41010,0.0,0.0
41020,0.0,0.1659
41030,0.0,0.0
41040,0.0,0.0
41050,0.0,0.0
41060,0.0,0.0
41070,0.0,0.0
41080,0.0,0.27869
41090,0.0,0.0
41100,0.0,0.0
41110,0.0,0.02124
41120,0.0,0.0
41130,0.0,0.0
41140,0.0,0.0
41150,0.0,0.0
41160,0.0,0.0
41170,0.0,0.0
41180,0.0,0.45176
41190,0.0,0.0
41200,0.0,0.0
41210,0.0,0.0
41220,0.0,0.20852
41230,0.0,0.96637
41240,0.0,0.0
41250,0.0,0.0
41260,0.0,0.31431
41270,0.0,0.0
41280,0.0,0.0
41290,0.0,0.0
41300,0.0,0.0
41310,0.0,0.50763
41320,0.0,0.07822
41330,0.0,0.0
41340,0.0,0.0
41350,0.0,0.0
41360,0.0,0.20592
41370,0.0,0.0
41380,0.0,0.0
41390,0.0,0.0
41400,0.0,0.05755
41410,0.0,0.0
41420,0.0,0.0
41430,0.0,0.55393
41440,0.0,0.15211
41450,0.0,0.0
41460,0.0,0.0
41470,0.0,0.0
41480,0.0,0.0
41490,0.0,0.0
41500,0.0,0.0
41510,0.0,0.0
41520,0.0,0.0
41530,0.0,0.0
41540,0.0,0.0
41550,0.0,0.0
41560,0.0,0.0
41570,0.0,0.10086
41580,0.0,0.0
41590,0.0,0.0
41600,0.0,0.40445
41610,0.0,0.40076
41620,0.0,0.0
41630,0.0,0.0
41640,0.0,0.0
41650,0.0,0.34933
41660,0.0,0.0
41670,0.0,0.65754
41680,0.0,0.0
41690,0.0,0.0
41700,0.0,0.0
41710,0.0,0.0
41720,0.0,0.0
41730,0.0,0.0
41740,0.0,0.0
41750,0.0,0.20243
41760,0.0,0.0
41770,0.0,0.0
41780,0.0,0.0
41790,0.0,0.0
41800,0.0,0.0
41810,0.0,0.0
41820,0.0,0.0
41830,0.0,0.0
41840,0.0,0.0
41850,0.0,0.0
41860,0.0,0.20903
41870,0.0,0.0
41880,0.0,0.12441
41890,0.0,0.0
41900,0.0,0.0
41910,0.0,0.0
41920,0.0,0.0
41930,0.0,0.0
41940,0.0,0.26855
41950,0.0,0.0
41960,0.0,0.0
41970,0.0,0.52125
41980,0.0,0.0
41990,0.0,0.0
42000,0.0,0.26871
42010,0.0,0.0
42020,0.0,0.0
42030,0.0,0.0
42040,0.0,0.25142
42050,0.0,0.7369300000000001
42060,0.0,0.0
42070,0.0,0.0
42080,0.0,0.0
42090,0.0,0.0
42100,0.0,0.0
42110,0.0,0.0
42120,0.0,0.0
42130,0.0,0.1698
42140,0.0,0.0
42150,0.0,0.0
42160,0.0,0.0
42170,0.0,0.0
42180,0.0,0.0
42190,0.0,0.0
42200,0.0,0.0
42210,0.0,0.0
42220,0.0,0.21424
42230,0.0,0.0
42240,0.0,0.22764
42250,0.0,0.0
42260,0.0,0.0
42270,0.0,3.14674
42280,0.0,0.07044
42290,0.0,0.0
42300,0.0,0.0
42310,0.0,0.16529
42320,0.0,0.0
42330,0.0,0.0
42340,0.0,0.0
42350,0.0,0.23561
42360,0.0,0.64248
42370,0.0,0.0
42380,0.0,0.0
42390,0.0,0.0
42400,0.0,0.0
42410,0.0,0.0
42420,0.0,0.0
42430,0.0,0.0
42440,0.0,0.0
42450,0.0,0.0
42460,0.0,0.0
42470,0.0,0.0
42480,0.0,0.2566
42490,0.0,0.0
42500,0.0,0.0
42510,0.0,0.34934
42520,0.0,0.0
42530,0.0,0.0
42540,0.0,0.0
42550,0.0,0.0
42560,0.0,0.0
42570,0.0,0.14583
42580,0.0,0.38561
42590,0.0,0.0
42600,0.0,0.0
42610,0.0,0.0
42620,0.0,0.0
42630,0.0,0.0
42640,0.0,0.0
42650,0.0,0.00056
42660,0.0,0.0
42670,0.0,0.31311
42680,0.0,0.0
42690,0.0,0.0
42700,0.0,0.13573
42710,0.0,0.0
42720,0.0,0.0
42730,0.0,0.0
42740,0.0,0.0
42750,0.0,0.0
42760,0.0,0.0
42770,0.0,0.0
42780,0.0,0.0
42790,0.0,0.35439
42800,0.0,0.50075
42810,0.0,0.0
42820,0.0,0.0
42830,0.0,0.0
42840,0.0,0.57048
42850,0.0,0.0
42860,0.0,0.0
42870,0.0,0.0
42880,0.0,0.38583
42890,0.0,0.0
42900,0.0,0.0
42910,0.0,0.30284
42920,0.0,0.0
42930,0.0,0.0
42940,0.0,0.0
42950,0.0,0.0
42960,0.0,0.0
42970,0.0,0.47595
42980,0.0,0.15014
42990,0.0,0.46111
43000,0.0,0.0
43010,0.0,0.0
43020,0.0,0.0
43030,0.0,0.70232
43040,0.0,0.0
43050,0.0,0.60321
43060,0.0,0.0
43070,0.0,0.0
43080,0.0,0.0
43090,0.0,0.0
43100,0.0,0.0
43110,0.0,0.0
43120,0.0,0.18401
43130,0.0,0.25703
43140,0.0,0.0
43150,0.0,0.0
43160,0.0,0.0
43170,0.0,0.0
43180,0.0,0.0
43190,0.0,0.07375
43200,0.0,0.0
43210,0.0,0.0
43220,0.0,0.28102
43230,0.0,0.0
43240,0.0,0.0
43250,0.0,0.0
43260,0.0,0.0
43270,0.0,0.0
43280,0.0,0.0
43290,0.0,0.0
43300,0.0,0.0
43310,0.0,0.0
43320,0.0,0.7254499999999999
43330,0.0,0.606
43340,0.0,0.0
43350,0.0,0.0
43360,0.0,0.09006
43370,0.0,0.0
43380,0.0,0.0
43390,0.0,0.0
43400,0.0,0.0
43410,0.0,0.0
43420,0.0,0.10601
43430,0.0,0.0
43440,0.0,0.30431
43450,0.0,0.0
43460,0.0,0.0
43470,0.0,0.0
43480,0.0,0.0
43490,0.0,0.29011
43500,0.0,0.0
43510,0.0,0.0
43520,0.0,0.0
43530,0.0,0.0
43540,0.0,0.23641
43550,0.0,0.0
43560,0.0,0.0
43570,0.0,0.0
43580,0.0,0.0
43590,0.0,0.0
43600,0.0,0.70052
43610,0.0,0.0
43620,0.0,0.0
43630,0.0,0.14161
43640,0.0,0.0
43650,0.0,0.08467
43660,0.0,0.0
43670,0.0,0.0
43680,0.0,0.0
43690,0.0,0.0
43700,0.0,0.0
43710,0.0,0.0
43720,0.0,0.08071
43730,0.0,0.2695
43740,0.0,0.0
43750,0.0,0.67397
43760,0.0,0.0
43770,0.0,0.0
43780,0.0,0.0
43790,0.0,0.43117
43800,0.0,0.0
43810,0.0,0.0
43820,0.0,0.0
43830,0.0,0.15752
43840,0.0,0.0
43850,0.0,0.0
43860,0.0,0.0
43870,0.0,0.0
43880,0.0,0.0
43890,0.0,0.0
43900,0.0,0.0
43910,0.0,0.0
43920,0.0,0.61785
43930,0.0,0.0
43940,0.0,0.0
43950,0.0,0.36298
43960,0.0,0.0
43970,0.0,0.0
43980,0.0,0.0
43990,0.0,0.0
44000,0.0,0.0
44010,0.0,0.0
44020,0.0,0.0
44030,0.0,0.0
44040,0.0,0.61975
44050,0.0,0.0
44060,0.0,0.0
44070,0.0,0.0
44080,0.0,0.0
44090,0.0,0.0
44100,0.0,0.0
44110,0.0,0.0
44120,0.0,0.0
44130,0.0,0.0
44140,0.0,0.0
44150,0.0,0.0
44160,0.0,0.82614
44170,0.0,0.0
44180,0.0,0.0
44190,0.0,0.68022
44200,0.0,0.19785
44210,0.0,0.09802
44220,0.0,0.0
44230,0.0,0.0
44240,0.0,0.0
44250,0.0,0.0
44260,0.0,0.12076
44270,0.0,0.0
44280,0.0,0.31421
44290,0.0,0.0
44300,0.0,0.0
44310,0.0,0.76104
44320,0.0,0.0
44330,0.0,0.0
44340,0.0,0.0
44350,0.0,0.26619
44360,0.0,0.0
44370,0.0,0.0
44380,0.0,0.0
44390,0.0,0.0
44400,0.0,0.07536
44410,0.0,0.0
44420,0.0,0.0
44430,0.0,0.0
44440,0.0,0.0
44450,0.0,0.0
44460,0.0,0.0
44470,0.0,0.0
44480,0.0,0.0
44490,0.0,0.34801
44500,0.0,0.0
44510,0.0,0.0
44520,0.0,0.0
44530,0.0,0.0
44540,0.0,0.0
44550,0.0,0.0
44560,0.0,0.61918
44570,0.0,0.0
44580,0.0,0.0
44590,0.0,0.0
44600,0.0,0.0
44610,0.0,0.0
44620,0.0,0.0
44630,0.0,0.0
44640,0.0,0.0
44650,0.0,0.0
44660,0.0,0.8740600000000001
44670,0.0,0.11519
44680,0.0,0.0
44690,0.0,0.0
44700,0.0,2.02289
44710,0.0,0.0
44720,0.0,0.83879
44730,0.0,0.0
44740,0.0,0.0
44750,0.0,0.0
44760,0.0,0.0
44770,0.0,1.1246
44780,0.0,0.50146
44790,0.0,0.0
44800,0.0,0.0
44810,0.0,0.0
44820,0.0,0.0
44830,0.0,0.0
44840,0.0,0.09837
44850,0.0,0.0
44860,0.0,0.0
44870,0.0,0.46355
44880,0.0,0.91423
44890,0.0,0.1965
44900,0.0,0.63853
44910,0.0,0.0
44920,0.0,0.0
44930,0.0,0.3311
44940,0.0,0.0
44950,0.0,0.0
44960,0.0,0.0
44970,0.0,0.0
44980,0.0,0.0
44990,0.0,0.27056
45000,0.0,0.51621
45010,0.0,0.0
45020,0.0,0.0
45030,0.0,0.0
45040,0.0,0.2823
45050,0.0,0.0
45060,0.0,0.27701
45070,0.0,0.0
45080,0.0,0.0
45090,0.0,0.0
45100,0.0,0.0
45110,0.0,0.0
45120,0.0,0.6658900000000001
45130,0.0,1.2099
45140,0.0,0.0
45150,0.0,0.0
45160,0.0,0.0
45170,0.0,0.0
45180,0.0,0.0
45190,0.0,0.0
45200,0.0,0.07681
45210,0.0,0.0
45220,0.0,0.0
45230,0.0,0.51113
45240,0.0,0.0
45250,0.0,0.23856
45260,0.0,0.0
45270,0.0,0.49773
45280,0.0,0.0
45290,0.0,0.0
45300,0.0,0.0
45310,0.0,0.0
45320,0.0,0.11944
45330,0.0,0.0
45340,0.0,0.0
45350,0.0,0.0
45360,0.0,0.63487
45370,0.0,0.0
45380,0.0,1.03764
45390,0.0,0.0
45400,0.0,0.6553800000000001
45410,0.0,0.17586
45420,0.0,0.0
45430,0.0,0.0
45440,0.0,0.35557
45450,0.0,0.0
45460,0.0,2.77593
45470,0.0,0.0
45480,0.0,0.0
45490,0.0,0.0
45500,0.0,0.0
45510,0.0,0.0
45520,0.0,0.0
45530,0.0,0.0
45540,0.0,0.76466
45550,0.0,0.0
45560,0.0,0.0
45570,0.0,0.0
45580,0.0,0.0
45590,0.0,0.0
45600,0.0,0.09431
45610,0.0,0.0
45620,0.0,0.0
45630,0.0,0.0
45640,0.0,0.0
45650,0.0,0.0
45660,0.0,0.0
45670,0.0,0.0
45680,0.0,0.0
45690,0.0,0.0
45700,0.0,0.18575
45710,0.0,0.0
45720,0.0,0.06524
45730,0.0,0.0
45740,0.0,0.0
45750,0.0,0.0
45760,0.0,0.0
45770,0.0,0.0
45780,0.0,0.0
45790,0.0,0.0
45800,0.0,0.35503
45810,0.0,0.0
45820,0.0,0.0
45830,0.0,0.0
45840,0.0,0.04869
45850,0.0,0.0
45860,0.0,0.0
45870,0.0,0.0
45880,0.0,0.0
45890,0.0,0.40959
45900,0.0,0.0
45910,0.0,0.0
45920,0.0,0.19431
45930,0.0,0.0
45940,0.0,0.0
45950,0.0,0.0
45960,0.0,0.0
45970,0.0,0.0
45980,0.0,0.25188
45990,0.0,0.23474
46000,0.0,0.32792
46010,0.0,0.0
46020,0.0,0.0
46030,0.0,0.0
46040,0.0,0.0
46050,0.0,0.0
46060,0.0,0.0
46070,0.0,0.0
46080,0.0,0.0
46090,0.0,0.0
46100,0.0,0.0
46110,0.0,0.56902
46120,0.0,0.0
46130,0.0,0.59442
46140,0.0,0.0
46150,0.0,0.0
46160,0.0,0.0
46170,0.0,0.0
46180,0.0,0.0
46190,0.0,0.0
46200,0.0,0.6244700000000001
46210,0.0,0.0
46220,0.0,0.0
46230,0.0,0.0
46240,0.0,0.42868
46250,0.0,0.0
46260,0.0,0.0
46270,0.0,0.56174
46280,0.0,0.0
46290,0.0,0.0
46300,0.0,0.0
46310,0.0,0.12982
46320,0.0,0.33716
46330,0.0,0.0
46340,0.0,0.0
46350,0.0,0.6915100000000001
46360,0.0,0.0
46370,0.0,0.0
46380,0.0,0.0
46390,0.0,0.0
46400,0.0,0.0
46410,0.0,0.20912
46420,0.0,0.0
46430,0.0,0.0
46440,0.0,0.0
46450,0.0,0.0
46460,0.0,0.31106
46470,0.0,0.0
46480,0.0,0.0
46490,0.0,0.0
46500,0.0,0.0
46510,0.0,0.10432
46520,0.0,0.0
46530,0.0,0.25594
46540,0.0,0.0
46550,0.0,0.0
46560,0.0,0.0
46570,0.0,0.0
46580,0.0,0.27890000000000004
46590,0.0,0.66335
46600,0.0,0.0
46610,0.0,0.0
46620,0.0,0.0
46630,0.0,0.0
46640,0.0,0.0
46650,0.0,0.0
46660,0.0,0.58385
46670,0.0,0.0
46680,0.0,0.0
46690,0.0,0.0
46700,0.0,0.0
46710,0.0,0.0
46720,0.0,0.24058
46730,0.0,0.0
46740,0.0,0.0
46750,0.0,0.07878
46760,0.0,0.19384
46770,0.0,0.0
46780,0.0,0.0
46790,0.0,0.0
46800,0.0,0.60287
46810,0.0,0.0
46820,0.0,0.0
46830,0.0,0.0
46840,0.0,0.0
46850,0.0,0.0
46860,0.0,0.0
46870,0.0,0.0
46880,0.0,0.0
46890,0.0,0.27744
46900,0.0,0.0
46910,0.0,0.0
46920,0.0,2.21326
46930,0.0,0.0
46940,0.0,0.0
46950,0.0,0.41121
46960,0.0,0.0
46970,0.0,0.0
46980,0.0,0.0
46990,0.0,0.0
47000,0.0,0.0
47010,0.0,1.1336
47020,0.0,0.43895
47030,0.0,0.0
47040,0.0,0.0
47050,0.0,0.0
47060,0.0,0.53959
47070,0.0,0.0
47080,0.0,0.4217
47090,0.0,0.0
47100,0.0,0.0
47110,0.0,0.0
47120,0.0,0.0
47130,0.0,0.0
47140,0.0,0.50778
47150,0.0,0.14479
47160,0.0,0.0
47170,0.0,0.0
47180,0.0,0.0
47190,0.0,0.0
47200,0.0,0.16503
47210,0.0,0.0
47220,0.0,0.0
47230,0.0,0.0
47240,0.0,0.0
47250,0.0,0.0
47260,0.0,0.0
47270,0.0,0.0
47280,0.0,0.0
47290,0.0,0.0
47300,0.0,0.34985
47310,0.0,0.0
47320,0.0,0.0
47330,0.0,1.09166
47340,0.0,0.0
47350,0.0,0.0
47360,0.0,0.0
47370,0.0,0.0
47380,0.0,0.0
47390,0.0,0.0
47400,0.0,0.0
47410,0.0,0.0
47420,0.0,0.0
47430,0.0,0.05144
47440,0.0,0.0
47450,0.0,0.0
47460,0.0,0.0
47470,0.0,0.0
47480,0.0,0.0
47490,0.0,0.0
47500,0.0,0.18737
47510,0.0,0.0
47520,0.0,0.25766
47530,0.0,0.0
47540,0.0,0.0
47550,0.0,0.0
47560,0.0,0.0
47570,0.0,0.0
47580,0.0,0.0
47590,0.0,0.0
47600,0.0,0.0
47610,0.0,0.28743
47620,0.0,0.0
47630,0.0,0.47867
47640,0.0,0.09284
47650,0.0,0.0
47660,0.0,0.0
47670,0.0,0.0
47680,0.0,0.43309
47690,0.0,0.57393
47700,0.0,0.0
47710,0.0,0.0
47720,0.0,0.0
47730,0.0,0.0
47740,0.0,0.0
47750,0.0,0.0
47760,0.0,0.0
47770,0.0,0.0
47780,0.0,0.0
47790,0.0,0.0
47800,0.0,0.0
47810,0.0,0.0
47820,0.0,0.0
47830,0.0,0.0
47840,0.0,0.0
47850,0.0,0.06895
47860,0.0,0.0
47870,0.0,0.0
47880,0.0,0.0
47890,0.0,0.0
47900,0.0,0.0
47910,0.0,0.0
47920,0.0,0.13008
47930,0.0,0.24318
47940,0.0,0.0
47950,0.0,0.0
47960,0.0,0.40028
47970,0.0,0.0
47980,0.0,0.06881
47990,0.0,0.88817
48000,0.0,0.0
48010,0.0,0.59449
48020,0.0,0.0
48030,0.0,0.0
48040,0.0,0.0
48050,0.0,0.3718
48060,0.0,0.0
48070,0.0,0.0
48080,0.0,0.0
48090,0.0,0.0
48100,0.0,0.23342
48110,0.0,0.0
48120,0.0,0.0
48130,0.0,0.0
48140,0.0,0.0
48150,0.0,0.0
48160,0.0,0.07538
48170,0.0,0.0
48180,0.0,0.0
48190,0.0,0.08355
48200,0.0,0.0
48210,0.0,0.0
48220,0.0,0.0
48230,0.0,0.0
48240,0.0,0.0
48250,0.0,0.52962
48260,0.0,0.0
48270,0.0,0.0
48280,0.0,0.0
48290,0.0,0.0
48300,0.0,0.08028
48310,0.0,0.0
48320,0.0,0.0
48330,0.0,0.61386
48340,0.0,0.20094
48350,0.0,0.0
48360,0.0,0.0
48370,0.0,0.0
48380,0.0,0.0
48390,0.0,0.0
48400,0.0,0.14684000000000003
48410,0.0,0.0
48420,0.0,0.0
48430,0.0,0.09977
48440,0.0,0.36786
48450,0.0,0.0
48460,0.0,0.0
48470,0.0,0.0
48480,0.0,0.0
48490,0.0,0.0
48500,0.0,0.48171
48510,0.0,0.0
48520,0.0,0.0
48530,0.0,0.22604
48540,0.0,0.577
48550,0.0,0.0
48560,0.0,0.0
48570,0.0,0.15504
48580,0.0,0.0
48590,0.0,0.0
48600,0.0,0.18807
48610,0.0,0.0
48620,0.0,0.0
48630,0.0,0.44748
48640,0.0,0.0
48650,0.0,0.0
48660,0.0,0.0
48670,0.0,0.54015
48680,0.0,0.0
48690,0.0,0.0
48700,0.0,0.0
48710,0.0,0.59907
48720,0.0,0.0
48730,0.0,0.0
48740,0.0,0.0
48750,0.0,0.04392
48760,0.0,0.0
48770,0.0,0.55459
48780,0.0,0.0
48790,0.0,0.0
48800,0.0,0.35224
48810,0.0,0.0
48820,0.0,0.0
48830,0.0,0.0
48840,0.0,0.28622
48850,0.0,0.0
48860,0.0,0.58688
48870,0.0,0.0
48880,0.0,0.0
48890,0.0,0.0
48900,0.0,0.0
48910,0.0,0.06768
48920,0.0,0.43838999999999995
48930,0.0,0.00057
48940,0.0,0.55407
48950,0.0,0.0
48960,0.0,0.0
48970,0.0,0.42072
48980,0.0,0.0
48990,0.0,0.0
49000,0.0,0.0
49010,0.0,0.0
49020,0.0,0.0
49030,0.0,0.0
49040,0.0,0.68809
49050,0.0,0.0
49060,0.0,0.0
49070,0.0,0.0
49080,0.0,0.0
49090,0.0,0.0
49100,0.0,0.0
49110,0.0,0.0
49120,0.0,0.30352
49130,0.0,0.0
49140,0.0,0.0
49150,0.0,0.0
49160,0.0,0.0
49170,0.0,0.51922
49180,0.0,0.0
49190,0.0,0.0
49200,0.0,0.0
49210,0.0,0.0
49220,0.0,0.56399
49230,0.0,0.0
49240,0.0,0.0
49250,0.0,0.0
49260,0.0,0.0
49270,0.0,0.0
49280,0.0,0.0
49290,0.0,0.0
49300,0.0,0.0
49310,0.0,0.0
49320,0.0,0.0
49330,0.0,0.0
49340,0.0,0.24342
49350,0.0,0.0
49360,0.0,0.26584
49370,0.0,0.0
49380,0.0,0.0
49390,0.0,0.0
49400,0.0,0.0
49410,0.0,0.20572
49420,0.0,0.0
49430,0.0,0.0
49440,0.0,0.36149
49450,0.0,0.0
49460,0.0,0.0
49470,0.0,0.9937
49480,0.0,0.0
49490,0.0,0.0
49500,0.0,0.0
49510,0.0,0.0
49520,0.0,0.0
49530,0.0,0.0
49540,0.0,0.0
49550,0.0,0.0
49560,0.0,0.0
49570,0.0,0.0
49580,0.0,0.0
49590,0.0,0.0
49600,0.0,0.0
49610,0.0,0.0
49620,0.0,0.0
49630,0.0,0.0
49640,0.0,0.6357
49650,0.0,0.0
49660,0.0,0.0
49670,0.0,0.0
49680,0.0,0.26722
49690,0.0,0.08508
49700,0.0,0.0
49710,0.0,0.45599
49720,0.0,0.0
49730,0.0,0.04775
49740,0.0,0.0
49750,0.0,0.0
49760,0.0,0.0
49770,0.0,0.0
49780,0.0,0.0
49790,0.0,0.26409
49800,0.0,0.0
49810,0.0,1.0393599999999998
49820,0.0,0.0
49830,0.0,0.0
49840,0.0,0.0
49850,0.0,0.0
49860,0.0,3.75183
49870,0.0,0.07918
49880,0.0,0.0
49890,0.0,0.0
49900,0.0,0.33816
49910,0.0,0.0
49920,0.0,0.0
49930,0.0,0.0
49940,0.0,8.58529
49950,0.0,0.09698
49960,0.0,0.0
49970,0.0,0.0
49980,0.0,0.0
49990,0.0,0.38359
50000,0.0,0.0
50010,0.0,0.22902
50020,0.0,0.0
50030,0.0,0.0
50040,0.0,0.0
50050,0.0,0.0
50060,0.0,0.0
50070,0.0,0.0
50080,0.0,0.0
50090,0.0,0.0
50100,0.0,0.0
50110,0.0,0.0
50120,0.0,0.35673
50130,0.0,0.0
50140,0.0,0.0
50150,0.0,0.0
50160,0.0,0.0
50170,0.0,0.0
50180,0.0,0.0
50190,0.0,0.0
50200,0.0,0.0
50210,0.0,0.0
50220,0.0,0.0
50230,0.0,0.0
50240,0.0,0.0
50250,0.0,0.0
50260,0.0,0.0
50270,0.0,0.0
50280,0.0,0.32515
50290,0.0,0.1914
50300,0.0,0.0
50310,0.0,0.0
50320,0.0,0.0
50330,0.0,0.0
50340,0.0,0.0
50350,0.0,0.24518
50360,0.0,0.0
50370,0.0,0.0
50380,0.0,0.0
50390,0.0,0.0
50400,0.0,0.0
50410,0.0,0.0
50420,0.0,0.3212
50430,0.0,0.0
50440,0.0,0.0
50450,0.0,0.0
50460,0.0,0.31978
50470,0.0,0.0
50480,0.0,0.0
50490,0.0,0.0
50500,0.0,0.0
50510,0.0,0.0
50520,0.0,0.0
50530,0.0,0.0
50540,0.0,0.17389
50550,0.0,0.0
50560,0.0,0.0
50570,0.0,0.0
50580,0.0,0.0
50590,0.0,0.0
50600,0.0,0.0
50610,0.0,0.0
50620,0.0,0.3347
50630,0.0,0.0
50640,0.0,0.0
50650,0.0,0.0
50660,0.0,0.0
50670,0.0,0.0
50680,0.0,0.0
50690,0.0,0.33033
50700,0.0,0.0
50710,0.0,0.0
50720,0.0,0.48398
50730,0.0,0.0
50740,0.0,0.0
50750,0.0,0.0
50760,0.0,0.0
50770,0.0,0.0
50780,0.0,0.87787
50790,0.0,0.0
50800,0.0,0.0
50810,0.0,0.0
50820,0.0,0.05907
50830,0.0,0.0
50840,0.0,0.0
50850,0.0,0.0
50860,0.0,0.38191
50870,0.0,0.0
50880,0.0,0.0
50890,0.0,0.0
50900,0.0,0.0
50910,0.0,0.0
50920,0.0,0.0
50930,0.0,0.0
50940,0.0,0.0
50950,0.0,0.0
50960,0.0,0.26469
50970,0.0,0.0
50980,0.0,0.03505
50990,0.0,0.0
51000,0.0,0.16781
51010,0.0,0.40964
51020,0.0,0.0
51030,0.0,0.0
51040,0.0,0.09737
51050,0.0,0.0
51060,0.0,0.1606
51070,0.0,0.0
51080,0.0,0.22968
51090,0.0,0.0
51100,0.0,0.0
51110,0.0,0.0
51120,0.0,0.33298
51130,0.0,0.0
51140,0.0,0.0
51150,0.0,0.0
51160,0.0,0.0
51170,0.0,0.0
51180,0.0,0.0
51190,0.0,0.0
51200,0.0,0.0
51210,0.0,0.0
51220,0.0,0.0
51230,0.0,0.0
51240,0.0,0.32406
51250,0.0,0.0
51260,0.0,0.0
51270,0.0,0.0
51280,0.0,0.00058
51290,0.0,0.0
51300,0.0,0.0
51310,0.0,0.0
51320,0.0,0.0
51330,0.0,0.0
51340,0.0,0.0
51350,0.0,0.0
51360,0.0,0.0
51370,0.0,0.0
51380,0.0,0.0
51390,0.0,0.47871
51400,0.0,0.0
51410,0.0,0.0
51420,0.0,0.0
51430,0.0,0.38796
51440,0.0,0.0
51450,0.0,0.0
51460,0.0,0.0
51470,0.0,0.0
51480,0.0,0.42074
51490,0.0,0.28716
51500,0.0,0.0
51510,0.0,0.0
51520,0.0,0.0
51530,0.0,0.0
51540,0.0,0.0
51550,0.0,0.0
51560,0.0,0.10873
51570,0.0,0.27915
51580,0.0,0.0
51590,0.0,0.08033
51600,0.0,0.18327
51610,0.0,0.0
51620,0.0,0.0
51630,0.0,0.0
51640,0.0,0.0
51650,0.0,0.0481
51660,0.0,0.40772
51670,0.0,0.0
51680,0.0,0.0
51690,0.0,0.0
51700,0.0,0.0
51710,0.0,0.22665
51720,0.0,0.62708
51730,0.0,0.30034
51740,0.0,0.0
51750,0.0,0.09157
51760,0.0,0.43797
51770,0.0,0.0
51780,0.0,0.0
51790,0.0,0.0
51800,0.0,0.0
51810,0.0,0.35628
51820,0.0,0.0
51830,0.0,0.0
51840,0.0,0.0
51850,0.0,0.0
51860,0.0,0.19732
51870,0.0,0.0
51880,0.0,0.0
51890,0.0,0.0
51900,0.0,0.0
51910,0.0,0.28739
51920,0.0,0.0
51930,0.0,0.0
51940,0.0,0.0
51950,0.0,0.0
51960,0.0,0.8821
51970,0.0,0.0
51980,0.0,0.36274
51990,0.0,0.0
52000,0.0,0.0
52010,0.0,0.12149
52020,0.0,0.0
52030,0.0,0.0
52040,0.0,0.0
52050,0.0,0.0
52060,0.0,0.27005
52070,0.0,0.27634
52080,0.0,0.0
52090,0.0,0.15511
52100,0.0,0.0
52110,0.0,0.71443
52120,0.0,0.0
52130,0.0,0.0
52140,0.0,0.0
52150,0.0,0.25722
52160,0.0,0.0
52170,0.0,0.7020500000000001
52180,0.0,0.64963
52190,0.0,0.0
52200,0.0,0.38692
52210,0.0,0.07162
52220,0.0,0.16412
52230,0.0,0.0
52240,0.0,0.0
52250,0.0,0.0
52260,0.0,0.0
52270,0.0,0.0
52280,0.0,0.0
52290,0.0,0.2498
52300,0.0,0.0
52310,0.0,0.0
52320,0.0,0.0
52330,0.0,0.0
52340,0.0,0.0
52350,0.0,0.64948
52360,0.0,0.44699
52370,0.0,0.0
52380,0.0,0.15542
52390,0.0,0.34334
52400,0.0,0.77227
52410,0.0,0.08735
52420,0.0,0.0
52430,0.0,0.0
52440,0.0,8.63693
52450,0.0,0.2907
52460,0.0,0.0
52470,0.0,0.0
52480,0.0,0.0
52490,0.0,0.0
52500,0.0,0.0
52510,0.0,0.0
52520,0.0,0.19147
52530,0.0,0.0
52540,0.0,0.0
52550,0.0,0.32461
52560,0.0,0.0
52570,0.0,0.0
52580,0.0,0.0
52590,0.0,0.0
52600,0.0,0.37215
52610,0.0,0.0
52620,0.0,0.28597
52630,0.0,0.09234
52640,0.0,0.5315
52650,0.0,0.0
52660,0.0,0.46467
52670,0.0,0.0
52680,0.0,0.0
52690,0.0,0.0
52700,0.0,0.0
52710,0.0,0.0
52720,0.0,0.0
52730,0.0,0.0
52740,0.0,0.0
52750,0.0,0.0
52760,0.0,0.0
52770,0.0,0.0
52780,0.0,0.30656
52790,0.0,0.84032
52800,0.0,0.0
52810,0.0,0.24371
52820,0.0,0.12242
52830,0.0,0.0
52840,0.0,0.0
52850,0.0,0.0
52860,0.0,0.0
52870,0.0,0.0
52880,0.0,0.0
52890,0.0,0.0
52900,0.0,0.0
52910,0.0,0.0
52920,0.0,0.38188
52930,0.0,0.0
52940,0.0,0.0
52950,0.0,0.0
52960,0.0,0.0
52970,0.0,0.46729
52980,0.0,0.0
52990,0.0,0.0
53000,0.0,0.0
53010,0.0,0.0
53020,0.0,0.48564
53030,0.0,0.0
53040,0.0,0.0
53050,0.0,0.0
53060,0.0,0.0
53070,0.0,0.0
53080,0.0,0.31688
53090,0.0,0.0
53100,0.0,0.46377999999999997
53110,0.0,0.51873
53120,0.0,0.27474
53130,0.0,0.0
53140,0.0,0.31052
53150,0.0,0.0
53160,0.0,0.43853
53170,0.0,0.02483
53180,0.0,0.0
53190,0.0,1.8384399999999999
53200,0.0,0.0
53210,0.0,0.0
53220,0.0,0.30967
53230,0.0,0.35346
53240,0.0,0.0
53250,0.0,0.0
53260,0.0,0.13477
53270,0.0,0.0
53280,0.0,0.0
53290,0.0,0.0
53300,0.0,0.0
53310,0.0,0.0
53320,0.0,0.0
53330,0.0,0.0
53340,0.0,0.0
53350,0.0,0.0
53360,0.0,0.0
53370,0.0,0.0
53380,0.0,0.0
53390,0.0,0.0
53400,0.0,0.0
53410,0.0,0.9097100000000001
53420,0.0,0.0
53430,0.0,0.0
53440,0.0,0.23843
53450,0.0,0.0
53460,0.0,0.0
53470,0.0,0.0
53480,0.0,0.08328
53490,0.0,0.67071
53500,0.0,0.09648
53510,0.0,0.46095
53520,0.0,0.16191
53530,0.0,0.0
53540,0.0,0.0
53550,0.0,0.0
53560,0.0,0.87516
53570,0.0,0.0
53580,0.0,0.44583
53590,0.0,0.17275
53600,0.0,0.0
53610,0.0,0.0
53620,0.0,0.0
53630,0.0,0.0
53640,0.0,0.0
53650,0.0,0.0
53660,0.0,0.0
53670,0.0,0.0
53680,0.0,0.0
53690,0.0,0.0
53700,0.0,0.0
53710,0.0,0.41092
53720,0.0,0.10659
53730,0.0,0.0
53740,0.0,0.0
53750,0.0,0.62296
53760,0.0,0.5765
53770,0.0,0.0
53780,0.0,0.0
53790,0.0,0.08181
53800,0.0,0.0
53810,0.0,0.0
53820,0.0,0.0
53830,0.0,0.0
53840,0.0,0.0
53850,0.0,0.16633
53860,0.0,0.0
53870,0.0,0.0
53880,0.0,0.0
53890,0.0,0.0951
53900,0.0,0.0
53910,0.0,0.0
53920,0.0,0.0
53930,0.0,0.0
53940,0.0,0.53768
53950,0.0,0.2189
53960,0.0,0.0
53970,0.0,0.0
53980,0.0,0.0
53990,0.0,0.0
54000,0.0,0.0
54010,0.0,0.16576
54020,0.0,0.0
54030,0.0,0.05055
54040,0.0,0.0
54050,0.0,0.0
54060,0.0,0.0
54070,0.0,0.0
54080,0.0,0.0
54090,0.0,0.0
54100,0.0,0.36616
54110,0.0,0.49505
54120,0.0,0.0
54130,0.0,0.56891
54140,0.0,0.20961
54150,0.0,0.0
54160,0.0,0.0
54170,0.0,0.0
54180,0.0,0.0
54190,0.0,0.28128
54200,0.0,0.0586
54210,0.0,0.24203
54220,0.0,0.0
54230,0.0,0.0
54240,0.0,0.0
54250,0.0,1.81793
54260,0.0,0.0
54270,0.0,0.0
54280,0.0,0.0
54290,0.0,0.0
54300,0.0,0.0
54310,0.0,0.0
54320,0.0,0.0
54330,0.0,0.31303
54340,0.0,0.0
54350,0.0,0.0
54360,0.0,0.62166
54370,0.0,0.0
54380,0.0,0.0
54390,0.0,0.18123
54400,0.0,0.0
54410,0.0,0.0
54420,0.0,0.26342
54430,0.0,0.0
54440,0.0,0.0
54450,0.0,0.0
54460,0.0,0.0
54470,0.0,0.0
54480,0.0,0.0
54490,0.0,0.44147
54500,0.0,0.0
54510,0.0,0.0
54520,0.0,0.0
54530,0.0,0.0
54540,0.0,0.22475
54550,0.0,0.0
54560,0.0,0.0
54570,0.0,0.16133
54580,0.0,0.7528699999999999
54590,0.0,0.0
54600,0.0,0.0
54610,0.0,1.03995
54620,0.0,0.28898
54630,0.0,0.0
54640,0.0,0.25189
54650,0.0,0.13407
54660,0.0,0.0
54670,0.0,0.0
54680,0.0,0.0
54690,0.0,0.0
54700,0.0,0.0
54710,0.0,0.0
54720,0.0,0.0
54730,0.0,0.0
54740,0.0,0.11088
54750,0.0,0.0
54760,0.0,0.0
54770,0.0,0.0
54780,0.0,0.0
54790,0.0,0.20149
54800,0.0,0.16417
54810,0.0,0.0
54820,0.0,0.0
54830,0.0,0.0
54840,0.0,0.0
54850,0.0,0.0
54860,0.0,0.15515
54870,0.0,0.11985
54880,0.0,0.0
54890,0.0,0.0
54900,0.0,0.71036
54910,0.0,0.60773
54920,0.0,0.1007
54930,0.0,0.86678
54940,0.0,0.314
54950,0.0,0.0
54960,0.0,0.0
54970,0.0,0.0
54980,0.0,0.0
54990,0.0,0.0
55000,0.0,0.2423
55010,0.0,0.0
55020,0.0,0.0
55030,0.0,0.0
55040,0.0,0.0
55050,0.0,0.19546
55060,0.0,0.29494
55070,0.0,0.0
55080,0.0,0.0
55090,0.0,0.15756
55100,0.0,0.0
55110,0.0,0.0
55120,0.0,0.0
55130,0.0,0.0
55140,0.0,0.31032
55150,0.0,0.0
55160,0.0,0.0
55170,0.0,0.20995
55180,0.0,0.3044
55190,0.0,0.0
55200,0.0,0.0
55210,0.0,0.0
55220,0.0,0.0
55230,0.0,0.0
55240,0.0,0.21627
55250,0.0,0.0
55260,0.0,0.0
55270,0.0,0.0
55280,0.0,0.0
55290,0.0,0.29578
55300,0.0,0.10845
55310,0.0,0.21753
55320,0.0,0.52884
55330,0.0,0.0
55340,0.0,0.5149
55350,0.0,0.0
55360,0.0,0.0
55370,0.0,0.28609
55380,0.0,0.0
55390,0.0,0.12397
55400,0.0,0.0
55410,0.0,0.0
55420,0.0,0.14274
55430,0.0,0.1416
55440,0.0,0.0
55450,0.0,0.0
55460,0.0,0.0
55470,0.0,0.4264
55480,0.0,0.0
55490,0.0,0.0
55500,0.0,0.165
55510,0.0,0.0
55520,0.0,0.0
55530,0.0,0.0
55540,0.0,0.0
55550,0.0,0.34076
55560,0.0,0.31161
55570,0.0,0.0
55580,0.0,0.0
55590,0.0,0.16039
55600,0.0,0.0
55610,0.0,0.57081
55620,0.0,0.0
55630,0.0,0.0
55640,0.0,0.19097
55650,0.0,0.0
55660,0.0,0.76833
55670,0.0,0.0
55680,0.0,0.0
55690,0.0,0.0
55700,0.0,0.72914
55710,0.0,0.0
55720,0.0,0.0
55730,0.0,0.34346
55740,0.0,0.0
55750,0.0,0.34205
55760,0.0,0.0
55770,0.0,0.46332999999999996
55780,0.0,0.0
55790,0.0,0.0
55800,0.0,0.0
55810,0.0,0.19846
55820,0.0,0.0
55830,0.0,0.6609400000000001
55840,0.0,0.0
55850,0.0,0.0
55860,0.0,0.0
55870,0.0,0.0
55880,0.0,0.0
55890,0.0,0.0
55900,0.0,0.0
55910,0.0,0.0
55920,0.0,0.07837
55930,0.0,0.20057
55940,0.0,0.0
55950,0.0,0.33061
55960,0.0,0.0
55970,0.0,0.0
55980,0.0,0.0
55990,0.0,0.0
56000,0.0,0.0
56010,0.0,0.0
56020,0.0,0.0
56030,0.0,0.0
56040,0.0,0.0
56050,0.0,0.0
56060,0.0,0.26133
56070,0.0,0.0
56080,0.0,0.0
56090,0.0,0.0
56100,0.0,0.3371
56110,0.0,0.36856
56120,0.0,0.0
56130,0.0,0.28557
56140,0.0,0.0
56150,0.0,0.0
56160,0.0,0.31921
56170,0.0,0.0
56180,0.0,0.0
56190,0.0,0.0
56200,0.0,0.45481
56210,0.0,0.59528
56220,0.0,0.50546
56230,0.0,0.58021
56240,0.0,0.35795
56250,0.0,0.34975
56260,0.0,0.14072
56270,0.0,0.0
56280,0.0,0.20725
56290,0.0,0.53551
56300,0.0,0.15894
56310,0.0,0.22878
56320,0.0,0.0
56330,0.0,0.0
56340,0.0,0.0
56350,0.0,0.34647
56360,0.0,0.0
56370,0.0,0.36478
56380,0.0,0.08395
56390,0.0,0.41015
56400,0.0,0.59979
56410,0.0,0.0
56420,0.0,0.0
56430,0.0,0.16043
56440,0.0,0.07517
56450,0.0,0.0
56460,0.0,0.0
56470,0.0,0.30481
56480,0.0,0.0
56490,0.0,0.27189
56500,0.0,0.9916900000000001
56510,0.0,0.0
56520,0.0,0.0
56530,0.0,0.0
56540,0.0,0.42199
56550,0.0,0.0
56560,0.0,0.10053
56570,0.0,0.0
56580,0.0,0.0
56590,0.0,0.0
56600,0.0,0.0
56610,0.0,0.0
56620,0.0,0.0
56630,0.0,0.0
56640,0.0,0.0
56650,0.0,0.0
56660,0.0,0.0
56670,0.0,0.0
56680,0.0,0.5123
56690,0.0,0.0
56700,0.0,0.22415
56710,0.0,0.0
56720,0.0,0.0
56730,0.0,0.0
56740,0.0,0.0
56750,0.0,0.0
56760,0.0,1.0463600000000002
56770,0.0,0.0
56780,0.0,0.0
56790,0.0,0.0
56800,0.0,0.0
56810,0.0,0.20992
56820,0.0,0.0
56830,0.0,0.43676000000000004
56840,0.0,0.0
56850,0.0,0.0
56860,0.0,0.47414
56870,0.0,0.0
56880,0.0,0.30264
56890,0.0,0.46534
56900,0.0,0.21988
56910,0.0,0.0
56920,0.0,0.18858
56930,0.0,0.0
56940,0.0,0.42544
56950,0.0,0.0
56960,0.0,0.0
56970,0.0,0.0
56980,0.0,0.0
56990,0.0,0.16332
57000,0.0,0.0
57010,0.0,0.0
57020,0.0,0.16162
57030,0.0,0.36903
57040,0.0,0.0
57050,0.0,0.0
57060,0.0,0.0
57070,0.0,0.30658
57080,0.0,0.51961
57090,0.0,0.0
57100,0.0,0.0
57110,0.0,0.0
57120,0.0,0.0
57130,0.0,0.0
57140,0.0,0.0
57150,0.0,0.0
57160,0.0,0.0
57170,0.0,0.0
57180,0.0,0.63525
57190,0.0,0.0
57200,0.0,0.0
57210,0.0,0.0
57220,0.0,0.0
57230,0.0,0.0
57240,0.0,0.0
57250,0.0,0.0
57260,0.0,0.0
57270,0.0,0.0
57280,0.0,0.20936
57290,0.0,0.3244
57300,0.0,0.0
57310,0.0,0.0
57320,0.0,0.0
57330,0.0,0.186
57340,0.0,0.0
57350,0.0,0.0
57360,0.0,0.0
57370,0.0,0.0
57380,0.0,0.0
57390,0.0,0.0
57400,0.0,0.0
57410,0.0,0.30314
57420,0.0,0.0
57430,0.0,0.0
57440,0.0,0.0
57450,0.0,0.08077
57460,0.0,0.0
57470,0.0,0.0
57480,0.0,0.0
57490,0.0,0.0
57500,0.0,0.0
57510,0.0,0.23893
57520,0.0,0.0
57530,0.0,0.0
57540,0.0,0.0
57550,0.0,0.0
57560,0.0,0.17556
57570,0.0,0.0
57580,0.0,0.0
57590,0.0,0.0
57600,0.0,0.0
57610,0.0,0.0
57620,0.0,0.0
57630,0.0,0.2831
57640,0.0,0.0
57650,0.0,0.0
57660,0.0,0.0
57670,0.0,0.0
57680,0.0,0.29177
57690,0.0,0.37185999999999997
57700,0.0,0.25369
57710,0.0,0.29547
57720,0.0,0.26235
57730,0.0,0.0
57740,0.0,0.0
57750,0.0,0.0
57760,0.0,0.0
57770,0.0,0.0
57780,0.0,0.0
57790,0.0,0.0
57800,0.0,0.0
57810,0.0,0.0
57820,0.0,0.0
57830,0.0,0.0
57840,0.0,0.51984
57850,0.0,0.0
57860,0.0,0.0
57870,0.0,0.29915
57880,0.0,0.3922
57890,0.0,0.0
57900,0.0,0.0
57910,0.0,0.0
57920,0.0,0.0
57930,0.0,0.2211
57940,0.0,0.0
57950,0.0,0.19731
57960,0.0,0.0
57970,0.0,0.0
57980,0.0,0.0
57990,0.0,0.0
58000,0.0,0.0
58010,0.0,0.0
58020,0.0,0.0
58030,0.0,0.57194
58040,0.0,0.0
58050,0.0,0.0
58060,0.0,0.51093
58070,0.0,0.0
58080,0.0,0.0
58090,0.0,0.0
58100,0.0,0.0
58110,0.0,0.0
58120,0.0,0.58717
58130,0.0,0.27549
58140,0.0,0.94647
58150,0.0,0.0
58160,0.0,0.0
58170,0.0,0.29664
58180,0.0,0.0
58190,0.0,0.17588
58200,0.0,0.0
58210,0.0,0.60066
58220,0.0,0.0
58230,0.0,0.0
58240,0.0,0.0
58250,0.0,0.0
58260,0.0,0.0
58270,0.0,0.0
58280,0.0,0.0
58290,0.0,0.27949
58300,0.0,0.0
58310,0.0,0.0
58320,0.0,0.0
58330,0.0,0.09177
58340,0.0,0.0
58350,0.0,0.0
58360,0.0,0.0
58370,0.0,0.07747
58380,0.0,0.0
58390,0.0,0.16508
58400,0.0,0.0
58410,0.0,0.25687
58420,0.0,0.0
58430,0.0,0.69815
58440,0.0,0.0
58450,0.0,0.0
58460,0.0,0.0
58470,0.0,0.0
58480,0.0,0.65399
58490,0.0,0.0
58500,0.0,0.0
58510,0.0,0.0
58520,0.0,0.0
58530,0.0,0.0
58540,0.0,0.41035
58550,0.0,0.0
58560,0.0,0.1827
58570,0.0,0.0
58580,0.0,0.56564
58590,0.0,0.0
58600,0.0,0.0
58610,0.0,0.0
58620,0.0,0.0
58630,0.0,0.0
58640,0.0,0.0
58650,0.0,0.0
58660,0.0,0.0
58670,0.0,0.0
58680,0.0,0.0
58690,0.0,0.0
58700,0.0,0.0
58710,0.0,0.0
58720,0.0,0.51471
58730,0.0,0.0
58740,0.0,0.0
58750,0.0,0.46822
58760,0.0,0.0
58770,0.0,0.0
58780,0.0,0.0
58790,0.0,0.10417
58800,0.0,0.0
58810,0.0,0.0
58820,0.0,0.17911
58830,0.0,0.15744
58840,0.0,0.0
58850,0.0,0.0
58860,0.0,0.0
58870,0.0,0.0
58880,0.0,0.40027
58890,0.0,0.0
58900,0.0,0.0
58910,0.0,0.0
58920,0.0,0.0
58930,0.0,0.0
58940,0.0,0.0
58950,0.0,0.7646999999999999
58960,0.0,0.0
58970,0.0,0.0
58980,0.0,0.0
58990,0.0,0.0
59000,0.0,0.14628
59010,0.0,0.0
59020,0.0,0.0
59030,0.0,0.0
59040,0.0,0.0
59050,0.0,0.0
59060,0.0,0.0
59070,0.0,0.39617
59080,0.0,0.0
59090,0.0,0.0
59100,0.0,0.19996
59110,0.0,0.10116
59120,0.0,0.0
59130,0.0,0.0
59140,0.0,0.0
59150,0.0,0.0
59160,0.0,0.0
59170,0.0,0.0
59180,0.0,0.0
59190,0.0,0.73435
59200,0.0,0.0
59210,0.0,0.0
59220,0.0,0.13373
59230,0.0,0.0
59240,0.0,0.0
59250,0.0,0.0
59260,0.0,0.0
59270,0.0,0.0
59280,0.0,0.0
59290,0.0,0.0
59300,0.0,0.0
59310,0.0,0.0
59320,0.0,0.21289
59330,0.0,0.0
59340,0.0,0.0
59350,0.0,0.0
59360,0.0,0.0
59370,0.0,0.55747
59380,0.0,0.0
59390,0.0,0.0
59400,0.0,0.0
59410,0.0,0.0
59420,0.0,0.48182
59430,0.0,0.0
59440,0.0,0.0
59450,0.0,0.0
59460,0.0,0.0
59470,0.0,0.9991000000000001
59480,0.0,0.0
59490,0.0,0.0
59500,0.0,0.0
59510,0.0,0.53726
59520,0.0,1.64903
59530,0.0,0.0
59540,0.0,0.0
59550,0.0,0.0
59560,0.0,0.80358
59570,0.0,0.0
59580,0.0,0.0
59590,0.0,0.0
59600,0.0,0.0
59610,0.0,0.41106
59620,0.0,0.0
59630,0.0,0.0
59640,0.0,0.28081
59650,0.0,0.0
59660,0.0,0.64382
59670,0.0,0.0
59680,0.0,0.0
59690,0.0,0.0
59700,0.0,0.73766
59710,0.0,0.0
59720,0.0,0.34503
59730,0.0,0.0
59740,0.0,0.0
59750,0.0,0.0
59760,0.0,0.0
59770,0.0,0.97243
59780,0.0,0.31177
59790,0.0,0.0
59800,0.0,0.89172
59810,0.0,0.0
59820,0.0,0.0
59830,0.0,0.0
59840,0.0,0.0
59850,0.0,0.13408
59860,0.0,0.0
59870,0.0,0.40367
59880,0.0,0.0
59890,0.0,0.14376
59900,0.0,0.0
59910,0.0,0.0
59920,0.0,0.0
59930,0.0,0.0
59940,0.0,0.41402
59950,0.0,0.0
59960,0.0,0.0
59970,0.0,0.50216
59980,0.0,0.0
59990,0.0,0.0
60000,0.0,0.0
60010,0.0,0.0
60020,0.0,0.0
60030,0.0,0.0
60040,0.0,0.0
60050,0.0,0.0
60060,0.0,0.73044
60070,0.0,0.0
60080,0.0,0.0
60090,0.0,0.0
60100,0.0,0.0
60110,0.0,0.0
60120,0.0,0.0
60130,0.0,0.0
60140,0.0,0.0
60150,0.0,0.04271
60160,0.0,0.0
60170,0.0,0.0
60180,0.0,0.0
60190,0.0,0.00055
60200,0.0,0.0
60210,0.0,0.0
60220,0.0,0.0
60230,0.0,0.0
60240,0.0,0.0
60250,0.0,0.26005
60260,0.0,0.0
60270,0.0,0.0
60280,0.0,0.48451
60290,0.0,0.0
60300,0.0,0.0
60310,0.0,0.0
60320,0.0,0.80344
60330,0.0,0.0
60340,0.0,0.17821
60350,0.0,0.0
60360,0.0,0.0
60370,0.0,0.0
60380,0.0,0.0
60390,0.0,0.0
60400,0.0,1.14972
60410,0.0,0.0
60420,0.0,0.0
60430,0.0,0.0
60440,0.0,0.0
60450,0.0,0.0
60460,0.0,0.0
60470,0.0,0.66395
60480,0.0,0.22178
60490,0.0,0.88115
60500,0.0,0.0
60510,0.0,0.0
60520,0.0,0.0
60530,0.0,0.0
60540,0.0,0.0
60550,0.0,0.57718
60560,0.0,0.89679
60570,0.0,0.0
60580,0.0,0.0
60590,0.0,0.0
60600,0.0,0.0
60610,0.0,0.0
60620,0.0,0.0
60630,0.0,0.29897
60640,0.0,0.0
60650,0.0,0.0
60660,0.0,1.1222
60670,0.0,0.0
60680,0.0,0.0
60690,0.0,0.0
60700,0.0,0.0
60710,0.0,0.0
60720,0.0,0.0
60730,0.0,0.0
60740,0.0,0.0
60750,0.0,0.0
60760,0.0,0.0
60770,0.0,0.0
60780,0.0,0.26183
60790,0.0,0.0
60800,0.0,0.0
60810,0.0,0.0
60820,0.0,0.0
60830,0.0,0.0
60840,0.0,0.0
60850,0.0,0.0
60860,0.0,0.0
60870,0.0,0.0
60880,0.0,0.0
60890,0.0,0.0
60900,0.0,0.0
60910,0.0,0.0
60920,0.0,0.0
60930,0.0,0.0
60940,0.0,0.0
60950,0.0,0.0
60960,0.0,0.0
60970,0.0,0.0
60980,0.0,0.0
60990,0.0,0.0
61000,0.0,0.0
61010,0.0,0.0
61020,0.0,0.0
61030,0.0,0.0
61040,0.0,0.0
61050,0.0,0.0
61060,0.0,0.0
61070,0.0,0.0
61080,0.0,0.0
61090,0.0,0.0
61100,0.0,0.0
61110,0.0,0.0
61120,0.0,0.0
61130,0.0,0.0
61140,0.0,0.0
61150,0.0,0.17678
61160,0.0,0.0
61170,0.0,0.25456
61180,0.0,0.0
61190,0.0,0.0
61200,0.0,0.0
61210,0.0,0.0
61220,0.0,0.0
61230,0.0,0.0
61240,0.0,0.0
61250,0.0,0.0
61260,0.0,0.0
61270,0.0,0.21704
61280,0.0,0.0
61290,0.0,0.0
61300,0.0,0.03138
61310,0.0,0.57464
61320,0.0,0.0
61330,0.0,0.0
61340,0.0,0.0
61350,0.0,0.0
61360,0.0,0.0
61370,0.0,0.0
61380,0.0,0.0
61390,0.0,0.0
61400,0.0,0.16741
61410,0.0,0.34495
61420,0.0,0.0
61430,0.0,0.15451
61440,0.0,0.0
61450,0.0,0.0
61460,0.0,0.0
61470,0.0,0.0
61480,0.0,0.0
61490,0.0,0.0
61500,0.0,0.0
61510,0.0,0.0
61520,0.0,0.26722
61530,0.0,0.0
61540,0.0,0.0
61550,0.0,0.0
61560,0.0,0.44517
61570,0.0,0.43763
61580,0.0,0.69381
61590,0.0,0.0
61600,0.0,0.0
61610,0.0,0.0
61620,0.0,0.0
61630,0.0,0.0
61640,0.0,0.6700999999999999
61650,0.0,0.0
61660,0.0,0.0
61670,0.0,0.56773
61680,0.0,0.0
61690,0.0,0.0
61700,0.0,0.0
61710,0.0,0.08378
61720,0.0,0.0
61730,0.0,0.23331
61740,0.0,0.0
61750,0.0,0.0
61760,0.0,0.0
61770,0.0,0.0
61780,0.0,0.0
61790,0.0,0.0
61800,0.0,0.0
61810,0.0,0.0
61820,0.0,0.0
61830,0.0,0.0
61840,0.0,0.2781
61850,0.0,0.0
61860,0.0,0.0
61870,0.0,0.0
61880,0.0,0.24618
61890,0.0,0.0
61900,0.0,0.0
61910,0.0,0.33395
61920,0.0,0.0
61930,0.0,0.0
61940,0.0,0.0
61950,0.0,0.0
61960,0.0,0.0
61970,0.0,0.0
61980,0.0,0.0
61990,0.0,0.0
62000,0.0,0.0
62010,0.0,0.12375
62020,0.0,0.0
62030,0.0,0.09518
62040,0.0,0.63684
62050,0.0,0.0
62060,0.0,0.0
62070,0.0,0.0
62080,0.0,0.0
62090,0.0,0.0
62100,0.0,0.0
62110,0.0,0.0
62120,0.0,0.0
62130,0.0,0.0
62140,0.0,0.46779
62150,0.0,0.15656
62160,0.0,0.17787
62170,0.0,0.0
62180,0.0,0.0
62190,0.0,0.0
62200,0.0,0.0
62210,0.0,0.0
62220,0.0,0.0
62230,0.0,0.0
62240,0.0,0.17415
62250,0.0,0.0
62260,0.0,0.11799
62270,0.0,0.0
62280,0.0,0.0
62290,0.0,0.0
62300,0.0,0.0
62310,0.0,0.34789
62320,0.0,0.0
62330,0.0,0.0
62340,0.0,0.0
62350,0.0,0.0
62360,0.0,0.0
62370,0.0,0.0
62380,0.0,0.0
62390,0.0,0.0
62400,0.0,0.0
62410,0.0,0.0
62420,0.0,0.0
62430,0.0,0.0
62440,0.0,0.0
62450,0.0,0.0
62460,0.0,0.0
62470,0.0,0.0
62480,0.0,0.0
62490,0.0,0.0
62500,0.0,0.0
62510,0.0,0.0
62520,0.0,0.0
62530,0.0,0.05447
62540,0.0,0.0
62550,0.0,0.0
62560,0.0,0.0
62570,0.0,0.0
62580,0.0,0.0
62590,0.0,0.0
62600,0.0,0.0
62610,0.0,0.0
62620,0.0,0.0
62630,0.0,0.2216
62640,0.0,0.27562
62650,0.0,0.0
62660,0.0,0.07435
62670,0.0,0.1154
62680,0.0,0.0
62690,0.0,0.0
62700,0.0,0.0
62710,0.0,0.0
62720,0.0,0.18191
62730,0.0,0.0
62740,0.0,0.75715
62750,0.0,0.0
62760,0.0,0.0
62770,0.0,0.0
62780,0.0,0.17153
62790,0.0,0.0
62800,0.0,0.0
62810,0.0,0.0
62820,0.0,0.0
62830,0.0,0.0
62840,0.0,0.30535
62850,0.0,0.0
62860,0.0,0.0
62870,0.0,0.0
62880,0.0,0.0
62890,0.0,0.0
62900,0.0,0.0
62910,0.0,0.0
62920,0.0,0.29953
62930,0.0,0.49192
62940,0.0,0.0
62950,0.0,0.0
62960,0.0,0.06065
62970,0.0,0.0
62980,0.0,0.0
62990,0.0,0.0
63000,0.0,0.0
63010,0.0,0.0
63020,0.0,0.1105
63030,0.0,0.0
63040,0.0,0.0
63050,0.0,0.0
63060,0.0,0.0
63070,0.0,0.54938
63080,0.0,0.37535
63090,0.0,0.0
63100,0.0,0.0
63110,0.0,0.0
63120,0.0,0.0
63130,0.0,0.16696
63140,0.0,0.0
63150,0.0,0.0
63160,0.0,0.0
63170,0.0,0.0
63180,0.0,0.0
63190,0.0,0.0
63200,0.0,0.22366
63210,0.0,0.0
63220,0.0,0.0
63230,0.0,0.54074
63240,0.0,0.0
63250,0.0,0.0
63260,0.0,0.0
63270,0.0,0.0
63280,0.0,0.0
63290,0.0,0.0
63300,0.0,0.0
63310,0.0,0.0
63320,0.0,0.0
63330,0.0,0.43537
63340,0.0,0.31732
63350,0.0,0.0
63360,0.0,0.0
63370,0.0,0.26756
63380,0.0,0.0
63390,0.0,0.0
63400,0.0,0.0
63410,0.0,0.0
63420,0.0,0.0
63430,0.0,0.13754
63440,0.0,0.0
63450,0.0,0.0
63460,0.0,0.0
63470,0.0,0.0
63480,0.0,0.0
63490,0.0,0.0
63500,0.0,0.0
63510,0.0,0.0
63520,0.0,0.0
63530,0.0,0.0
63540,0.0,0.0
63550,0.0,0.0
63560,0.0,0.0
63570,0.0,0.0
63580,0.0,0.36614
63590,0.0,0.0
63600,0.0,0.28006
63610,0.0,0.0
63620,0.0,0.0
63630,0.0,0.0
63640,0.0,0.0
63650,0.0,0.0
63660,0.0,0.0
63670,0.0,0.12234
63680,0.0,0.1619
63690,0.0,0.0
63700,0.0,0.0
63710,0.0,0.0
63720,0.0,0.68387
63730,0.0,0.05628
63740,0.0,0.18722
63750,0.0,0.0
63760,0.0,0.0
63770,0.0,0.0
63780,0.0,0.0
63790,0.0,0.0
63800,0.0,0.0
63810,0.0,0.0
63820,0.0,0.25861
63830,0.0,0.0
63840,0.0,0.0
63850,0.0,0.0
63860,0.0,0.0
63870,0.0,0.0
63880,0.0,0.0
63890,0.0,0.0
63900,0.0,0.0
63910,0.0,0.32436
63920,0.0,0.33959
63930,0.0,0.37711
63940,0.0,0.0
63950,0.0,0.0
63960,0.0,0.0
63970,0.0,0.0
63980,0.0,0.0
63990,0.0,0.0
64000,0.0,0.0
64010,0.0,0.0
64020,0.0,0.34031
64030,0.0,0.0
64040,0.0,0.0
64050,0.0,0.0
64060,0.0,0.0
64070,0.0,0.0
64080,0.0,0.0
64090,0.0,0.0
64100,0.0,0.0
64110,0.0,0.0
64120,0.0,0.0
64130,0.0,0.0
64140,0.0,0.0
64150,0.0,0.0
64160,0.0,0.0
64170,0.0,0.0
64180,0.0,0.0
64190,0.0,0.0
64200,0.0,0.05667
64210,0.0,0.0
64220,0.0,0.63586
64230,0.0,0.0
64240,0.0,0.0
64250,0.0,0.0
64260,0.0,0.0
64270,0.0,0.0
64280,0.0,0.0
64290,0.0,0.0
64300,0.0,0.0
64310,0.0,0.15039
64320,0.0,0.0
64330,0.0,0.0
64340,0.0,0.33099
64350,0.0,0.0
64360,0.0,0.0
64370,0.0,0.37264
64380,0.0,0.0
64390,0.0,0.0
64400,0.0,0.0
64410,0.0,0.0
64420,0.0,0.0
64430,0.0,0.06646
64440,0.0,0.0
64450,0.0,0.0
64460,0.0,0.10897
64470,0.0,0.0
64480,0.0,0.0
64490,0.0,0.0
64500,0.0,0.42172
64510,0.0,0.0
64520,0.0,0.0
64530,0.0,0.0
64540,0.0,0.0
64550,0.0,0.26281
64560,0.0,0.0
64570,0.0,0.0
64580,0.0,0.27679
64590,0.0,0.0
64600,0.0,0.0
64610,0.0,0.0
64620,0.0,0.0
64630,0.0,0.0
64640,0.0,0.0
64650,0.0,0.0
64660,0.0,0.0
64670,0.0,0.0
64680,0.0,0.0
64690,0.0,0.0
64700,0.0,0.0
64710,0.0,0.0
64720,0.0,0.50971
64730,0.0,0.0
64740,0.0,0.0
64750,0.0,0.0
64760,0.0,0.0
64770,0.0,0.0
64780,0.0,0.0
64790,0.0,0.28802
64800,0.0,0.0
64810,0.0,0.0
64820,0.0,0.0
64830,0.0,0.0
64840,0.0,0.0
64850,0.0,0.23754
64860,0.0,0.25422
64870,0.0,0.0
64880,0.0,0.0
64890,0.0,0.0
64900,0.0,0.0
64910,0.0,0.0
64920,0.0,0.0
64930,0.0,0.0
64940,0.0,0.0
64950,0.0,0.0
64960,0.0,0.0
64970,0.0,0.0
64980,0.0,0.141
64990,0.0,0.22615
65000,0.0,0.0
65010,0.0,0.0
65020,0.0,0.0
65030,0.0,0.0
65040,0.0,0.09184
65050,0.0,0.47339
65060,0.0,0.16054
65070,0.0,0.0
65080,0.0,0.0
65090,0.0,0.0
65100,0.0,0.0
65110,0.0,0.0
65120,0.0,0.0
65130,0.0,0.0
65140,0.0,0.0
65150,0.0,0.0
65160,0.0,0.0
65170,0.0,0.0
65180,0.0,0.44515
65190,0.0,0.0
65200,0.0,0.0
65210,0.0,0.0
65220,0.0,0.0
65230,0.0,0.0
65240,0.0,0.0
65250,0.0,0.0
65260,0.0,0.0
65270,0.0,0.0
65280,0.0,0.0
65290,0.0,0.0
65300,0.0,0.0
65310,0.0,0.0
65320,0.0,0.0
65330,0.0,0.0
65340,0.0,0.0
65350,0.0,0.0
65360,0.0,0.0
65370,0.0,0.0
65380,0.0,0.0
65390,0.0,0.0
65400,0.0,0.0
65410,0.0,0.0
65420,0.0,0.0
65430,0.0,1.12725
65440,0.0,0.0
65450,0.0,0.1973
65460,0.0,0.0
65470,0.0,0.0
65480,0.0,0.05491
65490,0.0,0.0
65500,0.0,0.0
65510,0.0,0.0
65520,0.0,0.0
65530,0.0,0.0
65540,0.0,0.0
65550,0.0,0.0677
65560,0.0,0.0
65570,0.0,0.0
65580,0.0,0.23733
65590,0.0,0.0
65600,0.0,0.0
65610,0.0,0.0
65620,0.0,0.0
65630,0.0,0.0
65640,0.0,0.39017
65650,0.0,0.0
65660,0.0,0.0
65670,0.0,0.0
65680,0.0,0.0
65690,0.0,0.0
65700,0.0,0.0
65710,0.0,0.0
65720,0.0,0.0
65730,0.0,0.0
65740,0.0,0.0
65750,0.0,0.0
65760,0.0,0.0
65770,0.0,0.0
65780,0.0,0.18945
65790,0.0,0.0
65800,0.0,0.23673
65810,0.0,0.0
65820,0.0,0.0
65830,0.0,0.0
65840,0.0,0.0
65850,0.0,0.578
65860,0.0,0.0
65870,0.0,0.14953
65880,0.0,0.0
65890,0.0,0.10132
65900,0.0,0.0
65910,0.0,0.0
65920,0.0,0.0
65930,0.0,0.0
65940,0.0,0.0
65950,0.0,0.0
65960,0.0,0.0
65970,0.0,0.0
65980,0.0,0.0
65990,0.0,0.0
66000,0.0,0.0
66010,0.0,0.05468
66020,0.0,0.0
66030,0.0,0.0
66040,0.0,0.0
66050,0.0,0.0
66060,0.0,0.0
66070,0.0,0.0
66080,0.0,0.0
66090,0.0,0.0
66100,0.0,0.0
66110,0.0,0.0
66120,0.0,0.34528
66130,0.0,0.0
66140,0.0,0.0
66150,0.0,0.26794
66160,0.0,0.0
66170,0.0,0.06727
66180,0.0,0.0
66190,0.0,0.07656
66200,0.0,0.16869
66210,0.0,0.0
66220,0.0,0.0
66230,0.0,0.0
66240,0.0,0.0
66250,0.0,0.0
66260,0.0,0.0
66270,0.0,0.0
66280,0.0,0.0
66290,0.0,0.0
66300,0.0,0.0
66310,0.0,0.0
66320,0.0,0.0
66330,0.0,0.52422
66340,0.0,0.0
66350,0.0,0.0
66360,0.0,0.0
66370,0.0,0.06271
66380,0.0,0.0
66390,0.0,0.0
66400,0.0,0.0
66410,0.0,0.0
66420,0.0,0.0
66430,0.0,0.0
66440,0.0,0.0
66450,0.0,0.0
66460,0.0,0.0
66470,0.0,0.0
66480,0.0,0.0
66490,0.0,0.0
66500,0.0,0.0
66510,0.0,0.0
66520,0.0,0.55379
66530,0.0,0.48702
66540,0.0,0.0
66550,0.0,0.0
66560,0.0,0.0
66570,0.0,0.0
66580,0.0,0.0
66590,0.0,0.0
66600,0.0,0.0
66610,0.0,0.0
66620,0.0,0.0
66630,0.0,0.0
66640,0.0,0.0
66650,0.0,0.0
66660,0.0,0.0
66670,0.0,0.0
66680,0.0,0.0
66690,0.0,0.0
66700,0.0,0.0
66710,0.0,0.0
66720,0.0,0.0
66730,0.0,0.0
66740,0.0,0.0
66750,0.0,0.0
66760,0.0,0.0
66770,0.0,0.0
66780,0.0,0.0
66790,0.0,0.25671
66800,0.0,0.04998
66810,0.0,0.0
66820,0.0,0.0
66830,0.0,0.0
66840,0.0,0.2345
66850,0.0,0.0
66860,0.0,0.0
66870,0.0,0.0
66880,0.0,0.0
66890,0.0,0.0
66900,0.0,0.23063
66910,0.0,0.0
66920,0.0,0.0
66930,0.0,0.0
66940,0.0,0.0
66950,0.0,0.0
66960,0.0,0.0
66970,0.0,0.0
66980,0.0,0.0
66990,0.0,0.0
67000,0.0,0.0
67010,0.0,0.0
67020,0.0,0.47447
67030,0.0,0.0
67040,0.0,0.0
67050,0.0,0.0
67060,0.0,0.0
67070,0.0,0.0
67080,0.0,0.0
67090,0.0,0.0
67100,0.0,0.0
67110,0.0,0.0
67120,0.0,0.26197
67130,0.0,0.0
67140,0.0,0.0
67150,0.0,0.0
67160,0.0,0.0
67170,0.0,0.0
67180,0.0,0.0
67190,0.0,0.0
67200,0.0,0.0
67210,0.0,0.5554
67220,0.0,0.07012
67230,0.0,0.0
67240,0.0,0.43527
67250,0.0,0.46123
67260,0.0,0.0
67270,0.0,0.0
67280,0.0,0.0
67290,0.0,0.0
67300,0.0,0.60363
67310,0.0,0.0
67320,0.0,0.0
67330,0.0,0.0
67340,0.0,0.0
67350,0.0,0.0
67360,0.0,0.0
67370,0.0,0.0
67380,0.0,0.0
67390,0.0,0.0
67400,0.0,0.0
67410,0.0,0.0
67420,0.0,0.0
67430,0.0,0.0
67440,0.0,0.0
67450,0.0,0.0
67460,0.0,0.0
67470,0.0,0.6919200000000001
67480,0.0,0.0
67490,0.0,0.0
67500,0.0,0.0
67510,0.0,0.0
67520,0.0,0.0
67530,0.0,0.0
67540,0.0,0.0
67550,0.0,0.0
67560,0.0,0.0
67570,0.0,0.0
67580,0.0,0.0
67590,0.0,0.0
67600,0.0,0.0
67610,0.0,0.0
67620,0.0,0.0
67630,0.0,0.20126
67640,0.0,0.0
67650,0.0,0.45688
67660,0.0,0.0
67670,0.0,0.0
67680,0.0,0.0
67690,0.0,0.0
67700,0.0,0.0
67710,0.0,0.0
67720,0.0,0.0
67730,0.0,0.0
67740,0.0,0.0
67750,0.0,0.53133
67760,0.0,0.0
67770,0.0,0.0
67780,0.0,0.0
67790,0.0,0.0
67800,0.0,0.0
67810,0.0,0.0
67820,0.0,0.0
67830,0.0,0.0
67840,0.0,0.0
67850,0.0,0.0
67860,0.0,0.0
67870,0.0,0.0
67880,0.0,0.0
67890,0.0,0.0
67900,0.0,0.34277
67910,0.0,0.53249
67920,0.0,0.0
67930,0.0,0.00056
67940,0.0,0.0
67950,0.0,0.0
67960,0.0,0.08317
67970,0.0,0.0
67980,0.0,0.0
67990,0.0,0.0
68000,0.0,0.20838
68010,0.0,0.0
68020,0.0,0.0
68030,0.0,0.0
68040,0.0,0.0
68050,0.0,0.0
68060,0.0,0.0
68070,0.0,0.0
68080,0.0,0.0
68090,0.0,0.0
68100,0.0,0.42043
68110,0.0,0.03661
68120,0.0,0.0
68130,0.0,0.18502
68140,0.0,0.0
68150,0.0,0.0
68160,0.0,0.0
68170,0.0,0.60636
68180,0.0,0.0
68190,0.0,0.0
68200,0.0,0.65856
68210,0.0,0.0
68220,0.0,0.0
68230,0.0,0.0
68240,0.0,0.0
68250,0.0,0.0
68260,0.0,0.0
68270,0.0,0.0
68280,0.0,0.0
68290,0.0,0.0
68300,0.0,0.0
68310,0.0,0.17041
68320,0.0,0.0
68330,0.0,0.0
68340,0.0,0.0
68350,0.0,0.0
68360,0.0,0.0
68370,0.0,0.0
68380,0.0,0.0
68390,0.0,0.0
68400,0.0,0.26224
68410,0.0,0.0
68420,0.0,0.0
68430,0.0,0.0
68440,0.0,0.0
68450,0.0,0.0
68460,0.0,0.0
68470,0.0,0.0
68480,0.0,0.33856
68490,0.0,0.0
68500,0.0,0.0
68510,0.0,0.0
68520,0.0,0.0
68530,0.0,0.0
68540,0.0,0.0
68550,0.0,0.0
68560,0.0,0.0
68570,0.0,0.0
68580,0.0,0.0
68590,0.0,0.0347
68600,0.0,0.0
68610,0.0,0.0
68620,0.0,0.0
68630,0.0,0.0
68640,0.0,0.0
68650,0.0,0.0
68660,0.0,0.13137
68670,0.0,0.0
68680,0.0,0.0
68690,0.0,0.28115
68700,0.0,0.0
68710,0.0,0.14395
68720,0.0,0.0
68730,0.0,0.0
68740,0.0,0.0
68750,0.0,0.0
68760,0.0,0.0
68770,0.0,0.0
68780,0.0,0.0
68790,0.0,0.0
68800,0.0,0.0
68810,0.0,0.0
68820,0.0,0.0
68830,0.0,0.0
68840,0.0,0.0
68850,0.0,0.0
68860,0.0,0.0
68870,0.0,0.0
68880,0.0,0.0
68890,0.0,0.14087
68900,0.0,0.0
68910,0.0,0.0
68920,0.0,0.0
68930,0.0,0.0
68940,0.0,0.0
68950,0.0,0.0
68960,0.0,0.0
68970,0.0,0.0
68980,0.0,0.0
68990,0.0,0.0
69000,0.0,0.0
69010,0.0,0.0
69020,0.0,0.05344
69030,0.0,0.0
69040,0.0,0.0
69050,0.0,0.18485
69060,0.0,0.0
69070,0.0,0.0
69080,0.0,0.0
69090,0.0,0.0
69100,0.0,0.0
69110,0.0,0.0
69120,0.0,0.0
69130,0.0,0.0
69140,0.0,0.0
69150,0.0,0.0
69160,0.0,0.0
69170,0.0,0.0
69180,0.0,0.0
69190,0.0,0.17226
69200,0.0,0.0
69210,0.0,0.0
69220,0.0,0.0
69230,0.0,0.17136
69240,0.0,0.0
69250,0.0,0.0
69260,0.0,0.0
69270,0.0,0.0
69280,0.0,0.0
69290,0.0,0.0
69300,0.0,0.0
69310,0.0,0.0
69320,0.0,0.0
69330,0.0,0.0
69340,0.0,0.0
69350,0.0,0.0
69360,0.0,0.0
69370,0.0,0.0
69380,0.0,0.0
69390,0.0,0.0
69400,0.0,0.0
69410,0.0,0.0
69420,0.0,0.0
69430,0.0,0.0
69440,0.0,0.0
69450,0.0,0.0
69460,0.0,0.0
69470,0.0,0.0
69480,0.0,0.0
69490,0.0,0.0
69500,0.0,0.0
69510,0.0,0.0
69520,0.0,0.0
69530,0.0,0.09943
69540,0.0,0.09129
69550,0.0,0.0
69560,0.0,0.0
69570,0.0,0.0
69580,0.0,0.0
69590,0.0,0.14587
69600,0.0,0.0
69610,0.0,0.0
69620,0.0,0.0
69630,0.0,0.0
69640,0.0,0.19114
69650,0.0,0.0
69660,0.0,0.0
69670,0.0,0.0
69680,0.0,0.0
69690,0.0,0.0
69700,0.0,0.0
69710,0.0,0.0
69720,0.0,0.0
69730,0.0,0.0
69740,0.0,0.0
69750,0.0,0.0
69760,0.0,0.0
69770,0.0,0.48592
69780,0.0,0.0
69790,0.0,0.0
69800,0.0,0.0
69810,0.0,0.0
69820,0.0,0.0
69830,0.0,0.0
69840,0.0,0.0
69850,0.0,0.0
69860,0.0,0.0
69870,0.0,0.0
69880,0.0,0.0
69890,0.0,0.0
69900,0.0,0.0
69910,0.0,0.30679
69920,0.0,0.0
69930,0.0,0.0
69940,0.0,0.0
69950,0.0,0.0
69960,0.0,0.0
69970,0.0,0.0
69980,0.0,0.0
69990,0.0,0.0
70000,0.0,0.0
70010,0.0,0.0
70020,0.0,0.0
70030,0.0,0.0
70040,0.0,0.0
70050,0.0,0.0
70060,0.0,0.0
70070,0.0,0.0
70080,0.0,0.0
70090,0.0,0.0
70100,0.0,0.0
70110,0.0,0.0
70120,0.0,0.0
70130,0.0,0.0
70140,0.0,0.0
70150,0.0,0.0
70160,0.0,0.0
70170,0.0,0.0
70180,0.0,0.0
70190,0.0,0.0
70200,0.0,0.0
70210,0.0,0.0
70220,0.0,0.45588
70230,0.0,0.0
70240,0.0,0.0
70250,0.0,0.0
70260,0.0,0.0
70270,0.0,0.0
70280,0.0,0.0
70290,0.0,0.0
70300,0.0,0.0
70310,0.0,0.0
70320,0.0,0.0
70330,0.0,0.0
70340,0.0,0.0
70350,0.0,0.0
70360,0.0,0.0
70370,0.0,0.0
70380,0.0,0.0
70390,0.0,0.0
70400,0.0,0.0
70410,0.0,0.0
70420,0.0,0.0
70430,0.0,0.0
70440,0.0,0.0
70450,0.0,0.0
70460,0.0,0.0
70470,0.0,0.0
70480,0.0,0.0
70490,0.0,0.0
70500,0.0,0.0
70510,0.0,0.0
70520,0.0,0.0
70530,0.0,0.0
70540,0.0,0.0
70550,0.0,0.0
70560,0.0,0.29273
70570,0.0,0.0
70580,0.0,0.0
70590,0.0,0.0
70600,0.0,0.1715
70610,0.0,0.0
70620,0.0,0.0
70630,0.0,0.0
70640,0.0,0.0
70650,0.0,0.0
70660,0.0,0.0
70670,0.0,0.0
70680,0.0,0.0
70690,0.0,0.0
70700,0.0,0.0
70710,0.0,0.0
70720,0.0,0.0
70730,0.0,0.0
70740,0.0,0.0
70750,0.0,0.0
70760,0.0,0.0
70770,0.0,0.0
70780,0.0,0.0
70790,0.0,0.0
70800,0.0,0.0
70810,0.0,0.0
70820,0.0,0.0
70830,0.0,0.0
70840,0.0,0.0
70850,0.0,0.0
70860,0.0,0.0
70870,0.0,0.0
70880,0.0,0.09778
70890,0.0,0.0
70900,0.0,0.0
70910,0.0,0.0
70920,0.0,0.0
70930,0.0,0.0
70940,0.0,0.0
70950,0.0,0.0
70960,0.0,0.0
70970,0.0,0.12861
70980,0.0,0.30229
70990,0.0,0.0
71000,0.0,0.0
71010,0.0,0.0
71020,0.0,0.0
71030,0.0,0.0
71040,0.0,0.0
71050,0.0,0.00066
71060,0.0,0.0
71070,0.0,0.0
71080,0.0,0.07914
71090,0.0,0.0
71100,0.0,0.0
71110,0.0,0.0
71120,0.0,0.0
71130,0.0,0.0
71140,0.0,0.0
71150,0.0,0.0
71160,0.0,0.0
71170,0.0,0.0
71180,0.0,0.0
71190,0.0,0.0
71200,0.0,0.0
71210,0.0,0.0
71220,0.0,0.0
71230,0.0,0.0
71240,0.0,0.0
71250,0.0,0.0
71260,0.0,0.0
71270,0.0,0.0
71280,0.0,0.0
71290,0.0,0.0
71300,0.0,0.0
71310,0.0,0.0
71320,0.0,0.0
71330,0.0,0.00057
71340,0.0,0.0
71350,0.0,0.0
71360,0.0,0.0
71370,0.0,0.0
71380,0.0,0.0
71390,0.0,0.0
71400,0.0,0.0
71410,0.0,0.0
71420,0.0,0.0
71430,0.0,0.0
71440,0.0,0.0
71450,0.0,0.0
71460,0.0,0.0
71470,0.0,0.0
71480,0.0,0.0
71490,0.0,0.0
71500,0.0,0.0
71510,0.0,0.0
71520,0.0,0.0
71530,0.0,0.0
71540,0.0,0.0
71550,0.0,0.0
71560,0.0,0.0
71570,0.0,0.0
71580,0.0,0.0
71590,0.0,0.0
71600,0.0,0.0
71610,0.0,0.0
71620,0.0,0.0
71630,0.0,0.0
71640,0.0,0.0
71650,0.0,0.0
71660,0.0,0.0
71670,0.0,0.0
71680,0.0,0.0
71690,0.0,0.0
71700,0.0,0.0
71710,0.0,0.0
71720,0.0,0.0
71730,0.0,0.0
71740,0.0,0.0
71750,0.0,0.0
71760,0.0,0.0
71770,0.0,0.0
71780,0.0,0.0
71790,0.0,0.0
71800,0.0,0.0
71810,0.0,0.0
71820,0.0,0.0
71830,0.0,0.0
71840,0.0,0.0
71850,0.0,0.0
71860,0.0,0.0
71870,0.0,0.0
71880,0.0,0.0
71890,0.0,0.0
71900,0.0,0.0
71910,0.0,0.0
71920,0.0,0.0
71930,0.0,0.0
71940,0.0,0.0
71950,0.0,0.0
71960,0.0,0.0
71970,0.0,0.0
71980,0.0,0.0
71990,0.0,0.0
72000,0.0,0.0
72010,0.0,0.1079
72020,0.0,0.0
72030,0.0,0.0
72040,0.0,0.0
72050,0.0,0.0
72060,0.0,0.0
72070,0.0,0.0
72080,0.0,0.0
72090,0.0,0.0
72100,0.0,0.0
72110,0.0,0.0
72120,0.0,0.0
72130,0.0,0.0
72140,0.0,0.0
72150,0.0,0.0
72160,0.0,0.10523
72170,0.0,0.0
72180,0.0,0.0
72190,0.0,0.0
72200,0.0,0.0
72210,0.0,0.0
72220,0.0,0.0
72230,0.0,0.0
72240,0.0,0.0
72250,0.0,0.0
72260,0.0,0.0
72270,0.0,0.0
72280,0.0,0.0
72290,0.0,0.0
72300,0.0,0.0
72310,0.0,0.0
72320,0.0,0.0
72330,0.0,0.0
72340,0.0,0.0
72350,0.0,0.0
72360,0.0,0.0
72370,0.0,0.0
72380,0.0,0.0
72390,0.0,0.0
72400,0.0,0.0
72410,0.0,0.0
72420,0.0,0.0
72430,0.0,0.0
72440,0.0,0.0
72450,0.0,0.0
72460,0.0,0.0
72470,0.0,0.0
72480,0.0,0.0
72490,0.0,0.0
72500,0.0,0.12939
72510,0.0,0.0
72520,0.0,0.0
72530,0.0,0.0
72540,0.0,0.0
72550,0.0,0.0
72560,0.0,0.0
72570,0.0,0.0
72580,0.0,0.0
72590,0.0,0.0
72600,0.0,0.0
72610,0.0,0.2633
72620,0.0,0.0
72630,0.0,0.0
72640,0.0,0.20406
72650,0.0,0.0
72660,0.0,0.0
72670,0.0,0.0
72680,0.0,0.0
72690,0.0,0.0
72700,0.0,0.0
72710,0.0,0.0
72720,0.0,0.0
72730,0.0,0.0
72740,0.0,0.0
72750,0.0,0.0
72760,0.0,0.0
72770,0.0,0.0
72780,0.0,0.0
72790,0.0,0.0
72800,0.0,0.0
72810,0.0,0.0
72820,0.0,0.0
72830,0.0,0.0
72840,0.0,0.0
72850,0.0,0.25495
72860,0.0,0.0
72870,0.0,0.0
72880,0.0,0.0
72890,0.0,0.0
72900,0.0,0.0
72910,0.0,0.0
72920,0.0,0.0
72930,0.0,0.0
72940,0.0,0.0
72950,0.0,0.0
72960,0.0,0.0
72970,0.0,0.0
72980,0.0,0.23797
72990,0.0,0.0
73000,0.0,0.0
73010,0.0,0.0
73020,0.0,0.0
73030,0.0,0.0
73040,0.0,0.0
73050,0.0,0.0
73060,0.0,0.0
73070,0.0,0.0
73080,0.0,0.0
73090,0.0,0.0
73100,0.0,0.0
73110,0.0,0.0
73120,0.0,0.0
73130,0.0,0.0
73140,0.0,0.0
73150,0.0,0.0
73160,0.0,0.0
73170,0.0,0.0
73180,0.0,0.0
73190,0.0,0.0
73200,0.0,0.0
73210,0.0,0.0
73220,0.0,0.0
73230,0.0,0.0
73240,0.0,0.0
73250,0.0,0.0
73260,0.0,0.0
73270,0.0,0.0
73280,0.0,0.0
73290,0.0,0.0
73300,0.0,0.0
73310,0.0,0.23617
73320,0.0,0.0
73330,0.0,0.0
73340,0.0,0.19197
73350,0.0,0.0
73360,0.0,0.0
73370,0.0,0.0
73380,0.0,0.23455
73390,0.0,0.0
73400,0.0,0.0
73410,0.0,0.0
73420,0.0,0.0
73430,0.0,0.0
73440,0.0,0.17878
73450,0.0,0.0
73460,0.0,0.0
73470,0.0,0.0
73480,0.0,0.0
73490,0.0,0.0
73500,0.0,0.0
73510,0.0,0.0
73520,0.0,0.0
73530,0.0,0.0
73540,0.0,0.0
73550,0.0,0.0
73560,0.0,0.0
73570,0.0,0.0
73580,0.0,0.0
73590,0.0,0.0
73600,0.0,0.0
73610,0.0,0.0
73620,0.0,0.0
73630,0.0,0.0
73640,0.0,0.0
73650,0.0,0.0
73660,0.0,0.0
73670,0.0,0.0
73680,0.0,0.0
73690,0.0,0.0
73700,0.0,0.0
73710,0.0,0.0
73720,0.0,0.0
73730,0.0,0.0
73740,0.0,0.0
73750,0.0,0.0
73760,0.0,0.0
73770,0.0,0.0
73780,0.0,0.0
73790,0.0,0.0
73800,0.0,0.0
73810,0.0,0.0
73820,0.0,0.0
73830,0.0,0.0
73840,0.0,0.0
73850,0.0,0.0
73860,0.0,0.0
73870,0.0,0.0
73880,0.0,0.0
73890,0.0,0.0
73900,0.0,0.0
73910,0.0,0.0
73920,0.0,0.0
73930,0.0,0.0
73940,0.0,0.0
73950,0.0,0.0
73960,0.0,0.0
73970,0.0,0.0
73980,0.0,0.0
73990,0.0,0.0
74000,0.0,0.0
74010,0.0,0.0
74020,0.0,0.17126
74030,0.0,0.0
74040,0.0,0.0
74050,0.0,0.0
74060,0.0,0.0
74070,0.0,0.0
74080,0.0,0.0
74090,0.0,0.0
74100,0.0,0.01846
74110,0.0,0.20594
74120,0.0,0.0
74130,0.0,0.06616
74140,0.0,0.0
74150,0.0,0.0
74160,0.0,0.0
74170,0.0,0.0
74180,0.0,0.0
74190,0.0,0.0
74200,0.0,0.0
74210,0.0,0.0
74220,0.0,0.0
74230,0.0,0.0
74240,0.0,0.0
74250,0.0,0.0
74260,0.0,0.0
74270,0.0,0.0
74280,0.0,0.0
74290,0.0,0.0
74300,0.0,0.0
74310,0.0,0.0
74320,0.0,0.0
74330,0.0,0.0
74340,0.0,0.0
74350,0.0,0.0
74360,0.0,0.0
74370,0.0,0.0
74380,0.0,0.0
74390,0.0,0.0
74400,0.0,0.0
74410,0.0,0.0
74420,0.0,0.15634
74430,0.0,0.0
74440,0.0,0.0
74450,0.0,0.0
74460,0.0,0.0
74470,0.0,0.0
74480,0.0,0.0
74490,0.0,0.0
74500,0.0,0.0
74510,0.0,0.0
74520,0.0,0.0
74530,0.0,0.0
74540,0.0,0.0
74550,0.0,0.0
74560,0.0,0.0
74570,0.0,0.0
74580,0.0,0.0
74590,0.0,0.17225
74600,0.0,0.0
74610,0.0,0.0
74620,0.0,0.0
74630,0.0,0.0
74640,0.0,0.0
74650,0.0,0.0
74660,0.0,0.0
74670,0.0,0.0
74680,0.0,0.0
74690,0.0,0.0
74700,0.0,0.0
74710,0.0,0.0
74720,0.0,0.0
74730,0.0,0.0
74740,0.0,0.0
74750,0.0,0.0
74760,0.0,0.0
74770,0.0,0.0
74780,0.0,0.0
74790,0.0,0.0
74800,0.0,0.0
74810,0.0,0.0
74820,0.0,0.0
74830,0.0,0.0
74840,0.0,0.0
74850,0.0,0.0
74860,0.0,0.0
74870,0.0,0.0
74880,0.0,0.0
74890,0.0,0.0
74900,0.0,0.0
74910,0.0,0.0
74920,0.0,0.0
74930,0.0,0.0
74940,0.0,0.28772
74950,0.0,0.0
74960,0.0,0.0
74970,0.0,0.0
74980,0.0,0.0
74990,0.0,0.0
75000,0.0,0.0
75010,0.0,0.09912
75020,0.0,0.0
75030,0.0,0.0
75040,0.0,0.0
75050,0.0,0.15419
75060,0.0,0.13849
75070,0.0,0.0
75080,0.0,0.0
75090,0.0,0.0
75100,0.0,0.0
75110,0.0,0.0
75120,0.0,0.0
75130,0.0,0.0
75140,0.0,0.0
75150,0.0,0.0
75160,0.0,0.0
75170,0.0,0.0
75180,0.0,0.0
75190,0.0,0.0
75200,0.0,0.0
75210,0.0,0.0
75220,0.0,0.0
75230,0.0,0.0
75240,0.0,0.0
75250,0.0,0.0
75260,0.0,0.0
75270,0.0,0.0
75280,0.0,0.0
75290,0.0,0.0
75300,0.0,0.0
75310,0.0,0.0
75320,0.0,0.0
75330,0.0,0.0
75340,0.0,0.0
75350,0.0,0.0
75360,0.0,0.0
75370,0.0,0.0
75380,0.0,0.0
75390,0.0,0.0
75400,0.0,0.0
75410,0.0,0.0
75420,0.0,0.0
75430,0.0,0.0
75440,0.0,0.0
75450,0.0,0.0
75460,0.0,0.0
75470,0.0,0.0
75480,0.0,0.0
75490,0.0,0.0
75500,0.0,0.0
75510,0.0,0.0
75520,0.0,0.0
75530,0.0,0.0
75540,0.0,0.0
75550,0.0,0.0
75560,0.0,0.0
75570,0.0,0.0
75580,0.0,0.0
75590,0.0,0.0
